mc_zenith_deg,mc_azimuth_deg,mc_energy_GeV,mc_ca_det1_m,mc_ca_det2_m,mc_ca_min_m,closest_det,ic_speed_m_ns,ic_ang_err_deg,cfit_ang_err_deg,cfit_iter_ang_err_deg,cfit_ang_diff_deg,cfit_speed_m_ns,n_doms,ca_bin
135.6560832035447,71.052490461371,5695.262671673522,38.33387992096229,428.2430950238033,38.33387992096229,det1,0.12776910194338462,6.195518592798545,6.791803797034772,7.26095013503706,6.403171849334466,0.17798060653730538,234,"(0, 100]"
19.554411920385878,102.98314989970342,39442.64277559521,22.45728569948007,504.7073594576014,22.45728569948007,det1,0.16992559630962817,5.8213049759896105,0.6254809790634521,2.063916478788799,5.601138070495322,0.22009241905012494,613,"(0, 100]"
152.26343204690676,261.80593984251965,195454.85073586318,408.69369501910376,63.59543721395564,63.59543721395564,det2,0.11335612211985742,23.589072747371553,13.449043826813337,13.836225260149828,10.14498860632464,0.21144852604885322,434,"(0, 100]"
131.17207902420387,141.5236036759912,2618.809287856801,34.10088354345986,513.6002207970853,34.10088354345986,det1,0.11475659018965083,1.5351494870588291,6.47273211652735,3.499174816087307,6.587028365107003,0.15892417499087555,127,"(0, 100]"
20.20951376368731,168.30350367631564,3148.2766286857322,448.0332047938661,56.154419815292094,56.154419815292094,det2,0.07931680438648708,12.511856322162306,14.264367243096407,15.909275003368556,18.016061190974842,0.17689216778390002,28,"(0, 100]"
31.217767548967675,248.2096892703428,1587.526477635009,29.685611925375248,475.8605186879448,29.685611925375248,det1,0.1969885856818441,5.883730812512802,0.7262069275023769,0.9541964292802386,5.555094624928594,0.23462032300694302,168,"(0, 100]"
40.92362603796464,61.1330380857037,1905.5939099290465,28.559999718494357,369.96706736765077,28.559999718494357,det1,0.19356831785651255,4.433041002124099,1.1937182720763024,1.8223929997417843,5.598496623829505,0.23318411253078403,253,"(0, 100]"
21.98939591991003,292.45199089753476,5946.912549009642,434.6143104561529,71.81279958407941,71.81279958407941,det2,0.0881836114218118,39.8380210812782,14.653813722219228,4.98170973879377,25.236297707515323,0.10305516905596303,82,"(0, 100]"
154.500864838793,283.7981174148878,165598.8932715846,442.96184727360037,52.813174909604776,52.813174909604776,det2,0.18965895134843402,2.4633266655723607,5.743010051644045,3.9094450547703565,3.3014900483262672,0.25607599173983153,417,"(0, 100]"
44.4081200748937,221.23082647295044,2315.7392598407278,290.24476206519023,74.45838646960537,74.45838646960537,det2,0.05483088149859379,111.77346162079505,112.149123314713,103.75452811241071,4.449578732133651,0.04989121614530187,24,"(0, 100]"
147.39055574075243,95.39958866976922,7662.75296068301,40.819100109261534,507.3551325696576,40.819100109261534,det1,0.12484132997082219,2.9027334819647854,7.134669470387938,7.967683239934642,5.354986729440877,0.17806123034306984,254,"(0, 100]"
147.63171357018348,289.4220353025404,16380.13974747931,473.1366965976082,24.82251863270006,24.82251863270006,det2,0.24244955092481207,2.151490138674396,2.239846941473581,1.865118920552297,2.1428884515279205,0.2801090014998084,155,"(0, 100]"
41.416613087218835,327.07031174086904,1773.9324341948466,478.6645147956413,39.41887079841478,39.41887079841478,det2,0.07547512363051954,12.589648532844024,2.211588669848804,1.1526546894914034,12.413634502846683,0.11369388268929137,45,"(0, 100]"
27.718713906348857,102.20335527830893,2952.069591859243,492.1488393048617,1.6052413548036777,1.6052413548036777,det2,0.19534935781245197,0.4951501493172565,0.12224694715498478,0.4884128511657258,0.46019932388303275,0.27314546989251937,119,"(0, 100]"
137.43918461335863,240.1102511667734,4222.284040981712,387.9875161128164,8.980887379393335,8.980887379393335,det2,0.24099313664764294,2.5248982096555617,0.0985577742712284,0.7151353282758061,2.471980194542976,0.2801910187527573,78,"(0, 100]"
21.10562597614199,346.27580289049945,1098.8501568295435,24.49368308546184,501.221885967905,24.49368308546184,det1,0.21494502275846092,3.242396081906102,1.3854122187563187,2.3615082474747533,4.487853256864887,0.24869742019019037,219,"(0, 100]"
43.90751589147326,70.675335027985,2002.177289029198,395.9786423601739,4.105357484754408,4.105357484754408,det2,0.2548045895878343,1.0028377871824663,0.49611373431626626,0.5700798841570238,0.5866779741944947,0.2845484138887172,127,"(0, 100]"
37.93951643408493,46.90173352279987,1614.5704126479975,26.902935095380894,374.112541082067,26.902935095380894,det1,0.21510958598298424,3.4179398675442743,1.25050694787037,1.72172890008292,4.665252211413641,0.24937728626865102,236,"(0, 100]"
45.27976391517938,166.28315923782523,1095.9652001007205,374.8026505118449,96.1589265531949,96.1589265531949,det2,0.024006212841613812,60.32767885006048,17.903811349972063,27.806461264607975,64.61101333799692,0.04441932708005203,24,"(0, 100]"
159.36520154161923,168.90349584518054,62925.76951965633,28.11253654448047,500.1210240771129,28.11253654448047,det1,0.21148059075775924,1.913194701361651,2.0977871122791636,2.176381832022778,3.8966156837674886,0.25130092293921064,635,"(0, 100]"
152.02553991424847,278.00696226425725,73715.82945977214,33.029911465408354,486.32551445842415,33.029911465408354,det1,0.2136738664003511,1.0309882512128679,3.20098532355883,3.100991687126003,3.9654760484935205,0.2506394297578204,634,"(0, 100]"
31.76894840665554,252.8508113262829,10172.918676268586,47.01748085818528,492.0112899986778,47.01748085818528,det1,0.16185805939245726,11.499663506886554,1.1863856352305235,2.6396518376237097,10.935726146277608,0.20337338989595793,325,"(0, 100]"
42.92908868243074,128.3811422732552,2373.2694825236613,481.33352748000897,28.121855325682798,28.121855325682798,det2,0.17087009564045785,9.14127515022363,1.4024989940832464,0.5944132539650341,9.475222446093161,0.2364265631145493,56,"(0, 100]"
152.71627840899586,45.83118265287953,75483.46429763985,44.69363855760216,495.8772221169111,44.69363855760216,det1,0.21659740350469386,4.233142460404136,2.307188183412564,3.436990819841164,6.53293332649967,0.2500514006642348,610,"(0, 100]"
166.62222715440444,329.69066478141946,39754.510123795335,27.97472549986969,528.6405090486123,27.97472549986969,det1,0.199826642278956,2.7039977588231503,1.9109773423184435,2.340705297620628,4.492823165388479,0.24193491572871012,657,"(0, 100]"
43.176281258524554,153.043242615647,2421.6413032466266,433.6890882936412,64.4236699515906,64.4236699515906,det2,0.07204776701467872,13.962862424679097,10.593048765820589,15.653978235018275,20.845372033200206,0.13213356219030778,27,"(0, 100]"
146.36338034074333,188.20939357069108,2440.5022823263716,447.8240352809126,5.677771297919845,5.677771297919845,det2,0.1852349002614384,3.6681883234131205,1.9344475389033817,0.407898226464569,1.7342009997512042,0.2494292511998674,101,"(0, 100]"
138.69059090998854,209.7827999720779,8495.985211233263,37.81788614068024,356.7754233573749,37.81788614068024,det1,0.13814395632331616,2.4813690254792573,7.676613214257367,11.5165408143642,5.328220468795741,0.20151471799963527,315,"(0, 100]"
12.48694180100069,25.8220988553871,1961.6162211649716,15.864676464765555,482.680184265095,15.864676464765555,det1,0.22388782576155752,3.537574505015146,3.2607932146349294,2.4893082683323344,1.3401884836832245,0.2654800733516795,319,"(0, 100]"
36.73724010629791,7.442064889753571,1363.7145058948258,443.5761503430837,11.400239553375823,11.400239553375823,det2,0.2560161863091527,1.1352060983683734,0.590014000536177,0.5926355686516498,1.5458143039409842,0.2886521162627051,89,"(0, 100]"
16.948323032225684,142.61787786231608,1022.0669025493985,465.65369257138076,43.390907631908334,43.390907631908334,det2,0.2137555120286629,5.470874759425086,4.542932757133651,4.200033180389935,5.952922520198309,0.26407113107378677,59,"(0, 100]"
45.65697035458224,62.006433494332164,2239.5519117209624,381.578955248689,11.97395415122377,11.97395415122377,det2,0.23607417216342313,1.4247159014994795,0.47722338406214526,0.45307699481882263,1.771654237448357,0.28093118264961653,119,"(0, 100]"
20.92021542852469,96.71309709035656,2930.5163901837414,12.959471592996177,493.62429306693883,12.959471592996177,det1,0.21238033787414276,0.8928807379359134,0.9969132835287882,0.9468072426940639,1.7913721604374286,0.25027136073753176,260,"(0, 100]"
40.79144036420476,193.46852022342472,11777.984977400598,42.2159254918267,460.53701326537436,42.2159254918267,det1,0.19107759964174809,4.8482088421063425,1.832964602234902,2.219032347231603,6.55967858310167,0.2300052331750088,392,"(0, 100]"
136.80841027470348,110.97052994314866,3045.7141111566457,48.7777517725855,518.9161696698719,48.7777517725855,det1,0.10457953775949866,13.533925336787403,15.981989848916985,23.398849827987252,3.9425027276521005,0.15409094906210355,178,"(0, 100]"
38.363286474395245,5.420566523417236,20810.13682644138,431.3916573411964,12.996468423460609,12.996468423460609,det2,0.21504574777712382,4.085233623972471,0.4604703818966041,0.241479438614141,3.6265631140921974,0.26489637805935334,233,"(0, 100]"
43.415687296719256,196.16782298123846,15410.10760939893,315.8631979917274,88.97593909881158,88.97593909881158,det2,0.05729961111200755,56.00972739310408,34.17700904038779,34.47490206855103,31.01832660995914,0.052522306770651464,24,"(0, 100]"
14.332909349803435,89.49888700450171,116052.20783188904,12.10936216587628,501.2907067732387,12.10936216587628,det1,0.12585536532021657,3.052940055642668,2.436057952059869,3.1604029223803716,1.5887598062177901,0.19033723271467212,1023,"(0, 100]"
149.24566558454205,293.7344586590855,374788.7608375426,463.13486412917496,40.87068282501937,40.87068282501937,det2,0.21560811194927612,2.6930639232590807,4.10865083620588,3.7437694704596156,1.4541411345018798,0.2741909844183677,355,"(0, 100]"
155.05369084505162,214.00800050214548,44324.62322901606,28.376476179681916,439.3264144856106,28.376476179681916,det1,0.16928261315649087,2.5131946485180654,4.063150771703387,4.366268675518994,3.0747684276294516,0.22085128987903418,644,"(0, 100]"
43.86862733502023,244.53659093678607,5892.11164547427,66.9244136490651,447.0537054842507,66.9244136490651,det1,0.11329542956193053,13.824629019315482,5.641031935517756,12.185146946168265,19.324459358996364,0.1678048967029552,412,"(0, 100]"
162.14261337141707,291.7165222440341,314954.750571932,32.93250198889188,511.46336985356925,32.93250198889188,det1,0.16716464467373315,1.3197036965367617,3.7662368844586562,3.0353098783904047,3.6798380234922723,0.22010658461764535,852,"(0, 100]"
149.9703525519063,231.80310091845027,771446.3067842098,405.979882166586,34.9316628083697,34.9316628083697,det2,0.21758061461004896,1.5621016111856623,3.1298897473218665,3.2494139934629827,1.6121692622060377,0.27492248656756413,673,"(0, 100]"
44.72711128853915,63.95712250062868,1297.7345268751567,383.5968528500682,9.031716982192256,9.031716982192256,det2,0.2445507386374533,0.8274175118858758,0.5892852973284373,0.376804946059748,0.7560317788539904,0.28204278138297767,92,"(0, 100]"
22.229502574284524,29.201979319524813,2023.5689187460853,477.18419873558804,5.623334275459872,5.623334275459872,det2,0.1982491336734921,3.52348276701201,1.1996291824297782,0.9481805910409351,2.44320050735673,0.255537494709721,73,"(0, 100]"
21.383714815367938,86.03424140959503,5084.411440841829,17.216626802715137,481.88289079988664,17.216626802715137,det1,0.18967100982066507,1.8978046698938262,1.4618783777285005,1.1512346479492546,2.804276044517101,0.23381409745702791,297,"(0, 100]"
23.485431489456694,164.02437253690914,1953.4892238924315,429.5527108180721,70.71796046296257,70.71796046296257,det2,0.14106203887152666,8.306060073015594,12.81086982449649,15.06419863637966,14.334325859567244,0.21147228800348156,22,"(0, 100]"
49.00562034454973,19.871295237656888,13137.776804373965,352.25430899446866,18.898033272337866,18.898033272337866,det2,0.18829495276365277,3.054586683939638,0.5397482062532949,0.6080285580820906,3.5160843824516554,0.24619939167404947,286,"(0, 100]"
132.67907113599153,109.56992962066947,24219.781060698402,65.82955800670989,520.6703177247811,65.82955800670989,det1,0.07694505955608587,12.257028030378036,19.005311103553904,22.489282538669514,6.7834219396535715,0.1392681488311402,422,"(0, 100]"
49.286528640920494,219.29183883566458,4629.172837490256,38.618201293037686,371.13764063297344,38.618201293037686,det1,0.09506272175864765,24.61408899135628,2.325211524837688,4.032974455593866,22.781573280018637,0.15469320213493015,251,"(0, 100]"
160.69437032134263,11.077052615659227,153910.5369461135,41.00498612118343,526.1656228289087,41.00498612118343,det1,0.18424576517606042,4.580080962819964,2.2068727547229625,2.6204502360470356,6.4067184390673955,0.22558346493180292,644,"(0, 100]"
145.87571370645097,328.5257649385249,295771.1535201755,391.9251943345916,113.10870697990985,113.10870697990985,det2,0.11560528566420247,18.390298389253676,22.88632803030257,22.096946776784804,6.854048631028265,0.17319865711933427,201,"(100, 200]"
23.922758976801017,132.29662743083696,1740.5113543333155,8.801470140281044,512.5157469833435,8.801470140281044,det1,0.2487591300994467,3.9133001323018886,0.4001583229639853,0.619265689739066,4.281901665176154,0.29643993272555885,36,"(0, 100]"
40.53350548009676,88.56514088764071,1329.065656352712,25.753021253684864,437.0055216251547,25.753021253684864,det1,0.16697918036256415,4.685839141819149,1.6912685034166222,1.8015872972758435,4.836469491925338,0.209968256941174,201,"(0, 100]"
37.58661304303702,231.79389586961133,5676.642318238394,54.6525022974497,458.8878879309,54.6525022974497,det1,0.19127461735414777,7.512108030801216,2.086278051701279,3.637070573530659,9.347089419445721,0.22374555615479857,297,"(0, 100]"
47.784183633429585,242.87092953690697,1021.5828462712492,41.455244502039726,400.25913548237514,41.455244502039726,det1,0.12298194201216803,24.696918236506143,7.725152189979106,3.4603083224349818,17.269956736339807,0.158142096209043,116,"(0, 100]"
22.771418928019745,321.7069644595302,2442.3165871048063,497.3295670028712,9.927888665987794,9.927888665987794,det2,0.10757003575680696,18.15075134895976,2.6400515463016405,2.9702607218676973,15.867935308451187,0.217473369417482,36,"(0, 100]"
14.999802310615657,126.40738565599418,2016.217285605686,500.8540225009251,9.34528351155715,9.34528351155715,det2,0.20186205835295606,3.550485544151067,0.7210861932531423,0.6136302797775145,2.9024917948053477,0.2526716973367726,79,"(0, 100]"
168.02983520289624,314.5010898454458,4624.3394160296675,483.963854903748,23.675929347451277,23.675929347451277,det2,0.2491998881739369,2.2287886106900703,2.863647320962121,2.469896358015765,1.2517960045621896,0.2821243433705765,79,"(0, 100]"
138.82089836914685,51.293979358397166,161474.3411092326,57.06312964715489,440.32808176898277,57.06312964715489,det1,0.1536840154313542,4.782266113117479,4.9138515565384315,5.219346854757289,9.184107450522959,0.19363598609599067,530,"(0, 100]"
30.884909039050147,330.0801726941586,1162.2888085857528,25.80765349264474,505.4362283318174,25.80765349264474,det1,0.2154850368307539,2.8642706672977645,1.454069576876214,1.3129023570245493,4.277738153448447,0.24809196547303228,159,"(0, 100]"
35.3443020069501,297.8984031885164,1580.1390385228176,461.4068928663969,49.37079491597769,49.37079491597769,det2,0.05622760391060111,42.04462878993044,6.777399594128221,5.450222884724177,35.66708508378818,0.09503704290344707,31,"(0, 100]"
38.12494101714857,161.58885361752255,3175.1838009146813,41.13211398401746,512.1313427530933,41.13211398401746,det1,0.19549767118059827,6.308127720129855,1.9573089890093454,1.918228349901711,7.255326575638092,0.22638515288553832,203,"(0, 100]"
156.86555179981247,12.756524338801098,8387.677295043191,405.9073849111617,73.36407474679186,73.36407474679186,det2,0.0827025054002738,47.16722497692435,37.67801000078999,40.1426744471621,12.38231191920725,0.14778424313722743,39,"(0, 100]"
164.71588650793825,41.176706595091076,277253.012256431,387.92190487192244,102.22906035623456,102.22906035623456,det2,0.09118116620978783,39.26124850944645,34.68692733124615,32.737918483211025,5.884247089840104,0.15008613961060946,123,"(100, 200]"
17.964632956596116,33.72552160788747,23765.02982476234,477.36299451060034,7.4325858775163125,7.4325858775163125,det2,0.20350333963307185,3.440898449933452,0.7678845734946934,0.7291552561791478,2.834244495380993,0.26198993731060344,191,"(0, 100]"
132.15891748730678,271.2180073821074,151516.29983760236,56.39014575195341,417.1451229400632,56.39014575195341,det1,0.13224156690698657,4.656270795173414,8.269990135958851,7.334400002314143,6.5512958647921975,0.1811050616669412,695,"(0, 100]"
151.3605938807509,8.1474391847242,19485.97119113653,43.926467526171464,508.78314168763256,43.926467526171464,det1,0.21443398540997424,1.4251115086178514,3.198244328668245,2.9760968395120417,4.497092872684943,0.24661447789570984,435,"(0, 100]"
150.31387137698283,35.85363894814039,157390.62720389254,317.6166810317593,125.44944470333654,125.44944470333654,det2,0.06010762700645168,55.31961030231957,53.63643544684282,62.82015439229479,6.681816031554965,0.09952946319862924,106,"(100, 200]"
139.02714335432628,61.6433087910933,4725.341530023292,38.000869993041476,433.28665253472957,38.000869993041476,det1,0.19020495055168848,0.664121175934174,4.113583773673011,2.976907275592026,4.741560241361794,0.22476015335947533,188,"(0, 100]"
19.498714117173886,277.39257872766325,9753.06990493974,452.3409299933168,49.580754484985384,49.580754484985384,det2,0.15307826640182673,10.23471529639486,10.61808058451716,10.25120368609584,11.24568860372207,0.2178398136954318,34,"(0, 100]"
154.6672070889036,82.68685512385605,5644.378758286134,40.85357630616645,511.76854364540856,40.85357630616645,det1,0.2021971858479719,1.98267867123544,4.092401302637393,4.620909571684652,4.91878554315209,0.23704860033743366,322,"(0, 100]"
138.78794024362432,352.5730430848346,555341.2677410137,64.75236857081907,510.0490072241636,64.75236857081907,det1,0.15199574865640425,3.7894619152372684,5.380898956563125,7.1937215000483175,9.087928255419753,0.20188644594113828,931,"(0, 100]"
21.289590559854243,162.43007760138275,69661.71827655981,28.93534097571324,521.832519151982,28.93534097571324,det1,0.1974317951604249,3.4716823599086397,1.6181137181539809,1.4567001730336517,5.052108231370338,0.25190719662891603,556,"(0, 100]"
24.517044640351678,223.89180420064054,6652.6139294453915,39.817950021874395,501.6203108488638,39.817950021874395,det1,0.20143936640586976,4.884351205086175,1.53534775307243,3.1716331942935283,6.337893758772203,0.23674887207437856,336,"(0, 100]"
169.5078925644559,343.55446626302876,55511.81925352944,33.376056259958254,536.9409422595364,33.376056259958254,det1,0.1748185570960681,0.5766027763869758,3.964223157186224,4.3044170994203625,3.9453685846592235,0.22929685260223745,714,"(0, 100]"
18.748238582739354,219.8118279585998,12124.6589956992,29.602354106662396,509.95776102672255,29.602354106662396,det1,0.2319054647171946,4.649168180202518,0.873202413150309,1.5364614012221494,5.520638078927166,0.2660933736670467,411,"(0, 100]"
158.64366248543845,121.28276867793777,328700.2975590465,43.71210612663844,529.3720884570911,43.71210612663844,det1,0.17502876646438273,3.0057743616126387,3.35580199436529,2.318209624880667,6.1752892531607,0.22650900395608764,1022,"(0, 100]"
23.372610555738508,54.045005601166935,527878.7951791553,20.35299494794071,447.12427717910015,20.35299494794071,det1,0.1582371715923788,2.0191088322878885,1.403224360500894,2.4407628503093703,2.9375779448899104,0.2153502141376994,1079,"(0, 100]"
48.84001987182122,266.69810089481297,9628.00892528108,359.4173638229938,83.05139499209629,83.05139499209629,det2,0.09468639718070923,38.22341012628832,28.756732188122033,45.95400647530645,10.412624637969492,0.09058307616515482,18,"(0, 100]"
42.071830911484085,147.8297617671187,4464.109795507238,33.15124993436778,515.3486393830644,33.15124993436778,det1,0.16092492224005767,6.702815142484095,1.2557021524413587,1.565254843510701,6.734528161807574,0.20524269853540678,192,"(0, 100]"
160.45788717490447,125.78718345230627,160667.20676247455,438.73221102160977,76.21554626126097,76.21554626126097,det2,0.15965661314203378,13.372871065453383,14.985204499129662,14.32114830497886,3.02664983382453,0.22755724230679428,146,"(0, 100]"
12.888182793108763,97.95902367757702,5004.0755640396765,12.523286072979559,504.41907672853375,12.523286072979559,det1,0.20062699042502707,1.8456050067958683,1.983119996264004,1.4108625002388862,1.443559467913598,0.24778258918482757,355,"(0, 100]"
168.39394801811736,252.64155985885992,224864.48813423744,466.3612260214016,33.367933321112844,33.367933321112844,det2,0.21076528539351075,1.458866606206222,3.5428315521194853,2.076847518017812,2.150958228016751,0.2670490896850674,250,"(0, 100]"
20.19247486684621,46.80426404750355,2016.236588735446,14.13089640924063,464.1718908206643,14.13089640924063,det1,0.21963269253463477,1.6783498981002842,1.1049306375896448,1.6958687936520491,2.423948952979542,0.255840022433871,276,"(0, 100]"
10.791808604052742,40.155698151745064,3438.7279680640895,5.939050586409556,494.31415667777236,5.939050586409556,det1,0.19021944250851222,6.4845911573744415,2.8421408755052733,2.0713023367285435,3.8658086179892757,0.2430655212929591,464,"(0, 100]"
48.30597793679332,138.29245609205424,2602.0840572333836,463.7334180220594,54.34325693472667,54.34325693472667,det2,0.11325890832361708,20.797649769673967,7.2875090358643755,7.189497577163185,17.911954409320188,0.16635728329414032,48,"(0, 100]"
138.63676206634366,49.10700315879968,6827.199124678746,29.80210747332822,412.0974120698185,29.80210747332822,det1,0.17447515781443954,5.267498532905095,1.057302076558603,1.9057035042529444,5.696576507246388,0.2128863177569513,200,"(0, 100]"
144.03067379018765,158.61398749038665,62965.662668214434,38.488048149319575,498.02623154568164,38.488048149319575,det1,0.1540932199657241,1.070721335098198,5.656206164781915,6.854941573847532,5.236949583660506,0.20973480110509135,434,"(0, 100]"
33.83862437036932,350.70074261374253,2031.8776642212556,27.5767655791655,469.07728871164954,27.5767655791655,det1,0.16326144923484642,6.64758737553066,0.09720134057628683,2.085811358813958,6.584214485423425,0.20247662115490214,210,"(0, 100]"
38.87697816874971,289.69365735389925,1154.6817640809497,38.25284871253482,505.85077804118555,38.25284871253482,det1,0.11762878784902017,15.580965587439197,3.3848682707616145,4.965933340865465,13.809518023328982,0.16328675409090374,130,"(0, 100]"
24.61483530326948,328.2519227708053,2566.580693117426,489.37219382888196,16.95672661117878,16.95672661117878,det2,0.18391550068589663,6.156038126605938,2.6076699944562276,2.050885212827864,5.821730973810104,0.25040595329722837,42,"(0, 100]"
26.46775006363966,294.13472807420567,1277.8097697271107,25.861262010740184,513.0937873470067,25.861262010740184,det1,0.24711573078933627,4.506724275744377,0.6710185884871352,0.5898232330156786,5.177274199062951,0.27749583025575625,91,"(0, 100]"
31.034692996393186,261.213432553516,1718.1588688478453,391.34529739393815,72.69263416837273,72.69263416837273,det2,0.07889704588902743,65.508216907827,21.167614909630586,21.422754654042933,54.43683589615382,0.10037667759459674,19,"(0, 100]"
141.91991275558516,53.26145359243562,18326.84056583715,37.0409990709487,439.07429315023023,37.0409990709487,det1,0.09985015246028812,5.990233854365403,3.068796068216054,6.693251594832654,8.998204787658159,0.16106322274326038,445,"(0, 100]"
35.573706621989835,4.586128058432974,2669.4177220171587,26.074567348179116,441.0641072817954,26.074567348179116,det1,0.17883245615706,2.4337094859961206,2.0716368872749857,1.913826655071175,4.2767263384506515,0.2228795196183781,218,"(0, 100]"
133.15771210819233,1.3078530659157022,351246.12917101907,289.4133040641685,149.5208646002642,149.5208646002642,det2,0.0672787339472215,60.14170974851545,61.11236690513882,70.72097396145118,8.68168380273516,0.08868763024839753,152,"(100, 200]"
157.42197233023194,121.45765044422477,158300.26542599942,440.5783721147263,75.36344058520986,75.36344058520986,det2,0.07050120023724088,90.02942239016926,53.56109129610259,63.96412312040087,36.70133587616549,0.11783452658130424,76,"(0, 100]"
47.117634117082254,123.11755597420675,1130.890214611895,29.02216662554167,508.4115144991749,29.02216662554167,det1,0.17986356645777704,3.999267631962097,1.2236095396170141,1.2775408673788868,4.74066349547475,0.21552815941848852,159,"(0, 100]"
49.41268625759716,117.78243282744715,3875.21609120889,491.59540318201243,5.201028926025117,5.201028926025117,det2,0.07699438427177474,14.244958605541921,2.9558300782142224,1.0664015296154294,11.291718231170867,0.16912374263735297,62,"(0, 100]"
163.8554840375746,36.30254686022908,3083.5166141216846,407.7363910601952,80.26586357083036,80.26586357083036,det2,0.07290527817789706,50.846250884413095,37.916821690616395,30.798802583417295,12.979794052009929,0.13159643680912628,42,"(0, 100]"
11.662832763961081,178.36721013010938,1573.6989376435574,459.3260714194057,43.124761863675516,43.124761863675516,det2,0.07050170090588123,79.22945664741617,16.038354560327534,11.493780682054876,68.32569757827802,0.13787888430185938,28,"(0, 100]"
142.4933980333563,73.94629157424457,1753.2588495955006,33.95881056775803,458.4941943712209,33.95881056775803,det1,0.19608745743631398,2.426343151819707,5.2793077477872625,4.421005115683428,2.871104896703977,0.23371773857027084,139,"(0, 100]"
136.43721076473147,176.51579915745813,16744.71314913182,428.53953991258857,26.423748921856397,26.423748921856397,det2,0.21374892783037847,4.407709226505951,3.9948456862094535,2.7059164107746123,0.42480533302098594,0.26237573688916693,154,"(0, 100]"
151.22692263238397,234.24227057276644,5433.955897115707,449.03315014860084,3.180548391527944,3.180548391527944,det2,0.2631544151828983,2.053529650188436,0.6070945790610415,0.49106578796735784,1.506785245577089,0.2858472409071202,78,"(0, 100]"
48.21403644102885,263.82682257973426,10660.585133645462,47.623293089891995,455.1948145799857,47.623293089891995,det1,0.11786729558285579,20.890039921289734,7.23125172430159,0.7702830801286088,13.680127254746205,0.1412901114321576,174,"(0, 100]"
26.542193079408143,357.58439130624,1959.6597950720065,23.551723136632447,474.8438723918005,23.551723136632447,det1,0.2249464075137349,3.1395180139842602,0.8749219868170761,1.2139606327302328,4.012845983526426,0.2568267957057456,223,"(0, 100]"
16.256464609498337,49.531932172245234,1321.7439066822653,9.217520596399616,478.38438490964836,9.217520596399616,det1,0.2269564094554015,0.9698179948095581,0.6466492100010212,0.7708741318655746,1.616092218506598,0.261636200683995,238,"(0, 100]"
139.48387923841884,200.91905341972102,47952.695147157196,400.02750359795846,9.629072983202672,9.629072983202672,det2,0.2493596211296217,1.4771740784393148,1.0889863633786565,0.5848507970578745,0.48176431721232205,0.2842083443628744,288,"(0, 100]"
36.46174066810694,124.01239438338713,2169.140499732215,494.6958226432888,13.597418434947512,13.597418434947512,det2,0.2064167093631119,4.38959888931659,0.5431314486683771,1.3718119826594086,4.224604023595083,0.25835006260635884,54,"(0, 100]"
15.919379324753223,1.72493384525926,4307.726061945368,19.424018927348875,495.52916651213746,19.424018927348875,det1,0.14749019102558622,1.378289583571527,3.347297085566627,3.375414184487146,1.9708326293499507,0.2169468667747359,509,"(0, 100]"
135.98902804665113,302.61268641294873,22309.80437435122,65.68258582796463,517.9587123660863,65.68258582796463,det1,0.11546037759900525,5.105475949170327,12.382471482418012,25.59103446444223,10.326091498537933,0.1589250793843093,531,"(0, 100]"
45.80081136415718,323.4789024125546,2131.6490689209486,476.96595923249754,55.87462594537236,55.87462594537236,det2,0.07396765260820767,56.30054302173165,3.9659604740458922,5.315086233804726,58.909400703960166,0.14449320069918528,41,"(0, 100]"
162.89973670252132,301.9880288194578,33367.90661934484,461.58333455402425,45.91435116436797,45.91435116436797,det2,0.20006552881191172,4.494861047253771,7.3894837161160885,4.982509920478565,4.220918577895629,0.25063119442879317,134,"(0, 100]"
12.901581659838897,341.35463817247376,1025.4289024385012,15.872956783323108,509.74369357682514,15.872956783323108,det1,0.18165001473026485,3.8910295346348143,0.3900014475251496,1.5483234339833372,3.912192507268818,0.22739574041619548,264,"(0, 100]"
49.70742174827937,280.08795837629293,2486.8119040846245,47.74994505108457,487.4820307392949,47.74994505108457,det1,0.14988485183979544,16.727775601659417,5.224568265617491,2.4437469254003767,12.118736643868516,0.1739074936675676,156,"(0, 100]"
130.7277620982986,43.32877547689585,34283.021596850245,53.60798189355399,384.8955299759456,53.60798189355399,det1,0.14062960156539334,1.7485763348650032,7.73662560733388,8.807710931398375,7.6700986553896815,0.18754327668237003,387,"(0, 100]"
13.866885121437853,79.45054081860657,4178.350913510849,469.1949545249714,30.148037777004493,30.148037777004493,det2,0.15996263083842874,6.752038505210693,0.7219636338567866,1.6851984490950316,6.345499832053336,0.21387258635453063,104,"(0, 100]"
135.32794246952292,221.0774656261094,134282.89108463598,52.21019395331364,310.36120060253967,52.21019395331364,det1,0.15224426773980393,0.9478130395854454,7.085810614720848,8.897240497430602,6.423313070955507,0.2085862818119363,733,"(0, 100]"
158.47087018048381,84.15125907764983,867585.5813242613,49.35065057317235,528.0112197113485,49.35065057317235,det1,0.17481623820877956,1.9973830645362032,4.091541136789279,4.498642389680101,5.742495755533181,0.2293703665467687,1105,"(0, 100]"
165.0452090054312,194.74090570285912,2432.044097557918,479.26072353325486,16.88019287170315,16.88019287170315,det2,0.20407173056212177,4.808841781253083,2.910167140482934,1.6373472396866788,1.902685169261451,0.2650263774245218,94,"(0, 100]"
138.2527139776011,210.53493803225953,4428.9829537392425,26.73607280483907,362.1682999688522,26.73607280483907,det1,0.19878853256353812,1.703053046792897,3.32131939921132,3.455009222140053,4.0406219671031725,0.23861001934486373,206,"(0, 100]"
133.01193331120444,116.12991262227538,161524.77618707024,72.2976355379266,531.6270932349214,72.2976355379266,det1,0.10750211443755199,4.618054063090391,13.684121762365395,15.820058527947884,9.165377502157765,0.15543034089350852,636,"(0, 100]"
48.05206110744595,219.3416248012409,1593.1929593612263,38.68438478071815,378.9333790876539,38.68438478071815,det1,0.12898681392755398,22.886269282804534,8.762894260531173,1.2233332821863705,14.162301553917565,0.15457031140172361,147,"(0, 100]"
139.05117268993493,131.56435730003864,71290.68460179609,428.9378568158149,104.34314099595274,104.34314099595274,det2,0.07503136772028753,36.86787119507904,36.4045830955568,42.53997047029775,5.33912242525328,0.12796281464621728,119,"(100, 200]"
168.04145160706884,264.4326541588675,159766.73809149483,434.85856655774313,66.37016271909033,66.37016271909033,det2,0.1730631314435868,5.515482260099432,8.68476485091857,7.203864399774388,3.320047787837909,0.24652810831356678,385,"(0, 100]"
169.81999500241366,5.266563161885908,270708.0799162715,30.77665792787385,531.8191061985865,30.77665792787385,det1,0.19200015221255798,2.334039488830327,2.341667793187532,3.143519694891764,4.134346790982861,0.23993874259690048,832,"(0, 100]"
42.496252722420344,210.5321728448747,8746.687544888728,39.343147096481815,421.91272750462315,39.343147096481815,det1,0.19528601916433638,8.998667249888452,0.788567671200911,0.3432925764363464,8.446740115782259,0.22905874424074416,215,"(0, 100]"
17.70273576094872,179.5476132240354,3532.5891228247665,441.65125162349415,54.346303430784836,54.346303430784836,det2,0.10923998636716174,40.531276494738364,15.579065448071534,17.92815156094451,33.01546165449573,0.164985040689859,24,"(0, 100]"
44.52714887881494,26.953894664292058,1687.8605953671856,367.34866222082013,8.971714670012737,8.971714670012737,det2,0.26098105271865274,2.6837885970801985,0.24408342682623702,0.2083588163446139,2.4493037239586304,0.28719118665182514,82,"(0, 100]"
146.1914863834651,321.25287345184586,63609.80152317839,44.15497908434278,529.8944635716185,44.15497908434278,det1,0.1743827268120719,3.1974939906213007,3.2165938200109436,4.91441926062129,6.348229832174585,0.22224647076613926,766,"(0, 100]"
164.62532346747756,311.53624675168805,9720.002676674025,20.086195960999326,522.4662196760041,20.086195960999326,det1,0.2034350169729727,1.230794322798972,1.616067828442259,1.7118029362161635,2.331442797913283,0.24255203454625313,334,"(0, 100]"
49.29324876000349,343.18076994005884,1252.7828357201963,31.731340199330287,466.3271281969839,31.731340199330287,det1,0.16873995060736094,13.925457876684298,1.6447408901845038,1.552744460679237,12.563687869989874,0.21611707622569504,140,"(0, 100]"
158.618364995527,142.91884755827826,14568.89280226705,470.3992902067257,45.76080954964588,45.76080954964588,det2,0.1483743273334388,13.244914571393517,9.724423572490787,7.8858721772106275,3.6873890859746856,0.22313402268427032,108,"(0, 100]"
13.637407423082058,10.63513990262604,1481.519644958191,7.900292095859497,497.1295543720802,7.900292095859497,det1,0.2208126034935661,2.1846998834447526,0.5246278357209787,0.4956168173673397,2.1079773338731207,0.25688047421290217,257,"(0, 100]"
143.8624316396202,287.7779849453372,23066.36588556244,463.2069527663081,27.46178779929388,27.46178779929388,det2,0.21012087651718986,3.7519841846801136,3.8592294144694326,2.0406682129147717,0.632037224181071,0.26662913918904696,181,"(0, 100]"
43.78233743666309,134.75317150469067,1475.295849724498,466.5348654999396,42.00820956950521,42.00820956950521,det2,0.11542160099496382,27.310829533715985,0.8158470478881593,4.253390153083671,27.369516003816127,0.19937058818187975,38,"(0, 100]"
18.32102299434503,102.17667937525688,2277.530299541088,16.68579858520679,505.7859805013028,16.68579858520679,det1,0.1965415142341113,1.9779656573744608,1.9282033795557207,2.19729177550848,2.8106199405561303,0.2499985716661119,318,"(0, 100]"
10.211930042599,62.85509171244864,1907.5998729885248,493.58621726361224,19.68602342836831,19.68602342836831,det2,0.22377420495042724,2.308425581451969,1.658341803959982,1.2900689738819155,2.775803617392396,0.27388648433743734,75,"(0, 100]"
138.49640655082644,246.66456418328434,407582.82664310053,42.38396817550386,369.1022382306135,42.38396817550386,det1,0.1381405319028515,3.395633896249706,3.750022077324513,3.45004626178658,6.71961454583585,0.19790066235996406,903,"(0, 100]"
168.56628994327346,165.51882803851925,5393.739547847758,488.8857972599687,15.878782975356561,15.878782975356561,det2,0.23172342295907414,1.8274578698578499,1.948484419674907,1.1476000457121738,0.30442090395187504,0.2793634522608944,122,"(0, 100]"
47.57886196693854,71.34830121956882,1623.6925939868809,374.7208675168603,12.707796289007241,12.707796289007241,det2,0.24299369785526995,3.4821830636116062,0.7290006854808767,0.6132215864592576,3.0160449836267516,0.27772823284749976,104,"(0, 100]"
34.2349689128761,329.9794679048932,1432.191799142458,31.803489116851523,500.2529890033817,31.803489116851523,det1,0.19188627221587748,5.490661251191232,1.0506943404167048,1.8431756532629942,6.1902085055142795,0.22702718080400625,166,"(0, 100]"
15.489417450364877,180.44390250428694,1126.0732471311144,22.43383160283775,516.5140910903684,22.43383160283775,det1,0.20961208703812842,2.1678742824317228,1.3100227501650068,1.334445064258341,3.4638906784237067,0.24844739375860378,221,"(0, 100]"
156.67623355957448,335.2777272527219,9078.37307414325,33.76734955920848,529.2986920846387,33.76734955920848,det1,0.1902704239260345,2.188701429596749,4.795616978534285,4.306803525252933,3.0158745277351353,0.23417324881478027,328,"(0, 100]"
159.58605826339002,296.0965587483828,231640.67663439317,468.225973636185,36.49273780931225,36.49273780931225,det2,0.24434361192946505,3.7502196725862724,2.9774425546829693,1.5998213116830915,4.664264975066501,0.27987619369972233,305,"(0, 100]"
22.669665693647463,262.1710351668314,1920.7998043832652,439.8763926417527,46.04550258121141,46.04550258121141,det2,0.09144560790140151,76.98708602248169,56.76126989532315,64.6747159425846,23.160065900832247,0.08617243064562335,14,"(0, 100]"
48.05722840612166,345.8770578862438,14175.194942552367,441.6738449970474,42.55165102428136,42.55165102428136,det2,0.1388882664475968,12.911889719144815,1.4794085909719477,1.4368445130672087,14.207963871884985,0.20886533716298752,112,"(0, 100]"
40.334443650436555,24.916338155043643,2628.322161158537,18.701848560320713,385.600307940509,18.701848560320713,det1,0.19920355946756152,2.6137446057654117,1.452794662241448,1.579379087670091,3.219731541544968,0.23612820634384646,199,"(0, 100]"
169.8103442835251,127.21300536325204,249885.6588766443,29.544131384676298,524.6084958599663,29.544131384676298,det1,0.186653850825041,1.8780305140948759,2.1799373871262357,2.8848022237128106,3.9622329117600126,0.2387823862675419,948,"(0, 100]"
31.821702788053685,37.23280355999572,12176.54340031767,24.699173435515924,408.9472178781576,24.699173435515924,det1,0.2372809460467757,2.7882824475212256,0.9354380416626643,1.1397519917848986,3.7236559365807014,0.265798415959303,368,"(0, 100]"
161.34577219098395,329.0493937641251,25289.2340290951,441.6526950117942,64.21453297943269,64.21453297943269,det2,0.1914495625570086,8.635156020323949,10.390448156512129,8.539679668638597,2.8118992687529114,0.24685471330005138,85,"(0, 100]"
20.99266716596524,74.91284484609163,1198.0671867085416,17.67039080902887,473.02707136338597,17.67039080902887,det1,0.19474986663738805,2.4857303869630583,1.7535783766137594,1.9643488194861163,3.865304983071401,0.2440437535865602,366,"(0, 100]"
134.39922171529219,33.77899729024115,1856.148353782816,32.45329761934853,392.85231450156266,32.45329761934853,det1,0.18400292859972225,0.8827165888289573,4.802662328090171,2.591893564098475,4.095627933511484,0.2195610419380439,131,"(0, 100]"
22.27618292281194,242.25981711914812,1167.644490999003,33.4317637353711,506.3230412999714,33.4317637353711,det1,0.2337395724273005,3.481980880726551,2.0912560375427525,2.352978153021731,4.7756086593181175,0.25942076981783924,181,"(0, 100]"
169.83969581066643,185.9687286831205,927038.7836934418,451.56401518932705,52.82690321898899,52.82690321898899,det2,0.18647981163208657,3.5088569973302004,5.546463174537403,2.8470253252238993,3.5385350124936505,0.26009397797587847,484,"(0, 100]"
164.92360097925948,143.02879191147372,21804.96211956303,462.61420481379946,47.44827007907483,47.44827007907483,det2,0.2043183486257242,8.1697435126088,6.917016382847063,5.85112048833328,2.3892155801198793,0.2624253221165532,160,"(0, 100]"
145.12831880556973,278.34738894031545,13957.307683076087,30.22247028713786,475.0001461275251,30.22247028713786,det1,0.17192483787612187,1.631790006205527,3.449189834259225,3.6146362498452924,3.802819691989273,0.2273169494937142,420,"(0, 100]"
38.20979227188947,58.903576797726664,2462.89064932378,403.2767612312612,3.7393452739386155,3.7393452739386155,det2,0.20457598997571397,1.535315250038642,0.7421173908825129,0.3802726769980372,0.8649251681329602,0.2515079711201846,140,"(0, 100]"
20.969214611382622,24.097606314979213,3095.4303486365893,484.22827549306976,7.9770832252041455,7.9770832252041455,det2,0.22991253719309598,1.946650712271278,0.41072985235911663,0.8615962976291779,1.8471367093641637,0.2725601121242301,89,"(0, 100]"
153.22910448396777,5.249898678791113,858357.6932517441,43.45701551055291,516.0026797294505,43.45701551055291,det1,0.17664692234045526,6.1366429954703134,1.8407516404796425,2.066549305660299,7.289432525859366,0.22552741290930703,1109,"(0, 100]"
29.190797318160236,326.8661149298035,4883.588145283982,476.1456452573024,35.388698295176155,35.388698295176155,det2,0.12300591038030777,13.924192008813975,4.024789441724481,2.1078287347485225,14.68298717166078,0.1931747275835534,65,"(0, 100]"
34.19971039837774,65.72937535531933,8990.118846053434,432.68391000654805,4.711635528554004,4.711635528554004,det2,0.20602606672312884,2.4776617374975727,0.81982066376524,0.4710351259390671,1.7652146492852416,0.26453601381104747,154,"(0, 100]"
42.86232952712677,251.83511744381656,25373.034294047884,21.900479994163682,422.1320439247725,21.900479994163682,det1,0.14988538678239444,11.379081851721399,1.6604848662297824,1.706091777697062,10.164133140140587,0.21637500314733582,303,"(0, 100]"
161.51410369906796,349.12831974293806,447024.1402304595,379.6433472730028,119.35035394467018,119.35035394467018,det2,0.11029511237383843,22.59804059017892,26.494365126145233,27.351815792653362,6.143260444630497,0.18346289567285692,229,"(100, 200]"
154.83789219850777,6.127015265794531,326184.21109425504,361.99335285700664,117.32570085895308,117.32570085895308,det2,0.06568619684319052,45.577493073387764,44.749317130880705,51.433526948934485,5.057133772142057,0.11852894890767669,135,"(100, 200]"
138.6815947989566,25.176174710949486,84051.19774799793,61.45972949058827,455.328085879776,61.45972949058827,det1,0.15106077418188768,2.345769375642447,6.1833000388411214,6.721439520364705,8.258150875595774,0.1917152419406625,589,"(0, 100]"
15.377098427158861,107.31507689459987,10316.65077669519,20.823124591017418,509.38823218987704,20.823124591017418,det1,0.2126169378019474,1.311965817121657,1.9866455237449978,2.3047565157811314,3.2859537687171896,0.2565563039943132,514,"(0, 100]"
20.255985395693916,188.3304340495007,1256.5860339799378,442.65654866108343,57.08105299374625,57.08105299374625,det2,0.0716143230814138,84.41171982919936,39.476775848951696,24.804877407202078,46.18744567466601,0.06053106676878473,17,"(0, 100]"
141.22749865236705,139.52559185569564,3225.363904743006,38.17972272368853,521.5163901232852,38.17972272368853,det1,0.150421631588342,4.584565370842857,7.839343045433007,11.648413227272984,5.2612783280352815,0.2011327233069014,210,"(0, 100]"
25.65035484407011,29.156174549298235,1468.0264344158934,465.634206730174,8.212743022919476,8.212743022919476,det2,0.2588113037293167,1.16942508296325,0.2700583278884818,0.432755367957472,1.4338606080747855,0.2859673231462489,79,"(0, 100]"
12.584745217340167,348.3504923855747,2507.3526933751305,11.90437872549809,502.5905633856743,11.90437872549809,det1,0.2456500292824971,1.074051334280326,1.6230952270355354,1.2739305061579498,0.5501673406426274,0.27703192822471673,311,"(0, 100]"
34.23572069627526,227.19912948943914,1604.6954078297103,33.016809682790544,453.0121739223426,33.016809682790544,det1,0.2044725607000545,6.310517273443794,0.8979748081186452,0.9206339109283608,5.8612829206457215,0.235845321728358,201,"(0, 100]"
36.42088983164388,163.7634210680907,3163.3307841415963,48.2186082915397,519.5808606952215,48.2186082915397,det1,0.15249110158932502,7.012975175226603,1.3818085531320914,3.8785975094283938,8.12542121192595,0.18642989020607234,342,"(0, 100]"
19.85981747998967,137.17297869043315,1109.6631001415733,479.5300836816732,30.5297834191569,30.5297834191569,det2,0.2219095734409304,2.0695851773436016,2.9760577067401384,2.831295330627674,3.07908188809482,0.26832276571888813,47,"(0, 100]"
42.56935460515649,7.924428491944401,1252.953859937048,33.82407562320886,411.3898457983603,33.82407562320886,det1,0.1214698034692458,5.871075330068609,3.133318358656027,5.775417028128264,8.110794962298712,0.17079256106770505,200,"(0, 100]"
48.19307532042295,353.33688251746105,1349.856294325657,26.08050763718121,440.0722945476514,26.08050763718121,det1,0.09539706339500922,14.060014772758047,1.8121787981704398,3.931530176109575,13.546790926117943,0.154944807065444,131,"(0, 100]"
150.17973773485528,219.8491466506618,40745.23275304071,28.89980160519075,413.4095530434244,28.89980160519075,det1,0.20715207333569022,0.4672487029413427,2.964982877743123,3.540946659472515,2.9218365800738972,0.245087431013308,654,"(0, 100]"
19.40785789571062,135.61588701526296,1417.3926062151677,18.210378008118774,521.4846747100524,18.210378008118774,det1,0.193928405949382,3.167521077579872,2.908483534199577,1.6852466388153537,2.294598709761589,0.23467043786864547,215,"(0, 100]"
130.70533267581868,163.07968779647334,867509.8867259132,374.0562822087975,124.04218225922803,124.04218225922803,det2,0.1143195648295346,26.56893831832057,24.123833402000407,23.86551712727807,4.028497553969145,0.19582470594433105,353,"(100, 200]"
37.82133894095867,19.043371463206068,1159.6296852183975,417.7426671020496,8.291195234140892,8.291195234140892,det2,0.2430449053160541,3.1330218077029275,0.527616334230498,0.5348170730231182,2.617098270177366,0.2773649416960461,86,"(0, 100]"
25.329752836907637,15.25118482879374,6449.580696286675,18.49673617929434,454.82406884587004,18.49673617929434,det1,0.22101438558895833,2.3203045771651136,1.8731184006565567,1.9581607937382661,2.545552848923734,0.2555497314973878,344,"(0, 100]"
43.58751900070967,126.69593680612748,1338.6920621932413,498.19453200201326,32.21269335654213,32.21269335654213,det2,0.13806368753073245,11.351338705568658,0.740084910021172,0.6456020239795094,11.959619487108709,0.21795241469490695,49,"(0, 100]"
158.15868548359896,313.6509493517798,87200.2459917946,33.29448048476093,524.4001864681857,33.29448048476093,det1,0.20630437380903072,3.11943736743548,1.8860222762768115,2.953519490967005,4.933617849096913,0.24571641066650776,757,"(0, 100]"
19.105880493017274,254.45286990505144,4153.771918178803,411.3654266582327,78.88342693232633,78.88342693232633,det2,0.08739600550941651,39.234186833128476,10.12726383255923,13.689201918432698,45.86948256393915,0.13556262883963144,27,"(0, 100]"
42.820317106156494,328.8844552715891,6478.0289483134,50.20168670961551,512.8967637690483,50.20168670961551,det1,0.11115488204739209,15.46961701868599,0.6260403567507029,8.646536295185042,16.09565584683771,0.1578233763987232,294,"(0, 100]"
21.590191946560527,126.48047378479335,1324.527370377259,18.853761228163627,518.6047703507863,18.853761228163627,det1,0.20894416581717992,2.2346286077719713,1.450617328937222,1.982368583041848,2.970090025973579,0.2477521504572922,214,"(0, 100]"
12.399239567699404,139.6759782980087,1192.0269732776296,18.439322892025213,519.4143055549275,18.439322892025213,det1,0.24117437335003572,3.556283072834892,1.0567783077886543,1.5002456006921774,3.9806876246441325,0.26973561014773845,217,"(0, 100]"
150.37568337952513,10.708439825699278,11766.46710886676,31.85765187953317,490.05372775891107,31.85765187953317,det1,0.23262719011859648,4.061676387100644,0.3874713331126603,0.41990773662880176,4.396117406819642,0.2532654358264682,240,"(0, 100]"
164.7298066843173,225.23898703267298,5473.3388877373545,9.414713811381695,481.0244545812168,9.414713811381695,det1,0.18429363082209196,2.477278386376698,2.271918622283529,2.9170602836859305,0.9214254279047155,0.23515854929805197,361,"(0, 100]"
131.87177900379245,238.8876759756396,8474.674729741368,29.73449992395732,325.6184433586385,29.73449992395732,det1,0.17548297083692527,0.8795389723869731,4.242149933703851,6.1994004519778985,3.9555574512604554,0.22066094004209172,274,"(0, 100]"
37.13868034070672,38.92651628925296,11895.070144521304,33.766212792997095,372.0392310469389,33.766212792997095,det1,0.17883779308011052,5.074930200444301,1.3846910260777519,2.9281685353215825,6.249955831871318,0.22170457508583055,420,"(0, 100]"
28.724556346157268,247.40602006152292,1666.8077730567998,36.622578217314704,489.73266536670934,36.622578217314704,det1,0.20733828564837273,5.2800484971435475,0.6389241999198456,1.4333347544787844,5.9160575559894735,0.2362639484318072,228,"(0, 100]"
140.33541469073938,348.75334692502287,187599.41286222098,343.49400405348723,131.03339081747833,131.03339081747833,det2,0.07155457270842563,43.18378501738801,42.06737277867498,42.89063667564042,9.402101970563097,0.11666064589272065,150,"(100, 200]"
36.34451730473088,198.03840829089617,12460.31272263086,330.2036964674356,108.10809805875199,108.10809805875199,det2,0.05000984439695029,48.14079922367133,41.910757222640555,42.973224233109754,6.276487471700885,0.04633386430780052,71,"(100, 200]"
25.091650200471662,90.30189050814946,4846.4305133332555,485.5883971337408,4.051068331311769,4.051068331311769,det2,0.2328138082320365,1.8208408231730373,0.8814251470560451,0.30351512823215965,0.9795603885125559,0.2743140497488728,80,"(0, 100]"
133.1259019938002,294.8963380589052,3730.0063081248036,479.77904344874224,16.84536573901524,16.84536573901524,det2,0.15753487002338398,5.409774140027868,3.558176834474596,2.8563786418065984,3.07389336345235,0.23682282131212168,67,"(0, 100]"
143.60194795482883,35.89032841775653,6988.721281176019,43.80409641658207,453.2654346223887,43.80409641658207,det1,0.19568091237255825,1.064987098162291,5.29491667580948,4.061221540956297,4.454067423192146,0.23087665499017876,235,"(0, 100]"
36.29145428980177,243.80478044973813,19650.62506399771,54.0635415620465,472.02222316133447,54.0635415620465,det1,0.16972169543397764,7.187848029840175,3.3185064038533523,5.225904991942966,10.266756724763782,0.21571579148654535,387,"(0, 100]"
168.38985040240306,341.86776783216504,242119.76584436366,26.831902767731,529.22892901867,26.831902767731,det1,0.16009144357061522,3.8174674489280234,2.0269718050515966,2.178717487697291,5.166221315923883,0.21955342540786857,1017,"(0, 100]"
130.32769134009487,11.308972175007721,99649.35126042912,51.93199806227359,432.8222910851855,51.93199806227359,det1,0.13038884528143285,4.827011794674814,4.320647836742099,6.2562961103365415,9.140169751473335,0.178718000308204,516,"(0, 100]"
147.52724279748003,79.12171260775663,4097.894907129242,361.27512225970503,97.44239539583731,97.44239539583731,det2,0.05886178076005208,68.48717914160304,51.51422469181669,53.426878694159136,17.29258238778799,0.11129687368525386,51,"(0, 100]"
153.2279604828876,52.94584733159705,424957.31330945564,336.51135727211175,118.20150475015657,118.20150475015657,det2,0.05442604528332327,49.38860757210861,49.68180608329576,54.22686581436359,0.32625736112473286,0.08902142543720837,108,"(100, 200]"
32.3979956706579,225.29052659242268,1688.4719068224101,34.81189757346254,463.49419674205495,34.81189757346254,det1,0.21976015633278775,5.153623307322751,0.8948552449185924,1.688933704406923,5.4994757837565285,0.24569713789574896,165,"(0, 100]"
23.779290466277878,58.6474971156343,3001.4025544257224,467.1846381697331,2.5783418806090923,2.5783418806090923,det2,0.18675990649008978,2.0511565511805125,0.3653717186510139,0.34185895218117773,1.6858386500579627,0.2565794013637839,99,"(0, 100]"
38.65916933603083,62.905157045740005,1160.7874508296286,411.5940576302548,3.666715813186386,3.666715813186386,det2,0.2875862873129067,1.0084873964554204,0.1402874652379416,0.16667931200508188,0.9466965113624555,0.29670526897973254,89,"(0, 100]"
159.7957227589048,45.172136489017035,27557.634233836518,374.6556046399464,101.74324814685856,101.74324814685856,det2,0.08336477502923079,50.591778258650116,42.2635961872588,46.08440604850644,9.328057681982674,0.15544965943803093,100,"(100, 200]"
34.0129545934545,66.75397947396509,40245.11253758504,33.26914173077567,406.1115716227893,33.26914173077567,det1,0.21217901683377682,4.594376879050721,1.314766242940192,2.120559918275181,5.500110719411036,0.24787597521972718,627,"(0, 100]"
14.995695467099527,39.68187999596846,1665.7265991149463,486.6226615165402,7.3994986135338,7.3994986135338,det2,0.2324293272705594,1.4446513202873237,0.9179936808671277,0.6184662097047046,0.868533671860208,0.27438825065250355,76,"(0, 100]"
15.84062495411084,295.99764257625776,15384.98508256192,35.458399023425876,531.0879803090045,35.458399023425876,det1,0.17738607913745796,5.357218415586461,2.195672317737181,3.740548672546157,7.345842986083064,0.2271985199926344,475,"(0, 100]"
144.7118999954055,300.280056105152,9105.357969091894,474.0178645340934,29.24998217265571,29.24998217265571,det2,0.1998749340708101,1.3870334690604653,3.414702760607186,4.47832152717315,2.1306095461579737,0.2562177591273942,110,"(0, 100]"
13.045020020059738,123.59623887431248,11332.621479586383,493.73796361188613,13.676396351206396,13.676396351206396,det2,0.21521995055859353,6.111718529397243,1.016147102056432,0.9920853328121274,5.137129302356711,0.2646727266706806,109,"(0, 100]"
139.41331085752003,94.53243310655067,95491.80513258207,373.73929952072274,100.57495850711157,100.57495850711157,det2,0.049455076719018956,83.64658934781055,64.61750451762302,80.74417668662574,22.984902884780393,0.07604165596677964,64,"(100, 200]"
40.39094895403986,52.134909969344534,1838.2209070646368,25.494402987264582,364.424736711108,25.494402987264582,det1,0.21007442879640106,3.920953868790303,1.379426140879032,2.4138798694669417,5.2987184102264555,0.2480722851261492,263,"(0, 100]"
26.561545036157796,327.5936597610155,1346.8931374192828,483.8376683378885,25.782315796781216,25.782315796781216,det2,0.13977700330328569,13.004510763498816,1.6867859298329548,1.9666634406551775,14.648502350109391,0.23234658706640887,29,"(0, 100]"
15.577203228224958,240.37182708400113,5412.425782024997,32.56154321104011,521.9665779410733,32.56154321104011,det1,0.2020189163406838,4.395712052461121,1.7259199864686283,3.105078706502763,6.006773117982643,0.2455383112867784,275,"(0, 100]"
18.09956657276989,122.1025918443568,1505.5566449929788,20.946972356479712,515.2385606269467,20.946972356479712,det1,0.19071180896303694,2.16308304992519,1.7370505479879124,2.056327482157206,3.657719536772598,0.2370246486070682,276,"(0, 100]"
45.371833307622815,320.4225324563505,4416.211414130244,59.85035429503052,518.6872274846011,59.85035429503052,det1,0.06851271968268456,28.089024960101575,7.05542002583251,14.0992293668115,34.42512790987942,0.12590281654246466,290,"(0, 100]"
130.76715417867862,205.07062917290207,539017.8279386177,64.7002536237356,303.1690590520207,64.7002536237356,det1,0.08653177392423965,4.0773921126901085,8.497724886096426,6.92485653702867,11.016287645776151,0.15367138716007966,1190,"(0, 100]"
39.17471390916557,138.54566142228984,4760.708598098386,445.63422013583073,61.24332143763015,61.24332143763015,det2,0.10233794155859731,14.871023598844154,4.9592078158857085,7.260270658363506,19.737466936076746,0.1820616469441284,87,"(0, 100]"
29.96935403678885,67.01864962145416,2230.3145151538506,18.629566448691115,434.8815020304721,18.629566448691115,det1,0.20401853670403594,2.179317540318566,0.956519183983296,1.4398160170420768,3.133396080955757,0.24143793701082933,254,"(0, 100]"
130.0231236310325,5.925384948830762,929325.8596692842,226.573689600493,190.55762183598713,190.55762183598713,det2,0.060130296082747156,61.668132813515314,64.12339254987778,51.79138143982083,5.527421475897706,0.06923748827884382,249,"(100, 200]"
10.93343687133642,294.5974995464473,3664.553455947216,28.711122603105313,528.0720605009759,28.711122603105313,det1,0.16317664151504513,3.426009803046086,2.980814411540273,4.440785015986888,6.315024075661705,0.22680065856639686,318,"(0, 100]"
47.94323381772283,62.01519524044013,1737.1731629600931,24.976244076128598,338.1342147813914,24.976244076128598,det1,0.1630268351950403,4.912798516090581,1.0449719896172756,2.6468164773014777,5.832510588538088,0.2080746181234236,195,"(0, 100]"
16.71519698872055,115.64308317522438,4687.714113324241,494.43081110172164,12.453620945124223,12.453620945124223,det2,0.2473853560201345,4.3048829703025335,0.49367222764056085,0.4926563817565717,4.314210454820071,0.2862989497568178,116,"(0, 100]"
20.047168813317803,108.50019618338023,1473.2403638073943,493.5854183909695,9.30530949355821,9.30530949355821,det2,0.23823924994708695,3.8375209511796906,0.7282380965123012,0.558868090821716,3.2556430993616483,0.27708628932014834,78,"(0, 100]"
44.243652156857664,136.46476067722563,9271.104685039612,43.17936933789837,525.6328653199569,43.17936933789837,det1,0.18392471446627823,7.673402693633121,0.7468572219444554,1.4327309306624805,7.987620223967791,0.21716259108092878,294,"(0, 100]"
28.646399469041572,204.3066528674694,1181.1562999385924,397.3692385786624,56.63355727754823,56.63355727754823,det2,0.04466601471473751,52.35115387614693,18.55659508144298,18.98942002837795,59.513236365844215,0.08864166964950501,16,"(0, 100]"
32.54733361222947,98.86459726520268,1000.5184941183729,468.36229849273843,15.364854569372117,15.364854569372117,det2,0.20614912443979894,3.271193219455813,1.0097584858587945,0.5738481213265408,3.0535593036043047,0.2607929037846722,82,"(0, 100]"
17.07490730335252,240.4803054880336,2870.3081310981574,40.417893846155856,526.1251584111318,40.417893846155856,det1,0.1879034149976536,3.8897348998168457,3.941491095798254,5.402563827378027,6.506305751354216,0.23298327894783805,364,"(0, 100]"
17.075015601996196,14.01903585510726,7139.806030740321,23.975330802691143,483.93992945487514,23.975330802691143,det1,0.2021038153433187,4.094468135388102,1.8055937659265329,2.4392247431679492,5.153257331559081,0.2550859215365099,470,"(0, 100]"
29.832855824367428,90.09575566136391,4025.3854576858434,473.4783552974287,5.653830150719971,5.653830150719971,det2,0.2420809820047463,0.4931600725953188,0.5555296919553961,0.628782408832881,0.25273303189660173,0.27943996641445495,90,"(0, 100]"
34.0597350610315,176.5398446497737,5626.971679118933,24.65076796002987,489.40766927507536,24.65076796002987,det1,0.20500600878092987,2.972781705148675,0.520722824436921,0.4808902314831339,3.4933727110762987,0.24190695540867968,178,"(0, 100]"
32.05081971194996,321.4505436109466,2880.9002908469824,504.53398747162686,22.42463869866211,22.42463869866211,det2,0.09547392601102825,66.85480021791955,11.46247291653465,6.85644423784885,55.402514875723796,0.15953724717756365,25,"(0, 100]"
135.08564164903285,249.22824445264789,798697.974962691,56.37591420484187,349.3528659036799,56.37591420484187,det1,0.11954473006767387,2.8907219875512293,5.8466840182545905,3.302907033986844,8.73347124752859,0.17736819023384054,1108,"(0, 100]"
38.43665673447232,84.50104708100875,2902.0652115433704,448.0215040402782,12.587347025139483,12.587347025139483,det2,0.21310479885851033,6.156545757027187,1.14357920327169,0.4607210798535377,5.116040810861851,0.2677361730775257,113,"(0, 100]"
136.85812300644858,75.79179782736402,15982.145273148975,47.6958050921756,452.12893767878825,47.6958050921756,det1,0.12563038949282113,6.538444025702836,10.598907101857128,11.874002440098414,4.723810299265678,0.1722243559787146,252,"(0, 100]"
25.937661901759366,355.0291472240192,1051.9778887558784,25.376838055678032,484.64703963476245,25.376838055678032,det1,0.20576252272414525,3.9133135714007135,0.5804633946553,1.528752316067568,4.419099056727425,0.23879396055647698,213,"(0, 100]"
19.683587250685576,117.5801344768548,1718.9143022899268,495.33158750996654,10.361443623441088,10.361443623441088,det2,0.23756372900311126,3.472348032343942,0.37603494763574047,0.4479560203180837,3.131335796786481,0.27765089463883735,66,"(0, 100]"
159.1721295401957,7.890649476931212,3479.188213778852,36.914646846526885,521.2580467531942,36.914646846526885,det1,0.18914314308907287,2.3729905169270835,4.29702587519799,4.279668655483814,4.441199424027468,0.23035469249719104,234,"(0, 100]"
22.93390469961449,203.78851593098216,2291.1136782245176,35.252228823691084,506.92016299292874,35.252228823691084,det1,0.21210232422972444,6.32099221797422,0.8263925722658318,1.6131051491745223,6.810679004627447,0.2444963582527356,217,"(0, 100]"
14.219540091248733,52.66467476228124,1269.1399981982681,8.351555193486446,484.0055943642936,8.351555193486446,det1,0.1643652257291099,1.5013838074686723,0.9973431245494616,1.196951874434639,1.3794936995490084,0.21005893470443557,256,"(0, 100]"
31.201762388506395,351.39303240431786,9039.441621674252,457.515893400634,25.893581172635685,25.893581172635685,det2,0.2038909530246179,2.9248220281807207,1.555106141117173,1.5081625232867042,4.08948418308643,0.2560759061867923,153,"(0, 100]"
41.436308426531184,215.69650941557316,3113.7853343001816,43.43577487189617,425.966725766147,43.43577487189617,det1,0.13132352875622888,8.64437147634303,1.8319308716590115,6.916961298923079,10.474654632376565,0.17464467427532848,238,"(0, 100]"
42.95446803307681,228.489128972405,1731.0361106450991,45.016220818881486,416.6434124240849,45.016220818881486,det1,0.1622917158844982,10.974201854041073,0.7885517250289857,2.88141946223313,10.753797217400333,0.20033488988573014,138,"(0, 100]"
25.58059730632844,253.94050716206638,1359.6976350577088,395.4106506759871,75.6654851894602,75.6654851894602,det2,0.031154927264358825,59.85135142516181,26.780714042766288,22.30337828980905,71.75262083025704,0.07366457546489123,25,"(0, 100]"
166.00675771292842,218.66506426388779,523198.492138214,473.6706487418138,19.45712287057086,19.45712287057086,det2,0.21813454897661555,0.735465695411368,2.0270072095718055,0.6212403392615167,1.3133798834801274,0.2697780564120664,142,"(0, 100]"
45.121241431615076,126.85763445489586,2624.3253607869838,22.73266257807684,514.7369279581524,22.73266257807684,det1,0.21049422409700616,4.168767228598319,0.3384780203453702,0.9179310746380341,4.382431540212843,0.2463035264897262,170,"(0, 100]"
148.95757892455916,178.80379614689522,190210.91422270544,433.856690719706,49.302577587980224,49.302577587980224,det2,0.1741063143690002,7.9710264755405476,6.390430368286489,4.667775026338043,1.5840548061529673,0.25189653163792364,449,"(0, 100]"
37.04253324249455,161.51237953655075,1669.0692897448255,31.73182833342527,506.25487438708336,31.73182833342527,det1,0.1671264369870917,7.706368538981654,0.9912746589424029,0.46356338684221354,6.7227861718622375,0.20855315614625838,167,"(0, 100]"
163.18635225365927,172.30829180415802,167789.14529037956,28.28960239026182,499.9803816030821,28.28960239026182,det1,0.1946627505895049,2.187846654466133,2.364104735483865,2.731937581484201,4.177043067807688,0.23971454417691598,727,"(0, 100]"
11.164610858170473,317.0636500381722,1973.0808794965358,17.80409458425091,517.8192877804603,17.80409458425091,det1,0.20979767579477476,1.8648720143230393,1.8558990014310475,2.0422652866944455,2.371376404234852,0.2517670601806218,294,"(0, 100]"
44.87789557808851,295.59082550826776,2404.8170415089653,444.4127536801076,65.4292472755426,65.4292472755426,det2,0.06047278321151918,46.22149317523895,28.73647685900837,10.452580935994996,18.19316741940582,0.06119088571680739,20,"(0, 100]"
15.35421574675919,32.15921980589141,1115.0512010606055,13.648775015603608,477.2791666738666,13.648775015603608,det1,0.19020353812395072,3.192594705845915,2.772353382716125,2.891050347988595,2.9156176477322813,0.2509285519638125,254,"(0, 100]"
32.73923985250582,47.93370557209537,1689.9334107122222,422.09525173541584,11.483675755643718,11.483675755643718,det2,0.20488866359238883,2.399641373813338,0.9788452965529464,1.0349309094559165,2.0827950046480455,0.2578707732809919,104,"(0, 100]"
154.34032081877345,298.534485455197,538416.6463786332,29.73938303996054,510.1147379560313,29.73938303996054,det1,0.17380912117981942,3.547018261137346,1.2030805123334858,0.4448014277957556,4.747824798352288,0.22615877086833314,1079,"(0, 100]"
31.52728354201007,57.15122753401233,2311.4241706369926,25.56153559975724,411.8547444669373,25.56153559975724,det1,0.19173933860017303,3.5947000146643227,1.123663745951012,1.821876314233377,4.71323176290343,0.23360006369099742,306,"(0, 100]"
156.17076776949472,316.29340352150314,1918.0599924904736,39.91590369049063,529.9177189314471,39.91590369049063,det1,0.08168320930256348,11.42733464718578,14.053401055916385,16.59399208367605,5.406514133480714,0.16951491120574855,339,"(0, 100]"
21.07544791418454,320.0748161479488,1198.8920843283345,484.86629462001446,22.32606951085928,22.32606951085928,det2,0.09623893794882174,12.250981012138611,1.7979711037220256,1.245493265194153,11.383356796619875,0.16794641246376976,44,"(0, 100]"
19.778418301062903,272.6720504443337,2283.677183885784,432.9150891118647,62.12006736301434,62.12006736301434,det2,0.024837218047633784,66.48751477318936,14.577907407275024,15.408701859936594,71.8406114440956,0.07721154443556627,57,"(0, 100]"
146.10421883704637,60.82115723696868,512884.33956561045,287.470259147968,147.09277498849087,147.09277498849087,det2,0.07118867400287837,69.56246114248708,66.21263302088906,72.25424545622838,8.5192040616419,0.11401858227415906,142,"(100, 200]"
34.30061062940223,152.6041441963547,18042.19492685319,423.33072900569147,76.64477513701392,76.64477513701392,det2,0.1034185838602116,8.527621081868839,10.4415897965405,13.213849004565676,17.611130086730892,0.1666473387135254,70,"(0, 100]"
49.781075646614894,103.19389649769572,1870.1785030296883,38.34045157017815,470.08919403850973,38.34045157017815,det1,0.15854377857987623,8.6786569969215,2.3927332867928874,3.2243846036408286,8.924235774968976,0.19772389267724902,134,"(0, 100]"
35.07757649767787,23.42804782705399,8188.992524406446,422.582163279651,11.56524906818786,11.56524906818786,det2,0.2467770128283768,1.188032407119731,0.7489526324817205,0.5867857882242669,1.3970528512281084,0.2805944020856605,142,"(0, 100]"
19.00368386474686,358.7725723846614,1191.0826844934695,7.749695520223997,488.56880056867504,7.749695520223997,det1,0.21281061867100132,1.671627836633868,0.03167771836862418,0.884681914227803,1.6403907230555987,0.24752230002166556,210,"(0, 100]"
131.45680351111386,128.03116381286526,727216.650340264,74.25769153452185,532.8649925131698,74.25769153452185,det1,0.09154422781283496,5.932346275155746,10.588623659433713,13.704591531991312,14.77539175343909,0.1491442232524504,929,"(0, 100]"
14.874103013778475,314.8070171216176,2461.1048321767225,467.294022256895,46.63574712121399,46.63574712121399,det2,0.15009989610886254,16.960719908506874,1.760608240121401,0.5488588974690595,15.654180041949957,0.20973028759642076,102,"(0, 100]"
30.72945794551312,23.18136492930422,5267.370109082632,25.613312134403515,424.0104608332965,25.613312134403515,det1,0.20158440576406972,5.833649212759737,0.9228692459455796,0.8530134451269785,4.947951169309482,0.23433226847749092,285,"(0, 100]"
153.00082457335594,313.19437242499123,26843.90677940367,461.0091058390488,47.29317196530812,47.29317196530812,det2,0.1946679993180732,5.720099577258392,6.608050749603703,6.195583122668513,1.7975250809367547,0.25645075619345814,151,"(0, 100]"
18.20997766329712,121.57806894733474,1134.1477746511111,3.0144921430836784,504.03347469837513,3.0144921430836784,det1,0.11058683325625393,6.3242237735733555,0.13021278602505576,0.10934565313445654,6.31691683422799,0.2870401149796449,17,"(0, 100]"
15.026629746607437,188.62932799006396,1435.7353826161116,23.775005054357266,518.1887647897297,23.775005054357266,det1,0.22979437544275186,2.1484928129396716,1.9274824681629714,2.771049375077544,4.071354233947199,0.2604758860454667,188,"(0, 100]"
142.3949292168616,238.82101205380363,7156.535974382892,398.937700320716,14.31999112231336,14.31999112231336,det2,0.2458353484361358,2.1260952868972325,1.7064446359122412,0.8767018723940807,0.5897427799807571,0.28222491896434965,140,"(0, 100]"
41.426943885800526,230.26451550448346,2090.8632422761016,295.61880840725854,97.96877504238324,97.96877504238324,det2,0.036519403249780126,69.249552086394,66.80620400639168,43.91855720620415,4.059079782043787,0.034162670091766836,22,"(0, 100]"
11.023315075646089,209.0647008009861,5212.69442835914,27.695885221577687,526.4701375521726,27.695885221577687,det1,0.17756253514662645,6.196699389793634,1.2300583014884938,2.35694045124216,5.739214541283255,0.21729752723494178,260,"(0, 100]"
144.63062264133086,334.44940368866855,305940.05960639805,372.7137406319507,130.16094605773017,130.16094605773017,det2,0.08813147721371115,39.63983669222879,39.098973988505996,45.18655525479922,13.600504899025298,0.14142194535006083,199,"(100, 200]"
28.61596994842898,177.67547884326513,1037.1969820080596,33.20718561614699,503.6558047990039,33.20718561614699,det1,0.21438906549749073,7.190580927985276,0.07561608453768577,1.7620055926311684,7.194910851904547,0.24506011055023136,187,"(0, 100]"
16.61169342692256,236.07276155084858,1063.5633453587243,444.973596019256,51.61516755341767,51.61516755341767,det2,0.12682642082482332,48.96705260156982,13.26741026639227,14.393963587013694,51.958424803895625,0.2017206415422169,15,"(0, 100]"
147.30207545802705,323.00398853021665,460234.77602986566,399.0604288125894,117.27497573251506,117.27497573251506,det2,0.15764308698618912,10.443484862577089,15.920435122227213,16.829761606670044,5.477628984537104,0.22339226540585894,274,"(100, 200]"
11.249907145536051,291.8355066291898,1067.2974292390509,477.247357978236,30.393343109519435,30.393343109519435,det2,0.1954531584945162,1.3057334052701397,3.1803185547385064,3.3295425413643596,2.984879835798255,0.24681184077327784,52,"(0, 100]"
11.425072204340799,213.94297925568253,1400.092064949423,453.19453455509426,51.229396349554776,51.229396349554776,det2,0.06809360719177217,15.778718084923792,9.214520895128414,10.973758010314802,24.815739845838035,0.15486967565677148,29,"(0, 100]"
136.79923283363885,171.32311453244273,67822.77850470517,427.53316198034406,43.34697573897625,43.34697573897625,det2,0.17086467570836786,9.640381727659904,7.731596648791324,6.541968264120458,3.031615201127163,0.24066455466425288,199,"(0, 100]"
164.92258972836322,106.48388346010923,593648.5414502706,389.96578202088494,119.71521400591746,119.71521400591746,det2,0.1546442178056564,15.264035618069087,19.393022944947536,18.720386157791143,4.34606262036001,0.2272256906942559,268,"(100, 200]"
134.04313694717945,169.84937471281603,14927.338469235181,39.18337716125612,459.495222858231,39.18337716125612,det1,0.12404621514969101,3.312629097956074,7.688030004226719,8.21072089457891,6.422386655392746,0.17506849161171428,301,"(0, 100]"
151.7438456839262,319.0829246003455,8545.816395548558,27.680385629369297,521.1104759056648,27.680385629369297,det1,0.20986930405938062,1.382988739567344,1.8995113807412412,2.320388242988701,3.011356421242018,0.24672321988934362,364,"(0, 100]"
46.40987058995219,207.87699069375776,1642.347159033371,63.326565944263464,424.5801131228298,63.326565944263464,det1,0.09913597287220503,19.025149621678914,5.2403282756685705,14.633259645517237,13.810073497676447,0.1137927404027295,230,"(0, 100]"
41.76720827947969,171.26496878027783,1186.7546099283568,43.74705556423796,497.27521563098077,43.74705556423796,det1,0.19749745434562144,6.571366985635963,0.19225030629666018,0.8743878695240325,6.419886241181867,0.22108582266893606,177,"(0, 100]"
12.552922734392121,171.78938276916864,2062.8761371233204,441.60551293651304,62.3025679627254,62.3025679627254,det2,0.21717145493970785,2.9313498995876692,7.687418265887633,8.706057468772272,9.92353691371825,0.2731259499746304,34,"(0, 100]"
43.85592669848965,202.79825233292092,1051.6004858955532,27.990907098558296,411.1519215008744,27.990907098558296,det1,0.1374164683679482,3.8244206561673915,2.3489249072601286,2.3390793614141474,5.61524784973467,0.18397740278735433,109,"(0, 100]"
13.502048148174314,13.398798129962412,2314.8209501032366,9.163652418114266,492.3612934793972,9.163652418114266,det1,0.18453893426648743,2.0308097974672097,1.44417470413493,1.3522170209772468,1.5685732286960439,0.2356511902727066,290,"(0, 100]"
156.0839689697363,212.60846107275816,624269.9469619278,428.96582384090266,36.68241414702724,36.68241414702724,det2,0.19794268097366888,2.6754998554796074,3.5930341969207023,3.2906832108735746,2.105506140160019,0.26294992172771803,559,"(0, 100]"
12.172253927021066,316.1915360544295,1777.4735504929097,25.609773930694654,523.5466264744928,25.609773930694654,det1,0.22321308748122762,3.9977718323341693,1.4840444802057566,2.5481574083606757,5.3800794801976695,0.258053869585516,271,"(0, 100]"
162.68764918276094,295.46428282324257,14517.999218289258,20.28314999709726,513.5517233342867,20.28314999709726,det1,0.14039005926023393,0.906591305435453,2.7453224729983097,4.086570995263493,3.1601837536492674,0.20656265643658642,532,"(0, 100]"
152.60961012763815,262.31241695836127,49137.55905080376,22.94347499856419,462.31029679605405,22.94347499856419,det1,0.20089310621764683,2.2319040690041243,1.249184066059827,2.073899491986122,3.3631732324377266,0.24212510790483574,696,"(0, 100]"
29.218016075612223,2.949449320168073,1988.6648278938299,471.57556871709534,10.232132924195179,10.232132924195179,det2,0.1879489892255717,2.4329440266555094,0.3070170717175838,0.7208989121064806,2.543506003820899,0.2571847907664123,96,"(0, 100]"
30.548775493176706,352.06076906633916,161814.33839616558,435.65018573137814,52.92035406116942,52.92035406116942,det2,0.19715016623274426,5.9777454341544445,2.422160633447408,2.881191003083004,7.965744613020111,0.2529927363849119,328,"(0, 100]"
26.28173475401535,262.0683980003457,1071.5344952311395,428.3444227399926,59.92166890094863,59.92166890094863,det2,0.09192181152911387,53.836562338672074,27.053827380656717,15.999011439432882,26.834468877474233,0.08584972357196409,13,"(0, 100]"
167.58676725703114,115.99687659377045,7984.4442514481325,36.7155076406871,532.3968982236482,36.7155076406871,det1,0.16948610808546313,3.4577536785155427,5.988326225550463,6.114039309501789,4.837308914353529,0.2215254762291214,447,"(0, 100]"
152.87320545964508,49.65722792879216,133976.3649405356,334.7297533486344,117.68590888312056,117.68590888312056,det2,0.0670279113634368,59.77283873666636,56.16426814716637,60.08763783522894,11.112937831294285,0.10363894657057458,91,"(100, 200]"
156.09305460656387,58.51065397183196,33439.653718267895,54.67029061125977,520.611736637745,54.67029061125977,det1,0.20037858619896512,3.338362404346907,4.486443509027428,5.281997749543004,7.448521704787537,0.23511879995723478,633,"(0, 100]"
155.16350713833324,333.02943630508724,695581.2232928098,378.24211928740664,125.01933878944203,125.01933878944203,det2,0.1411285252046189,16.47346880073541,20.611193376631203,21.05110276077965,7.57116474601113,0.21029393937566473,288,"(100, 200]"
140.53707627537068,345.49540720329315,10545.06494869418,376.2099220516401,116.31934203240657,116.31934203240657,det2,0.05404553736595282,57.02156771754132,59.203467226313286,68.71840820117463,4.321884791447722,0.07085952935450524,85,"(100, 200]"
44.7537932326116,251.4901188712709,3913.2608351345407,321.98849346631874,78.82111678967574,78.82111678967574,det2,0.0859336242706339,55.00273227134863,46.41618047915429,8.047270119194636,9.043194188759907,0.07764201775584789,21,"(0, 100]"
134.2124845252874,278.13113906972103,97516.74593872014,54.01878202548426,450.75450269417917,54.01878202548426,det1,0.13874748077764623,3.656433501063244,7.8982334071212605,8.306635444352771,5.558311789812047,0.1924887608068209,686,"(0, 100]"
43.8230764791143,251.16011361167025,22267.059600519304,284.45165807437695,138.32081674733823,138.32081674733823,det2,0.057653477740972084,71.18953712298784,72.58125864556563,81.96186958469285,1.6984210594254838,0.06563575786014646,92,"(100, 200]"
14.686977358636861,93.79656818275211,2122.520197417997,13.379108263224575,498.7617470151179,13.379108263224575,det1,0.22029909973828454,1.972412404838842,0.9888804920994821,0.8195305520986511,2.337575525540471,0.25831334159058633,282,"(0, 100]"
37.66667184188622,225.81943139845413,1375.8115562690734,323.93770685300984,79.79806869911639,79.79806869911639,det2,0.08358495068205078,46.814439282680105,36.7431169739041,42.065461045353416,10.089405529509005,0.07536735834962374,15,"(0, 100]"
167.20273474092556,353.2043166347339,66086.50521037284,413.86291050001245,88.75943141731545,88.75943141731545,det2,0.18218229007555645,8.605405124931186,11.91208166137975,11.246953913975561,3.5484883092495942,0.24336071673975362,139,"(0, 100]"
137.39707615124982,341.3666279414185,98165.86907681482,51.57724004855482,513.0275890703446,51.57724004855482,det1,0.14344320073695463,6.206061612591501,4.553389058557733,5.321953689927726,9.444291359544255,0.1953314748260229,722,"(0, 100]"
155.56757754329936,243.48800751040844,918.3585736597373,15.000982860346314,457.84630117586903,15.000982860346314,det1,0.16895456632927863,3.381879093877474,3.6442512928019952,3.1734871632361545,1.0772980286263039,0.22514421290857692,186,"(0, 100]"
40.362915343427495,90.64105532308133,1643.8391177518001,25.967160967837415,448.0789821486675,25.967160967837415,det1,0.21495351371599955,3.804099614684793,1.1274555389399477,1.5720802768123663,4.917925546168024,0.24856397198181535,213,"(0, 100]"
44.76438676598019,337.97581264870155,1374.6300155773374,35.5616507204906,480.08240980046907,35.5616507204906,det1,0.09838306900212823,13.286638259060911,2.7640973151758534,2.019894415486027,13.704966801719765,0.14247687704790127,139,"(0, 100]"
40.56010949517788,94.73597633516418,1584.5438986599784,453.27885707095606,11.246959372282008,11.246959372282008,det2,0.24310039431991198,1.6384270299112689,0.34365271081324833,0.3735364689703142,1.893537273047455,0.28170032595834704,78,"(0, 100]"
144.2800630663667,132.18201957841413,9811.319334204598,39.36133508656792,521.5305554846615,39.36133508656792,det1,0.14474112194419808,2.925211727979841,4.086000208619742,5.278881128331824,6.468093963639211,0.19177277932939585,356,"(0, 100]"
134.40882133840526,147.09896876003114,28448.93014687589,443.51993537453455,64.05514762668496,64.05514762668496,det2,0.10737145106782015,25.844867959786313,20.191172887831883,18.766733025067026,9.199233046560593,0.1699305338364661,89,"(0, 100]"
166.75383998304403,185.6899999584482,6977.913223200479,495.1843519387982,6.776246012306479,6.776246012306479,det2,0.24877741948559978,3.4797903137663924,0.5107346280314615,0.4424165534416465,2.980470477533827,0.2820518165901744,72,"(0, 100]"
33.705504485481114,24.5402464648912,1975.5826635875444,431.07083344134446,3.450669402381095,3.450669402381095,det2,0.25397321766824243,0.8915644179315572,0.5359376188982933,0.3521933337395522,0.38599282713893557,0.28167052710860097,72,"(0, 100]"
165.6537158695095,261.06395979799635,222050.70896526324,455.40191603423943,42.12779296635503,42.12779296635503,det2,0.19057089412927472,2.258199505554662,4.329371008279682,3.4721278058693064,2.2664386682913893,0.2604465531597135,443,"(0, 100]"
130.2070314551653,134.24832589935033,246233.6874612485,66.16288157470935,532.7974266594798,66.16288157470935,det1,0.0847163661936036,4.263112377157288,14.415773913338384,18.719841251015183,10.196899277481352,0.13314617416824762,504,"(0, 100]"
156.2143645395353,20.520641477322087,569143.0236952897,330.7970181383513,141.74758068163288,141.74758068163288,det2,0.06307859278958315,49.85443406306957,50.26307264200413,54.92316533338273,6.840355342631963,0.1103490083622761,177,"(100, 200]"
17.520471939578176,275.29621582303344,1212.5427130334492,458.0708953336714,41.06452410889038,41.06452410889038,det2,0.10135189704909023,14.07671106173329,7.6454430636426896,10.190304685715832,17.68601764743007,0.18059373274592655,31,"(0, 100]"
11.419244554431916,275.255137924617,1381.084144712339,33.02240750810433,533.2567169140272,33.02240750810433,det1,0.1967562498778943,3.973486730660511,2.5626200040239993,3.6273982067316135,6.480379886712523,0.24209213557354115,315,"(0, 100]"
39.87861000281264,99.28479111735257,1760.8209240543986,26.38442178813248,467.9917301259831,26.38442178813248,det1,0.2216025970708474,1.7818752528108484,2.6919196852789713,2.049328561411697,2.5963798068097783,0.2530817414562248,193,"(0, 100]"
10.236889101904833,193.91195153767845,2328.810289155801,446.68253233312953,55.11646020562022,55.11646020562022,det2,0.17106097719986452,7.196152119769893,8.596959380555326,9.668147220323092,11.128614893216147,0.2459564912495187,37,"(0, 100]"
17.60237054220517,212.05512182701915,2076.393540955389,32.86520220738213,517.6173375730988,32.86520220738213,det1,0.19966772220966308,6.20894932749128,1.467791834334081,2.785180328022041,7.523537873420136,0.2412276628216881,216,"(0, 100]"
35.13827166374554,247.98111137123004,3942.109721831572,47.520563743300585,472.81758467491153,47.520563743300585,det1,0.19416245654785586,4.416322594920593,1.9994271820010205,2.495808864182087,6.160628045381234,0.2209491548039728,257,"(0, 100]"
30.82331700776435,130.25319041376497,1693.8780787025128,29.120915045027555,521.5243567422399,29.120915045027555,det1,0.19280974740374376,3.0748264396777967,1.1566549082059605,2.07036385583466,4.063063365413487,0.22645882484731275,273,"(0, 100]"
130.68051313856373,328.2636385083506,57757.42436498396,411.0841161563035,96.31809419351315,96.31809419351315,det2,0.11817436332280501,24.64938768281756,24.835348266116114,24.27459208638158,9.38003205947251,0.17125922759136894,101,"(0, 100]"
40.16497651979765,82.73348866903201,12890.521699673674,433.6915022045194,9.516768191840884,9.516768191840884,det2,0.2225720632224501,1.6322237135564404,0.6011262740432873,0.8514279819219136,1.491691670472982,0.2676165181288714,167,"(0, 100]"
38.422811699677396,106.58176114531359,1863.4615011904755,21.95644725053642,482.1547313622653,21.95644725053642,det1,0.22226251884352485,3.850426186061917,1.05707502410068,0.8227088095055903,4.027077916084231,0.256030076467676,228,"(0, 100]"
159.35876509513338,278.688381727899,162510.8721890626,18.53266313293577,496.8800504308801,18.53266313293577,det1,0.1444484259176635,2.1820856203684205,1.1534803462096592,0.4870020413633521,3.2325484997994063,0.2060494833314406,985,"(0, 100]"
12.248065275851552,324.73720733654494,1155.939815995755,13.443804512609518,515.2005350584585,13.443804512609518,det1,0.23616077921658912,3.0552951260988763,0.17190765990843493,0.7016065589624054,3.222879477336452,0.26632623468017824,238,"(0, 100]"
34.03218789368838,192.64205199947997,6486.109778464405,354.4739484167494,91.51585090489225,91.51585090489225,det2,0.07532466161644098,70.08421197550936,46.50436724953391,25.004939202879513,24.093127894626214,0.06483119605088307,32,"(0, 100]"
18.683789033131028,255.93637985593665,2767.102067530956,30.532282716776145,516.9079552670435,30.532282716776145,det1,0.21307215949134758,6.636231901591952,1.346903609816843,2.1370466556337773,6.252472392945113,0.2462715182027787,249,"(0, 100]"
136.06476983755678,261.9580128477171,253506.13863427442,46.6041929792138,402.64239619363315,46.6041929792138,det1,0.12502958925549934,0.5403109169839782,5.895593567970708,6.1399434936547355,6.340916026555704,0.18556235351125647,833,"(0, 100]"
37.7679908504573,42.809897222469324,7493.7866734575255,371.8688072818501,29.249421591831158,29.249421591831158,det2,0.170104185435172,8.389679727851433,0.3923617568304403,0.2264977135120424,8.780650382810938,0.25717745375852563,254,"(0, 100]"
134.93287444993186,9.884746826121226,5819.571306600646,42.82006648014233,448.7114730419615,42.82006648014233,det1,0.16832672888545727,1.7436338572580468,5.262665089477141,8.148789110733311,5.983405817911744,0.20532766596217134,187,"(0, 100]"
140.02588553203975,283.6277553773354,191436.07237553666,461.8247309454227,21.39799604027084,21.39799604027084,det2,0.23101937001194303,2.548079597680314,2.6796268200179414,2.5798016117326292,0.1406930978088964,0.2731820166748102,246,"(0, 100]"
29.88500252078586,1.8996920255144476,1312.5085319196016,21.94856978777408,466.4197558768954,21.94856978777408,det1,0.19752472357808354,4.3263920366209545,1.2899820843388183,0.8815208829405453,4.131389756868734,0.23246919522356208,189,"(0, 100]"
22.88112589819818,8.312579740553366,3784.8207456764417,475.90430798340896,7.066149605273397,7.066149605273397,det2,0.1976263581771443,1.707603381222406,0.23936660347067484,0.36470257522512434,1.6853032639344836,0.25661108442417047,110,"(0, 100]"
11.574948574846676,79.86107960410085,4864.689307213353,470.8935261604611,29.939118853976144,29.939118853976144,det2,0.16849998729018537,11.604214602522372,2.9752933715652934,1.9004031040434302,9.413248779846564,0.22335363596671626,136,"(0, 100]"
155.9179730304305,49.760479053481305,864452.3510563398,356.07556476982217,107.88591460901651,107.88591460901651,det2,0.05886959577566738,40.8673920732717,41.27618570487649,48.82383259845367,1.6234041306855473,0.10377664060373341,96,"(100, 200]"
46.247687039690994,328.4549691470009,69648.1561907773,437.11860612717044,81.5302186288066,81.5302186288066,det2,0.07365721017723859,47.008247896018226,2.4174500760010806,6.471326291747489,44.92260778205182,0.11497118009385728,119,"(0, 100]"
157.9471856934954,97.26952087362783,342073.43261555326,380.58059364260004,121.4150213385219,121.4150213385219,det2,0.07085085808973111,43.909641105524514,37.39674599724374,46.565628102143144,9.237978966842684,0.13586986241426854,168,"(100, 200]"
23.66076926426831,118.6543472708538,2536.5033097880455,27.271783400998387,511.0685944844796,27.271783400998387,det1,0.18086002868773018,4.575560764457093,1.185118472549459,2.212999318613452,5.266186089682206,0.22491329617722827,257,"(0, 100]"
21.523287576456838,22.868365309033404,1281.9489451536024,469.3532327156819,7.408684823888583,7.408684823888583,det2,0.1661672647275828,7.688869512443245,1.8501219084695941,0.7616784890666666,5.847663563677983,0.23867834094493737,60,"(0, 100]"
36.068964661541756,131.43608348783346,1058.3743703655493,476.92842458807314,38.799467501283004,38.799467501283004,det2,0.13857797241720723,14.849413749931625,3.2113842723490764,1.5296138426746626,11.69012190272426,0.18764611439990594,52,"(0, 100]"
12.194068493169057,198.31706443620527,1655.738239967787,440.1854367808714,68.87819576132462,68.87819576132462,det2,0.13548873978655493,20.566455799849916,8.888977634642371,11.51353339037521,29.084648977268948,0.20851298695972512,23,"(0, 100]"
140.24021109220035,11.38065073035813,34853.100295161246,63.863256593499536,483.7316004850738,63.863256593499536,det1,0.18164366963368123,2.8329817797064227,5.863061522639554,7.041014541326126,8.009393605660668,0.21974050304492143,545,"(0, 100]"
24.382431515854346,252.55259114125795,1815.154499818618,41.94869280799836,511.3334722723063,41.94869280799836,det1,0.1880107277707351,5.991404047574377,1.025765614309942,3.043515016121315,6.836565116725208,0.21815483950242634,323,"(0, 100]"
156.01745554191865,28.29934685250873,176607.6390908045,41.9253035014085,508.7577124165412,41.9253035014085,det1,0.17992140461164677,5.461244477980677,2.0506149026285696,3.419449849576225,7.309718229888936,0.2270253131747759,829,"(0, 100]"
13.884292494788639,151.88310233971217,34933.15746418766,30.800064472574768,529.5491775244259,30.800064472574768,det1,0.10000546720951195,2.7075725239504167,5.073674757289153,6.721743196848065,2.999920198401655,0.16289529957373605,874,"(0, 100]"
10.407077231805042,206.66076601286647,1076.6965743443507,26.475493931676837,525.9990453765134,26.475493931676837,det1,0.20332339689916867,3.9926242482822323,1.491589588637555,1.5162853147516049,4.893673372979025,0.24321871813547843,219,"(0, 100]"
26.790391330282265,98.79019364495963,5761.276031221215,24.478352676493778,489.04802834817633,24.478352676493778,det1,0.20109646058966577,2.1472893770274064,1.6985530002574842,2.2056339038154364,3.8369497130258576,0.24091066020171917,414,"(0, 100]"
144.4612988894104,7.965033445134293,337831.608760611,43.22679359300631,487.04661479325523,43.22679359300631,det1,0.19181370404273185,5.276159483717653,1.6508355444295177,2.9162164373817334,6.90826898820023,0.23165335351256347,669,"(0, 100]"
39.571848746562196,235.2713566813371,4896.563956489215,35.251149740655755,430.5945222126652,35.251149740655755,det1,0.17351325704744266,8.11919471966133,1.5504829660317223,0.26849900531055865,6.714539963102188,0.20526657914680313,199,"(0, 100]"
36.79194817609074,66.97795302212407,6298.342995450712,419.5548873258352,5.195789048417351,5.195789048417351,det2,0.21651211392255698,2.067170199139343,0.7087176892744348,0.9603003557995031,1.4844778174157254,0.2631630861693858,142,"(0, 100]"
13.60813509067064,286.2069151364623,3207.31319752921,454.852296870477,50.88480882364931,50.88480882364931,det2,0.15278924574849634,4.145180516635159,5.7175907036645786,5.693040107498702,7.03989812923751,0.23350847641521136,52,"(0, 100]"
164.59680831129904,69.67456905121907,31202.218845375748,38.661356961171506,528.5789896184643,38.661356961171506,det1,0.16542337897202883,3.244867226027536,3.668702190718122,5.935271213358912,6.566190469821804,0.21930603364908877,553,"(0, 100]"
167.03717789045177,340.861983269095,53746.784743421835,425.5491133534722,79.66925262337655,79.66925262337655,det2,0.18112292586824488,8.710308738183556,11.580318435483047,10.394665953488385,2.8729522999759602,0.24415999028554802,155,"(0, 100]"
41.10528288412757,338.7465474472932,1094.840290736118,40.69167958260682,494.49981354347017,40.69167958260682,det1,0.09936400644493754,7.783053704939184,4.353075314721206,8.176683546326336,11.3871031317669,0.15007703349033297,176,"(0, 100]"
150.03223098311108,43.09898017667045,7766.474727123858,35.471327176610046,475.2403548050481,35.471327176610046,det1,0.19275691330893277,1.2174852576518307,3.6093686605413198,1.985529662075745,3.7737145532638254,0.2328057008258605,253,"(0, 100]"
151.26717861222676,166.39199587249266,9419.466843525795,468.61968720709007,21.761408384407062,21.761408384407062,det2,0.19037353628991227,9.972487331650823,5.3104066619196875,2.9322319031573305,4.664628116632129,0.25634266727540056,122,"(0, 100]"
19.230296748071115,84.0479194079409,1759.057389743655,488.5192491509702,5.930916421413888,5.930916421413888,det2,0.21320173696712927,3.0817392025114936,0.4771826425545715,0.6882495168270313,2.6783104307847254,0.2696816132384547,74,"(0, 100]"
36.95046551343773,50.96207734716678,2673.8867204012236,403.91292790219006,4.1823738493551925,4.1823738493551925,det2,0.15386561849168628,3.8616325147915416,0.331467719091737,0.3485570916446349,3.576475043867261,0.2908962180927497,60,"(0, 100]"
40.77283498688568,146.0850670491337,4147.37118215892,26.953538866570014,521.3453723953972,26.953538866570014,det1,0.17816823286094718,5.883540938939933,0.39227572740217864,0.834175053521803,5.955010970331369,0.22331528018944716,236,"(0, 100]"
136.0107923439509,179.57829994372975,105772.4565389165,405.44824559107616,54.27770356049839,54.27770356049839,det2,0.19130792036105398,7.197161747795844,7.100524528025805,4.937596641459111,0.20254464274307224,0.25710920409982746,368,"(0, 100]"
130.38887651628983,9.638363290430723,942085.007868807,286.6995637314743,118.81399542194048,118.81399542194048,det2,0.06135292936461786,56.33013755766989,59.994042953965874,69.994404713017,4.453856344658489,0.07204627192475355,66,"(100, 200]"
132.68266166185978,253.3898258386358,275348.1575464315,59.244329010626664,348.7293648060911,59.244329010626664,det1,0.13494276116454626,3.3800331647053237,9.27883490719983,8.690732023248307,6.149777405135456,0.19468255675023602,844,"(0, 100]"
157.87191693461634,338.331255292968,214460.9466372398,36.31484911290846,529.6841607809342,36.31484911290846,det1,0.19175310401519122,4.479342482921634,1.6937330717975243,2.326972964892781,6.157300926275958,0.23871564069969783,832,"(0, 100]"
133.75572756939275,107.4414041381008,871338.2655992568,79.67829329458995,522.3610544869593,79.67829329458995,det1,0.07060690799928641,7.329180149988564,14.64330762133531,11.966684483147903,14.34130145238525,0.12222450864577168,945,"(0, 100]"
28.108686351804998,21.879854842324356,1471.7336422867359,456.83671572334,5.4127189241548885,5.4127189241548885,det2,0.24091451037308176,1.6485136041164197,0.34102613728490505,0.20800508056361125,1.4076452670061168,0.27485224143816156,73,"(0, 100]"
153.66707909468047,89.70269663359188,35211.223800784624,44.20752147141598,515.8670339126385,44.20752147141598,det1,0.20210607784730708,1.5726916529656685,4.421423662843107,4.42176142212775,4.8776894350298265,0.24341156830716168,453,"(0, 100]"
160.88528853788665,93.36279600805948,6097.184744384396,438.58898263565925,58.45426331306285,58.45426331306285,det2,0.08143848162804598,26.424593703074834,21.808421454300017,23.125501496277828,6.502192805332891,0.145378194274522,51,"(0, 100]"
167.40212883160225,199.77659611116093,1259.2853834397604,10.054024877415145,487.29902100304815,10.054024877415145,det1,0.15290151921956457,2.274918773793211,2.0704002837942412,3.805811393961137,1.7831044918624586,0.21821808625804986,209,"(0, 100]"
152.28593915072392,205.84697124961653,6008.306955755827,454.10444172170855,5.097956744298487,5.097956744298487,det2,0.24437862030014018,2.1912198264597516,0.8764248734512974,0.5291540799819786,1.3959553503115623,0.2833194509455355,117,"(0, 100]"
169.55933330463088,244.2975032509624,373430.6314505881,3.3198454060654523,497.49455685253014,3.3198454060654523,det1,0.16193811366340727,1.7474191656018125,0.9959243597120816,1.1219638404791388,0.8142403403850303,0.22382704793194166,1031,"(0, 100]"
163.99841687007162,253.0045629392972,15775.184642630045,481.52803513005875,12.119450381642704,12.119450381642704,det2,0.20620212483837252,1.7026710632394233,1.2307362595696858,0.8413394833139084,0.9768174189390316,0.2732160681350735,173,"(0, 100]"
146.02292765680258,163.13341676850928,79298.92300173941,441.0513748893819,64.26707904929822,64.26707904929822,det2,0.2040039960713454,8.94709776959757,9.708732685592215,8.327380428311768,1.9379464295089852,0.2533731362618871,190,"(0, 100]"
30.910683600968138,309.4798657199799,1428.5135538353143,484.5402983299401,27.025036435580354,27.025036435580354,det2,0.11147390323500604,20.03726677534258,4.844219721199444,4.111734458807444,21.37469848377161,0.23871948713680954,29,"(0, 100]"
35.91150025739502,76.10736517550721,1048.1271544085116,435.7498126360448,4.955883425441835,4.955883425441835,det2,0.20828616484125526,1.9482665763618843,0.8637896522646049,0.9474164158692606,1.1982907257866917,0.25556223052877725,68,"(0, 100]"
24.239623942005267,39.74547930275057,1781.7033364569277,15.717955162925678,447.65162898697207,15.717955162925678,det1,0.2588548496833669,2.8934651980745576,0.27403723192913354,0.5449262529087167,2.8328326585140706,0.2769705833650377,203,"(0, 100]"
141.5317671632245,217.0071706121098,174613.9201949574,370.2417765773281,30.969643488839363,30.969643488839363,det2,0.18985721814676493,6.352185537275352,4.289440059084073,2.957289551633276,2.1322356244616874,0.26049975114835433,594,"(0, 100]"
161.94606723789138,154.64624960419974,504367.01320831385,38.23760893568133,505.12278524620507,38.23760893568133,det1,0.15929197073389417,2.7920768679578853,4.37581078566286,4.064164642650469,4.566790702828979,0.21507381082421803,1001,"(0, 100]"
11.922848396763673,184.33867068573306,13164.392097778897,433.89356171270236,67.81189429439273,67.81189429439273,det2,0.11102374824272582,11.013197955431362,5.917221862359834,9.10190777127913,15.637369566129246,0.16677581319957055,68,"(0, 100]"
133.76391124728886,169.45565803063676,759987.2218629161,420.29137184253295,55.730837516635255,55.730837516635255,det2,0.15935235764044192,13.57466420443077,11.791708466250112,9.330077663321084,2.1722680794257996,0.22890746154226532,196,"(0, 100]"
163.00770455067982,259.04865319275285,2991.949184761224,7.265802263531318,491.2804852768074,7.265802263531318,det1,0.14809740366604643,4.58703326868064,0.2975416039858038,1.4120463245244665,4.3138633183200925,0.21902752777874904,188,"(0, 100]"
20.634146169563255,257.4877493444939,17130.865120461334,394.3230721619793,92.17983340478908,92.17983340478908,det2,0.04621208916777995,60.44494916495556,19.56890496128435,11.606564367360706,40.959315117483904,0.046147169120083785,74,"(0, 100]"
159.68423963408824,69.4535726109078,508958.0083920245,344.107344479875,143.27983823172625,143.27983823172625,det2,0.04959553247066484,69.74676611069492,53.35554157006098,61.17746516258908,18.288010584391447,0.10311552359413748,212,"(100, 200]"
30.987775284655815,91.35744467182407,1076.6270260606477,484.9722358300405,9.48489922900838,9.48489922900838,det2,0.22989831102653566,3.208742725010958,1.0195153723570949,0.8036397673289102,2.5207452003627275,0.2735443108228762,60,"(0, 100]"
16.1720239741211,7.2258884141356825,1503.1080455607607,10.798268900566907,490.1228566010219,10.798268900566907,det1,0.21929863961359208,2.930959854591696,0.39374177975554936,1.2145794271585977,3.1604555291253904,0.260112035877233,255,"(0, 100]"
131.88099353759586,54.28605229838518,6103.205153112297,37.47619470093456,382.8360713333613,37.47619470093456,det1,0.14776914732478263,2.417026099918827,6.02670289430739,3.4794064183646616,5.247204040636624,0.19552554520313772,123,"(0, 100]"
30.429392366768084,230.99002847024582,8636.167397253597,32.37447896194403,471.15763088155205,32.37447896194403,det1,0.23127955397080477,2.2478925105505967,1.5270986298585145,1.146924600781239,3.278490647426094,0.25733331325678743,162,"(0, 100]"
48.10509973082039,283.1737553689728,3193.321117021782,38.254336392453794,486.0930789703535,38.254336392453794,det1,0.08304553136461629,26.001861996597448,6.056488086443302,2.356005095134226,19.996739183345543,0.11857101017489374,153,"(0, 100]"
33.425849120225536,7.875516487988076,1787.7457784591336,26.783337694687418,438.4894051723425,26.783337694687418,det1,0.2062391339239046,4.080695930702761,1.3432775308699572,2.0603981719345104,5.0863727677914445,0.24222460590923894,212,"(0, 100]"
25.42455573859255,314.53848103764653,1033.0701731508614,25.88234161628242,518.350819622431,25.88234161628242,det1,0.22200040227462634,3.551834248764581,0.4481538486794452,0.8516998252346533,3.865869127373208,0.2501021189272261,175,"(0, 100]"
17.587897789061348,316.0215519094166,1649.2883957537285,26.56015511293784,520.290402087974,26.56015511293784,det1,0.17932668882195202,2.8696393899941195,2.4732991878649937,4.120556696298726,5.328313523527906,0.2280597774178176,283,"(0, 100]"
169.12674433416757,5.448015664627973,23662.59495634061,438.1142134698511,63.909426473877325,63.909426473877325,det2,0.1901026835617343,13.241677679884912,14.240103754540145,14.046329530500755,4.49294373516471,0.2342625020371862,45,"(0, 100]"
45.98850406018999,101.81540363351229,1726.6947716963607,453.14444853015,16.715291380651287,16.715291380651287,det2,0.1999064820755641,2.0453112492003482,1.1273202588897748,1.0509658909847845,2.7637396145022595,0.25060532121521856,84,"(0, 100]"
24.70579796934794,154.4985476175852,4689.728264554674,455.10539060188637,48.51983570619458,48.51983570619458,det2,0.09787566394940181,9.266942873079765,7.997387075431476,10.12236339560328,15.406536331993518,0.19597602280390589,37,"(0, 100]"
10.494102089741482,185.84296428328972,1505.9096667481683,458.22834239275613,44.33594201540436,44.33594201540436,det2,0.12961806564571196,44.27528856956219,12.207706312061594,10.894477897657868,41.169451665271914,0.23362632848085682,21,"(0, 100]"
37.04394949122845,352.72746099185525,6321.590714829196,19.43747345649258,471.9325871571971,19.43747345649258,det1,0.183167494018002,2.278340807119715,1.5697928271672952,1.7692519544665248,3.8065058997989514,0.23975138528476936,273,"(0, 100]"
164.76314751414003,198.6197369999008,7934.276771486883,15.78586693328243,485.32110070919776,15.78586693328243,det1,0.1988524686229859,2.830713978429942,3.005993682632446,2.9688492749720896,0.903479631432554,0.2454441094010974,452,"(0, 100]"
29.903480254762446,169.60865464883804,14119.390633643881,419.7284219811562,69.01987808165497,69.01987808165497,det2,0.06694937834285504,9.807436126535402,14.941069662001048,17.590963586524413,24.443493029909156,0.1325661824000458,65,"(0, 100]"
15.618768327626988,341.3708476393478,2016.2944597233366,498.42069327896735,5.763287655593837,5.763287655593837,det2,0.25331003622309145,2.299936269363421,0.340592220301264,0.17668315708878055,2.0425971597960526,0.28324273849472,61,"(0, 100]"
34.40442124509563,11.060384781684279,6878.5199475883655,34.79657843607783,429.3882565922317,34.79657843607783,det1,0.21023346442816365,4.4910584090899155,1.4485059397156983,2.388581599391062,5.925860842068973,0.24436885112119233,360,"(0, 100]"
22.79860258368433,245.27572515570685,1249.9738242267026,21.20121956753602,494.55891092219207,21.20121956753602,det1,0.24779722818891778,4.466281803575433,0.9084576798495912,1.2512637915009481,4.391304066418223,0.2735505503047527,160,"(0, 100]"
155.54804404589268,126.94417885420195,7345.765370982189,31.908240863007205,519.0371236495566,31.908240863007205,det1,0.19192024914458977,1.2158056885808048,3.0784887341714806,2.932882947984427,4.0765434841461605,0.23393179672718742,283,"(0, 100]"
141.4565356037033,177.41086461736018,69412.35321565675,42.144379967367804,449.2618928549966,42.144379967367804,det1,0.12882562114991847,0.9087460901964325,5.695795440145274,5.071507366817006,5.504224648052796,0.18311086937874385,579,"(0, 100]"
29.23331060342712,11.969931539414924,1194.3060665612788,21.074107508152277,444.3670859695672,21.074107508152277,det1,0.22703366135991387,4.276126937955494,0.5713442031826109,0.6898893220745207,4.139901641924581,0.25565361852950425,184,"(0, 100]"
49.43501066092704,153.96062488351973,2580.620584293304,422.19814648542626,90.13582342187262,90.13582342187262,det2,0.1146603983567549,34.14892863844361,18.89227093512199,11.495599643331545,17.56734767039763,0.11471258053212118,41,"(0, 100]"
38.82580751225084,249.45902513765353,1033.8879409608082,27.524389877843852,436.1724775221376,27.524389877843852,det1,0.1954683292661918,4.665527032097588,1.5181092375974126,0.9635078413129536,5.5559481944649685,0.23742718279141314,122,"(0, 100]"
36.439690375884844,298.05259807105347,1625.4415928691717,446.3492955677488,63.612814306257256,63.612814306257256,det2,0.09917829769778205,50.261511452279315,23.715439035443186,20.748923826075448,27.953936751650172,0.10747542621672661,24,"(0, 100]"
41.91542799374133,92.39379386998151,1025.8301384045103,24.530453484085903,446.04327319763945,24.530453484085903,det1,0.1935018427533958,4.079919923508045,1.0723851773612991,1.787417838132202,4.884959405911071,0.2273498835473699,195,"(0, 100]"
149.83122577848926,11.456588080056285,517731.63226304576,308.98532368648154,151.62887108938244,151.62887108938244,det2,0.057149989738078555,74.78001747443402,67.8091430796875,74.45350486461261,7.273589236159527,0.09154301578264659,191,"(100, 200]"
19.409732482694054,123.93804872968005,4408.500455040451,467.902374779128,38.88004848943824,38.88004848943824,det2,0.1759031681973446,9.565186394941929,0.5725156268221062,0.09093710319399244,9.069247653363016,0.2291394774920949,172,"(0, 100]"
139.32497727571211,110.3035423665163,5462.569718612046,47.15507083911622,519.3378385650902,47.15507083911622,det1,0.12091394282608721,4.146443356624829,10.4192943029779,16.635746943895192,6.281994642463165,0.1645980304650332,202,"(0, 100]"
46.22633989441378,177.93690449878181,13949.530941189898,319.5405470495579,119.40313919319033,119.40313919319033,det2,0.038993776031434696,42.33991458703455,18.40950482877919,27.918711877724917,60.26609000494218,0.06984004950195523,50,"(100, 200]"
145.9035898763421,128.4697410899654,157359.03609274665,410.3712082910043,113.4147015415966,113.4147015415966,det2,0.06306351880094634,55.38407992088283,43.98205145957855,49.23529259106815,12.254666464547075,0.12155196326483841,163,"(100, 200]"
33.43289913629317,195.28486301811537,1380.5441098661936,41.53146927449375,480.916555306411,41.53146927449375,det1,0.22398364308798252,5.646520269906629,1.7838059735209117,1.8328474513572854,5.498750122581884,0.2435179057956867,216,"(0, 100]"
34.29059951592987,333.0369475172304,1360.4484174202478,481.1536319267921,23.10047640497505,23.10047640497505,det2,0.13508160923058313,9.847428028064565,1.9817931665519284,2.5828946167718896,10.538138186570517,0.21606470564031502,45,"(0, 100]"
134.2502748513491,333.3495473326257,1206.0460263618472,33.823638297977745,511.44628686553557,33.823638297977745,det1,0.12225601506143717,8.219243199922932,9.62639881417153,8.217281270099953,1.8523861750575832,0.1665932648475257,153,"(0, 100]"
33.290268545486406,272.65403269985256,2008.0705854279154,404.3723994699013,70.20177236841606,70.20177236841606,det2,0.04957412518029503,36.091701870876015,9.915979763155649,13.579909364409934,39.02022731094317,0.08287285156457182,23,"(0, 100]"
39.73112953859333,169.11776837916364,5652.542146590952,392.3289308176457,87.88750147535237,87.88750147535237,det2,0.05553796904274874,49.32671864139507,21.25389471546517,24.021608466584116,42.18625486876706,0.07072275622459032,33,"(0, 100]"
136.47453780678782,231.15741330659137,741945.6689098899,48.34546281869434,322.8369654616173,48.34546281869434,det1,0.16594419618801853,1.3792370189896137,5.578097539750001,5.585986650971744,4.302702771048821,0.21898357303020669,919,"(0, 100]"
45.39255786742956,22.99046524967306,14019.223474552886,22.276650984697422,360.97699536959647,22.276650984697422,det1,0.21641305200102118,1.7328779113892296,2.0956154261131386,1.845942096245638,3.190870678284431,0.24690427576301616,137,"(0, 100]"
39.65771287405038,58.65280255329148,2048.050241174203,29.270487681967868,371.8333974288151,29.270487681967868,det1,0.22972947870487126,2.8619871440283693,1.3523555294990697,1.4315222338908489,4.211746101940164,0.25738846098398915,209,"(0, 100]"
14.210856731410718,246.9507911552553,15652.974614650057,36.37111207999003,528.4514759194535,36.37111207999003,det1,0.17749281736020486,4.073372718575961,2.589122222012312,3.8526249073769385,6.640085730118516,0.227876436780659,449,"(0, 100]"
21.277506534629982,339.35616545769295,2421.5850776241377,21.557306243674812,503.2977780286005,21.557306243674812,det1,0.21301741618114958,3.177039082346732,1.2550093660897543,1.706987259010614,3.665718707152413,0.2497467368382883,264,"(0, 100]"
10.009386523426228,343.9267637196554,1116.1304019982726,11.567709101365374,506.0860915733296,11.567709101365374,det1,0.2198224806883637,1.7003204050281544,1.25684644116691,1.1785317519380591,2.0814793947548647,0.2628374403079651,241,"(0, 100]"
133.10569445815986,211.59337779775822,8501.665597218931,34.84403023599256,323.4700830380007,34.84403023599256,det1,0.16135370372756294,0.8074781319949715,4.419982646491536,3.3805128721395823,4.249782333004325,0.20495254460554577,295,"(0, 100]"
12.100278198208596,293.2982810875308,14025.748153034318,430.8662450345537,78.86720246369796,78.86720246369796,det2,0.15470573553712402,9.61011012773952,2.4352490287808926,4.764466801799378,11.889441450323835,0.19622674415722946,156,"(0, 100]"
33.353532797308354,248.41627774545478,1824.81014108663,36.292228476135804,469.9767242265033,36.292228476135804,det1,0.19521423039338717,6.49935189414423,0.4638847102913876,0.8636055945534781,6.087256089981694,0.22748995304284797,117,"(0, 100]"
36.43936569706958,55.965381379200444,2882.481866640284,413.8595246743713,11.271410045725638,11.271410045725638,det2,0.223697517288171,0.31969608335862865,0.8844175820829483,0.4309551598648577,0.6904544640539412,0.27269089097641863,100,"(0, 100]"
20.059421324276176,135.45620388928776,19570.057016353137,28.282133285351104,523.1038652880208,28.282133285351104,det1,0.19928361916868625,4.674212480214992,1.0464327968870704,1.7821892661666783,5.697223900693669,0.24261844063460122,418,"(0, 100]"
35.26623343174624,13.382153397654648,1470.2440423509365,17.98207331716068,428.7133896848989,17.98207331716068,det1,0.19610850676420535,5.250539482139533,1.1561099049785262,0.4780252820739329,4.346886693621984,0.23490308917512392,191,"(0, 100]"
35.244864770501174,271.6377532658215,1064.4753931988746,28.180350395908153,488.94689690780797,28.180350395908153,det1,0.14718484532060885,9.987881389781421,2.573780114959406,2.0443248804918097,9.533637967926177,0.19961626088327397,124,"(0, 100]"
39.524145017410575,45.70284255561674,1244.9619239990757,393.07204349015433,1.8468052351859252,1.8468052351859252,det2,0.21904095682046854,1.135871840900789,0.19597278296542936,0.1907857849297177,0.9756706924571802,0.27800591813002024,134,"(0, 100]"
28.64377469110508,97.86979470381326,1526.8061581077216,23.97174785402564,486.1491326607648,23.97174785402564,det1,0.20040576965846285,2.2479845978893516,1.3723904604768382,1.3117541168362241,3.148544334409223,0.23491853646050032,199,"(0, 100]"
11.351894985272931,7.912841082498224,2420.908748168995,12.781258232204431,501.7073309616946,12.781258232204431,det1,0.2051774648937916,2.815293262291782,1.3271722651313926,1.4736544831671177,2.8201081566267425,0.24791820513945076,381,"(0, 100]"
167.651252733994,334.47559372893244,149516.97332417266,26.012160899655974,527.8824198696124,26.012160899655974,det1,0.16613885880478763,4.6111378970998524,1.5888222069712372,2.4410129101478155,5.384498220333495,0.22052825388539232,866,"(0, 100]"
151.6649483535395,213.4027634856262,884805.1663351787,421.42778997487727,28.705540138971358,28.705540138971358,det2,0.19789892063577033,2.1606775257729813,2.984786864404354,2.3058791199887305,0.8317424608217763,0.264722299290904,536,"(0, 100]"
144.8420793134889,40.478158531145326,300225.3138594149,60.44624774137885,475.8228817234794,60.44624774137885,det1,0.15758368826018931,0.6389749698967057,6.340987269168809,6.943253987636678,6.960160958342726,0.20877954732039644,777,"(0, 100]"
135.23784854891989,193.114870445838,234325.74464529823,65.82866828250914,367.8119205041391,65.82866828250914,det1,0.12763792220127712,3.0724426821229525,10.43681477683966,7.2347161239966296,8.462911555321131,0.17300298456767552,645,"(0, 100]"
36.439054963206935,73.35997003448082,1231.3998952843676,21.508049915360875,418.385735091513,21.508049915360875,det1,0.17333973406427278,5.882389375369895,0.661914653881783,1.8853151552953165,5.769350403246315,0.21864662123216735,210,"(0, 100]"
14.478849670897954,95.11572584884206,1103.1310152518788,11.539351063970432,502.5137316781757,11.539351063970432,det1,0.21186671600015433,1.9142796004296836,1.1693038443277595,0.9039253193654047,2.095575602972803,0.2547223869982641,280,"(0, 100]"
11.117192914764534,74.94641523328225,1412.4677463551836,13.162025381679594,494.1875346896427,13.162025381679594,det1,0.21924196116470282,0.9811495950312635,1.218348044107679,1.4260127431708534,1.9203055755631697,0.2569120441725605,277,"(0, 100]"
151.13439237502485,354.97628984191425,106172.53600545763,330.5301590717466,150.90762184042296,150.90762184042296,det2,0.06915876899379457,65.22283862643496,53.44975501562534,55.12527100421395,16.330240449401618,0.12592771968871114,234,"(100, 200]"
29.131431432566384,335.2143445708014,1479.988389041128,474.02116926940465,38.44981671816223,38.44981671816223,det2,0.18833467856151068,6.58836590874463,2.6516775752095616,3.466373732800014,8.990808614109568,0.2539371539234685,56,"(0, 100]"
130.1996233070476,208.34758435785017,391273.39802604815,47.499177878474285,301.6675830659523,47.499177878474285,det1,0.133454351057702,6.065042966710172,3.4699012880225366,1.5444760137959537,8.690339378792538,0.185387032886192,813,"(0, 100]"
35.91518104297864,283.49028667743227,1220.2942096106758,26.737110012881516,501.3162729361014,26.737110012881516,det1,0.1584613307700898,5.986392108272448,0.25326491403623913,1.876859034248657,6.093793312479021,0.1974144055290169,101,"(0, 100]"
30.14845028683055,150.92840959820128,4224.970866203217,42.562955988297084,527.6306470935481,42.562955988297084,det1,0.20382374034177317,5.734307183634699,1.379124689304313,2.3409372827771113,6.885506062171516,0.2357299015364256,297,"(0, 100]"
41.64161570061544,251.32238690835263,66861.51598330935,79.45133269083819,479.5450057359538,79.45133269083819,det1,0.09150219852447666,20.524061175670873,4.062874156593331,11.800685391781672,23.961451911892745,0.1369053012324961,800,"(0, 100]"
146.7824681118862,315.62470015507677,9817.324880955981,33.805730357333225,520.4926702286534,33.805730357333225,det1,0.21618259980076046,3.5215811120796583,1.8555895941517635,2.976600683753835,5.369652777616045,0.2509182771648496,349,"(0, 100]"
147.2901760362499,204.89038020261412,3008.059520733422,15.240682954390495,422.3968091619557,15.240682954390495,det1,0.1898603269627363,1.0915216961895653,0.9316221029235325,1.6192392996075256,2.022739412761421,0.2290960056032776,247,"(0, 100]"
20.884764320059123,283.70158873997065,1074.1934967326483,28.1388719544781,520.5416074853379,28.1388719544781,det1,0.19614731895248885,3.613678291951697,0.9654629951805722,1.0299849604028162,4.42005130883895,0.2323273497871499,166,"(0, 100]"
47.74844748072036,127.30686233282427,1024.3096856414384,35.67293417717179,526.3051958419868,35.67293417717179,det1,0.228999117800142,4.000747581369826,2.2601374036236677,2.2377489338154697,5.85838289673192,0.26641623698681044,88,"(0, 100]"
32.95023187279772,106.38918944229675,2211.044383352269,484.14149353214447,17.303673077615397,17.303673077615397,det2,0.21000701340181213,3.496727612114144,0.35138000949511844,0.6166734173054644,3.7313924118483484,0.2645064823100097,79,"(0, 100]"
10.436322420003872,234.04664042973252,2000.6409246088117,445.557982669543,54.53119557211824,54.53119557211824,det2,0.09038966222058827,12.726472357307964,8.034682654929355,9.889881028344636,19.702010085856088,0.19080381935395194,39,"(0, 100]"
159.46730870974056,330.6869248901236,55062.82352208661,31.645381971644305,530.5553517489324,31.645381971644305,det1,0.20238342940945134,1.7904181940651966,2.266087121238643,2.215867909117495,3.854008887246185,0.23992518089821863,538,"(0, 100]"
31.510882794253256,297.6834066757162,2087.3417554980347,35.71749589073113,516.9812221772099,35.71749589073113,det1,0.17066208220662926,8.215770943369877,0.1494618420906082,1.9158826876303152,8.082066677390216,0.20980060295412287,151,"(0, 100]"
164.6485429762458,69.7893603152405,25614.009563122803,408.02587922560235,85.31638055844294,85.31638055844294,det2,0.0915670450198228,32.48903780942317,27.45147052622309,24.878610035461207,5.03768364696817,0.15029482175932543,87,"(0, 100]"
10.512546718332242,196.15691609145958,4192.680448709726,28.405435037705455,529.1949271800355,28.405435037705455,det1,0.15969190468504027,4.606813842334668,2.04026196340616,3.805031860905539,5.045274992316507,0.20136933104234997,350,"(0, 100]"
26.19242591498296,176.84806613040993,1011.0444334210381,412.14410216980735,75.6859901004374,75.6859901004374,det2,0.05870827066596774,94.12600100281315,43.76369902706439,30.337060963927346,51.081181709487744,0.0401844729351789,23,"(0, 100]"
45.042964289859405,19.892023164020156,1233.5046292442182,379.2297453172679,16.748406620112906,16.748406620112906,det2,0.22439651344103598,1.0493979609364483,1.1356479708731277,0.9451878916631788,1.4571660496740004,0.2685807800216315,73,"(0, 100]"
139.87706905517962,141.31493812623134,147598.97742624162,406.15746891088696,120.6195041781859,120.6195041781859,det2,0.06787489030550313,62.431418655256444,46.355838237087966,48.09885672736835,16.552957349159044,0.1275625789705604,193,"(100, 200]"
147.76490380496955,287.0683052736888,975.1430556079972,34.23337894449643,500.860982331434,34.23337894449643,det1,0.061263230113941615,16.038530928244597,12.745248378694649,11.22165342858079,4.694858956695645,0.1427642386960224,184,"(0, 100]"
22.724163797317054,170.85254877039813,14495.363809812972,422.9581546551422,70.82607753419944,70.82607753419944,det2,0.06723111399808937,40.46203720223694,11.504288858825554,13.383516171279062,41.879588288422106,0.11948846327116286,48,"(0, 100]"
30.515383203343113,218.6233407085417,2159.3614623179524,20.417709232051376,458.39181713440604,20.417709232051376,det1,0.2695810293785959,3.314876348737134,0.10131281739689502,0.015606890291934251,3.2303620744514245,0.283021182025174,147,"(0, 100]"
47.305027794679745,155.32629455120022,2114.65098061085,55.046736359500386,524.1674110124713,55.046736359500386,det1,0.1073160104686309,13.462654752510716,1.0175945294701922,10.95143133841759,14.48022713082407,0.14175741772530875,267,"(0, 100]"
19.387151042454523,214.89643504415292,1246.5451466344978,422.0909512532721,63.571091883100394,63.571091883100394,det2,0.12379219775298009,49.91245390787309,19.472710759003892,19.63143992388233,47.85774844222596,0.21168193174053543,20,"(0, 100]"
167.25516571564563,69.06494206283502,79947.31503259325,35.90675170676303,530.736387308336,35.90675170676303,det1,0.188139359050141,2.6965470495226223,2.691791432941331,2.55724451555711,5.316045820485062,0.2341309487451353,617,"(0, 100]"
136.87208590042655,78.60620274233581,107003.43781561639,306.18764172644734,137.94473212363016,137.94473212363016,det2,0.06237630413620201,70.38059359864437,72.1986922684289,83.24649353139027,2.648314525797932,0.07285523195879652,118,"(100, 200]"
152.51487831200797,92.20349150750677,45433.84308123678,54.04078893473412,524.6205970084575,54.04078893473412,det1,0.11805539337489261,4.889312871839649,5.55592813528735,8.476816519793777,10.099051335135947,0.17364291095898782,746,"(0, 100]"
48.03703809102906,325.5395242789616,2330.9926306075354,39.255550528410225,517.6976649681483,39.255550528410225,det1,0.04053901270554062,24.513511132377964,5.420906087719252,8.35648304758166,21.09502483308567,0.06538391239716336,105,"(0, 100]"
145.00957461261635,13.502758513393575,144868.0524117491,54.600326344450615,490.8546550566063,54.600326344450615,det1,0.18205856547424223,2.7865445343778146,4.105479925245686,4.608968656499225,6.846609368755756,0.22915828272534042,958,"(0, 100]"
166.38367686112412,33.21898215998553,52024.297576656885,395.88265339729975,98.18296230407094,98.18296230407094,det2,0.07263423041252431,43.98548793371707,35.671454052312455,35.62829508737467,9.092457076496709,0.14896053621200187,111,"(0, 100]"
16.9023658996501,33.6442581323904,3749.2859001664074,10.418874721846759,475.9207718139093,10.418874721846759,det1,0.17222489597473192,0.9324700062400116,1.7114649402829427,2.3514532551487766,1.6095230215557348,0.2344054171038895,315,"(0, 100]"
155.27070455006518,198.13670578387956,11995.397354070374,22.821718919734426,457.7391520778513,22.821718919734426,det1,0.20763855328550954,1.0446829133007618,2.2531496477692077,2.0434134407294344,2.9866990351553193,0.24325032620513967,398,"(0, 100]"
35.064658269653,159.89171294745887,1238.8997130869395,417.19218096039157,78.60224375639413,78.60224375639413,det2,0.1378064231236948,34.97953542914785,17.420135378228284,17.637240032396715,48.92475965981603,0.23233095868832823,21,"(0, 100]"
139.09976775910346,108.97379140567638,3414.846398250702,41.07219465995843,515.2142970465267,41.07219465995843,det1,0.08229460762387543,5.924988358986429,10.880221799402317,17.85675812985224,5.0545724202663305,0.12105452723644781,186,"(0, 100]"
11.636157465155545,324.7697069652794,2551.3529488651693,480.4892591997178,29.729135332880755,29.729135332880755,det2,0.21634297653242215,5.7674493618837985,1.3218418444188818,1.066893652076661,6.548240434235098,0.2639773535854989,84,"(0, 100]"
14.653348737100684,7.970920995240584,12883.175855784053,14.365565107514435,493.24975603205667,14.365565107514435,det1,0.22082471193248301,3.7589445454097103,1.4791047990668953,1.4278207208469742,3.1496069321905793,0.2587071440487761,525,"(0, 100]"
11.980149207891712,118.49417652447013,3147.9400374669526,12.466368766959283,509.4697103776187,12.466368766959283,det1,0.21171360021586752,1.305679152096182,0.9277435435777208,0.8061491063132417,2.216045933815682,0.27688811284827824,73,"(0, 100]"
12.38594349847277,157.34258095669253,1056.269325862591,458.8577112354756,47.15003911362786,47.15003911362786,det2,0.19102502249455564,6.328845256366029,6.355332216097725,6.17942323700563,7.187396522017572,0.2534791145697593,34,"(0, 100]"
151.49599757156767,331.1155321555531,37091.094313792746,35.4661295227277,529.1976699433559,35.4661295227277,det1,0.21498361953158887,2.982527233154217,2.020676232326482,1.6024187855718024,4.796894615624164,0.24847766746051012,477,"(0, 100]"
40.69071413295249,121.19066870635594,1106.9981768041657,488.26342643530035,28.295393592102204,28.295393592102204,det2,0.20440714178766867,6.161471352773058,1.28997139775736,2.5130751948842844,7.300289562521409,0.26068810548252597,53,"(0, 100]"
28.05543762711168,257.44723850817877,1292.7779467313057,39.299668173252,503.33251328252487,39.299668173252,det1,0.1697916213538893,6.735107329525175,1.1703595630357237,4.8244975560902335,7.809560311749194,0.20734265589417072,165,"(0, 100]"
35.27626916013538,45.4173429025689,2287.036456546892,24.73363655067731,390.37076640990284,24.73363655067731,det1,0.20360106123573368,2.5245083781154185,1.1809413191123808,1.3623543751516474,3.6742432018425912,0.23922080295782228,259,"(0, 100]"
169.50411144336817,3.5044775555198067,3229.4410118993324,22.769382430449042,523.8601835217214,22.769382430449042,det1,0.20752690942827615,1.2657206056688244,3.2525477249474597,2.954983592094284,2.914690212699215,0.2510638910560444,321,"(0, 100]"
156.41131783351693,269.93739161149995,5597.023794872407,16.799375676804793,487.0083795660598,16.799375676804793,det1,0.18994234571843657,1.6008468212397367,2.780328326296684,2.6642432047688267,1.179933496286339,0.23617083540655331,311,"(0, 100]"
131.20272467800766,242.25383079609531,3170.389045814446,18.89448162908738,341.9187723671462,18.89448162908738,det1,0.13788459443302953,6.237006178796275,2.3161299187785342,1.0287276959884841,4.945831481778898,0.18311754332812055,195,"(0, 100]"
28.267632950561715,359.74089251069324,1415.761838847901,464.7692244806875,12.813227658991572,12.813227658991572,det2,0.21780249244994754,2.14075018490689,0.2474300749003326,0.2844343731152525,2.3579641799104114,0.26113958302505946,68,"(0, 100]"
158.5911565802453,69.39776493179873,630967.6339584718,47.43092827926441,521.6646350049077,47.43092827926441,det1,0.15185418918871965,5.2139200585589,4.025530619342256,4.394664022924384,7.760004248826535,0.20966785769165777,1113,"(0, 100]"
140.13073140647813,5.966821743484386,51670.47257643783,332.6710701770853,106.31345247935595,106.31345247935595,det2,0.050132014970476736,59.03978369011263,59.95342825875633,69.95794730878215,2.8288124549446523,0.06519838757654153,34,"(100, 200]"
168.3498786997375,215.9826680788247,3839.379176693406,475.85921413885666,21.456978799612234,21.456978799612234,det2,0.1682069541209466,4.922832050442778,4.231704731370971,1.6953907064222027,0.8170267862882049,0.23870585281194337,111,"(0, 100]"
169.36787043346817,20.730058857497752,959889.4055905045,29.301670753086007,529.3304691138771,29.301670753086007,det1,0.16662085919304812,4.310164833082732,1.0081875553793225,1.6477209444616578,5.318271190906928,0.22562394957995943,1293,"(0, 100]"
148.19180395109439,43.169752866277804,202814.64517891896,301.89410952467404,129.56413385087322,129.56413385087322,det2,0.06656419644148344,53.271692179988676,54.280755771450025,62.04108289893437,2.316333999139802,0.11665763476595484,125,"(100, 200]"
165.10841851188724,153.42559065895077,272812.96069569624,26.16410214131898,516.4412201727079,26.16410214131898,det1,0.1661901998101307,3.0854010192937316,1.672037241423912,3.0884312360049657,4.744385683295255,0.22430094582926297,932,"(0, 100]"
46.930382937612094,250.06615617777203,6073.989127742956,27.646962199983726,406.4607719788131,27.646962199983726,det1,0.14916850460207537,7.677931595042707,0.8410786084992734,0.40066835755375535,7.0194483841862985,0.18900480024225283,200,"(0, 100]"
36.62563093130431,239.75744813532984,1801.1898802551257,41.94486310044062,456.2652710386627,41.94486310044062,det1,0.18331150824441245,5.618621634416006,1.4135497160989385,2.650848585044714,6.649636971998863,0.21326879104707838,190,"(0, 100]"
19.293558692050322,141.52691018521173,1672.1527554135605,22.336045239400487,518.2664286759502,22.336045239400487,det1,0.2419995819475635,2.552245755800918,0.8134436767378673,0.6276176440071501,3.3621296971092174,0.26908924513722865,249,"(0, 100]"
12.299815230660725,162.23934292901487,1684.7751453335393,23.641279163471662,523.7453845745661,23.641279163471662,det1,0.17914893179178643,6.220959496512668,2.345056206989354,3.417895539324314,6.463366384515272,0.230662568171697,240,"(0, 100]"
31.73017606584002,91.24579419708303,3000.5655274833066,22.745484395617307,463.1954446543255,22.745484395617307,det1,0.23313621664237555,3.079811419751912,0.8629238551441383,1.0557699251185242,3.816960977313609,0.2595813744050182,248,"(0, 100]"
25.432047858256013,263.7188144795029,1168.2420298301436,29.129428721931074,505.29744406722926,29.129428721931074,det1,0.20289932651882292,4.5758366545133144,0.7416870412984272,1.5013962094004456,4.7351293685859055,0.23496586131069458,165,"(0, 100]"
39.154484550596386,357.93351965227055,4388.31674225191,439.56234653958967,18.730710397407165,18.730710397407165,det2,0.2171818161384477,2.205182745294457,1.0433064811232458,0.9037156991285221,2.61139106270098,0.2660110122407517,107,"(0, 100]"
17.077295337263394,144.77388062724046,7144.1472917853525,30.1985623293468,531.1460406774343,30.1985623293468,det1,0.20823678246029192,5.162627031721145,1.2052233175405387,2.239887878824101,6.362268993360388,0.24909618904966604,434,"(0, 100]"
160.86655073472295,155.45674468631358,689263.1305760847,30.32038933491516,506.25751338531205,30.32038933491516,det1,0.16285605483067245,3.0002984098076135,2.3100172673849815,2.7269187669832737,4.408885525856481,0.22383858710141635,1127,"(0, 100]"
147.58504416128508,303.33684839410006,4897.566432796071,482.8856890562236,27.88324164365824,27.88324164365824,det2,0.20839963188400115,5.022145795094575,4.105509986207481,3.5000025591086885,0.9919978705842039,0.2668047098472058,98,"(0, 100]"
46.70288042171492,358.76336297298747,1317.6498281766899,34.8689335390125,414.4162859541409,34.8689335390125,det1,0.12398041718833809,19.546798125821727,0.560095751771544,2.18526023055463,20.098910348896855,0.21572465322374132,48,"(0, 100]"
149.16097468976906,334.2934505703299,33159.49265014531,425.89799339576297,74.12398930154393,74.12398930154393,det2,0.09936546263874277,33.622559140118035,28.748989139183543,38.592518050203196,8.522868531713293,0.1666345312473494,66,"(0, 100]"
17.082564912276098,251.4178667813501,1264.331306340976,31.963291028640977,520.9939367333764,31.963291028640977,det1,0.20090436176880594,8.124073054939462,0.8616164358343178,1.6490617252829025,7.280180822868283,0.23448015966530422,186,"(0, 100]"
147.00523831889063,130.65349498373823,109632.68386287916,420.2881923191724,97.66297496237048,97.66297496237048,det2,0.059760030344184666,64.15627502014642,38.41148979431495,42.57092633445549,26.823548092037644,0.1443084650658746,136,"(0, 100]"
20.82358161602781,107.54993799423387,8384.73202162766,22.783668268887933,504.03999064433197,22.783668268887933,det1,0.16480009869990017,1.3322732751957949,2.6892814057220615,3.3196926019917776,3.848668680303444,0.23461999504099867,411,"(0, 100]"
130.27604549129455,331.25862762886993,242868.990674369,78.16579334661806,532.5577287302484,78.16579334661806,det1,0.08925203668213778,8.52404790876231,8.314618009883775,9.204104501981414,16.386821372873555,0.13327862314217215,922,"(0, 100]"
151.88519337151928,153.7016399037043,95130.33762009413,32.84756288380583,507.3019406429104,32.84756288380583,det1,0.18333876506989125,1.9949099965090795,3.2648604682860136,4.070944280053119,4.456560564279351,0.2255007365307722,424,"(0, 100]"
45.762305720361525,261.27906986385585,2298.324603708066,51.026133205568115,456.65601981798716,51.026133205568115,det1,0.12139580826971089,22.69956153583297,1.4414443516947808,6.380358428524429,21.31896303848194,0.16613014033580809,175,"(0, 100]"
154.23663642338965,268.55316654862327,3856.655895613706,16.74813370519637,480.02889491540185,16.74813370519637,det1,0.21215482501852898,0.44885088839009596,1.9225175262147762,1.5855895067739,2.1457694128414135,0.25089812698757863,288,"(0, 100]"
14.19343528905039,205.24119553590617,5128.498225541568,36.96500283991175,530.4267889178211,36.96500283991175,det1,0.15894460613911696,8.094608657148692,0.7398833089080228,3.6548651896908133,7.694995133286084,0.19645312477357404,369,"(0, 100]"
26.720034849743424,0.35395597143963414,1891.821241070619,18.55591288571197,472.0386886039667,18.55591288571197,det1,0.2439116155568661,2.592132678187241,0.8134188237316634,0.7481594382071369,3.2788980624783446,0.2713569502339418,226,"(0, 100]"
20.174080350485696,302.89625790522945,5465.00272677399,24.564195925154685,522.0022442247608,24.564195925154685,det1,0.22686709337595615,2.602408690482679,1.2009649665551736,1.483564103558167,3.6614185226597558,0.25584006144119353,292,"(0, 100]"
163.8603117850324,29.765686223073136,259778.1837086133,376.6928751651106,112.26389632904551,112.26389632904551,det2,0.07704175687814466,34.70797555233474,32.59586235092822,29.870951097698605,3.7209262979250255,0.1431907390436468,149,"(100, 200]"
40.44858682565267,61.705268702291406,3823.1144294052915,392.9214469479313,16.801865067119337,16.801865067119337,det2,0.21330317796186227,1.1205845219668666,0.8572267937332334,0.8679673566695294,1.7290124225264556,0.2602133482062408,148,"(0, 100]"
12.054141283352285,317.2707138443164,2043.4545500734746,28.244616925445218,516.7478523360257,28.244616925445218,det1,0.2109415327810918,3.120541298514339,2.382705891191577,3.0685457714598727,5.340191310725128,0.2570103067224417,362,"(0, 100]"
135.0059660477935,239.71177070040346,886703.3001132105,62.14180135736023,316.54973758762657,62.14180135736023,det1,0.14043596737635314,0.48537633020001936,7.478824085135768,6.465693809559429,7.324082734230148,0.19494550858779394,1009,"(0, 100]"
154.4854389966952,112.42690072930296,13519.533596234745,445.41738878819007,59.837628716400054,59.837628716400054,det2,0.10788447795050013,31.369293168304814,22.437574982881408,21.028434277612632,8.96718063355724,0.18780415141315238,56,"(0, 100]"
134.30062651161361,262.78128641470767,7475.173522432024,420.7921086577775,7.934125457594159,7.934125457594159,det2,0.2515049146869225,1.0177694571106746,0.6322169253229494,0.4302093887619735,0.8437885836359638,0.2819601362885732,168,"(0, 100]"
11.12022629192917,269.0123663904373,2794.552549634589,23.89570717378643,525.2746169034359,23.89570717378643,det1,0.21325740774935145,2.430138825562214,2.8879590365560937,3.4505360047203624,4.106700403045457,0.2534902430288127,265,"(0, 100]"
15.577457789054694,261.50311454808025,1161.9251298097515,25.013394321910873,519.1358994202906,25.013394321910873,det1,0.22199226605409214,2.8263498312299804,1.9662877864891466,2.5376569954060013,4.300623172969461,0.2570404086423848,192,"(0, 100]"
169.51436396311826,20.334992583885874,919369.119028878,32.011015368859354,531.6070716956588,32.011015368859354,det1,0.17245653095567298,3.5491304134827844,2.0549345301215096,1.7779881259978574,5.137161252411317,0.23048699409246035,1179,"(0, 100]"
155.78873841788894,327.722889203655,169742.07451743563,408.36046462119623,98.41770470993721,98.41770470993721,det2,0.16532113690354325,9.305578481518939,14.164495530343654,13.374936935745325,5.344815687414535,0.23017188283704926,229,"(0, 100]"
18.611643632474056,229.1987954803789,3847.25499570243,29.76834491665819,511.0282410630729,29.76834491665819,det1,0.21809462743859784,3.638442707800917,1.0424337522734253,1.2842998048400927,4.569677913031679,0.24847352298137326,224,"(0, 100]"
49.891709052968515,287.55326542414764,9260.295929437796,48.28456732299561,506.2388843851436,48.28456732299561,det1,0.08982585737599294,19.493991260443323,0.5418497664740812,6.175513270139336,19.19841482281257,0.129234240374414,210,"(0, 100]"
159.1181924328932,345.61349456515654,2169.5788506197446,28.618153897247034,513.6155644600078,28.618153897247034,det1,0.1871492816399046,3.2273602345902233,3.6146257516060203,3.6571882044388797,4.19723593485607,0.2340409775392796,253,"(0, 100]"
21.732163147470946,27.106182946260727,2123.573348177336,477.4483970643786,4.539085814252617,4.539085814252617,det2,0.2258054773423687,0.5140405415526546,0.353400416336866,0.2565620781124445,0.6172447552688518,0.27934507068074504,70,"(0, 100]"
43.00088650050047,95.33232022000634,6392.398897738321,457.27322703862893,5.584221966472598,5.584221966472598,det2,0.22077610821582105,1.9837610541477746,0.26318762016178165,0.36717213734816256,1.766620050190496,0.2699464542985884,183,"(0, 100]"
41.74908386378617,247.19835733035472,4586.705429071292,315.14726376538647,86.6427540921462,86.6427540921462,det2,0.0441946867368748,97.83407932510127,35.69245544294088,36.719162584926345,86.81367478858274,0.04608817658459649,22,"(0, 100]"
40.98810644870666,80.64441078636538,1034.0225244837684,426.57827283621987,5.779132635766233,5.779132635766233,det2,0.24160161726969973,1.5655714553577664,0.2544991755987007,0.0658469160400783,1.396759086923614,0.2770046776836274,116,"(0, 100]"
143.03387730824141,9.033564004150948,62189.0923478408,317.3360056830108,129.56740696322535,129.56740696322535,det2,0.05407006010947895,66.5825704062389,59.809962951243676,58.95571226193453,6.828422023930568,0.09686195369132945,115,"(100, 200]"
165.97911994333168,293.67521202459284,474721.2344135209,20.63113471210898,511.40847107897804,20.63113471210898,det1,0.16046390232400126,3.7427297848097405,2.015091289073554,2.5755737012991684,3.6831761022767635,0.22285357237885345,1106,"(0, 100]"
32.18938136002447,63.12400944342784,17812.727702377055,15.956945202688743,424.8076866112253,15.956945202688743,det1,0.25305722285149995,0.6661632602645297,0.9396669742991518,0.9037193663121217,1.4974505229570212,0.2763450877094771,299,"(0, 100]"
163.52870168830938,107.8245380585624,920451.6748621723,36.01890742518789,529.5103545195856,36.01890742518789,det1,0.15286608398351037,4.1967966815344075,2.185274974438173,4.339053451543677,6.3752952850894316,0.21339854362223307,1171,"(0, 100]"
159.6103099165345,228.67969032143498,11381.323928634227,465.4874975029733,10.506348783890504,10.506348783890504,det2,0.2730809825574682,1.759487330988218,1.1609050929651261,0.5869198168862467,1.518724941688434,0.29139672487351986,138,"(0, 100]"
24.488398394616894,306.5079065038337,1115.1001152033439,33.61868913788198,520.9343071665492,33.61868913788198,det1,0.2182764686915516,3.738229101378089,2.739876265451258,5.371779325778191,6.389739177626807,0.25198564115604716,197,"(0, 100]"
22.526017369341325,14.100585248519165,3238.2707396779924,16.82579848086663,467.18751068813106,16.82579848086663,det1,0.21145115386554358,2.3489496181252423,0.9197005529023702,1.075477828376553,3.014794206987513,0.2488139512866182,291,"(0, 100]"
136.56548114922828,207.05018685559068,3480.6225197884446,366.030084919771,19.23087732670347,19.23087732670347,det2,0.22277585018583532,4.034343424690248,3.1954859514492227,2.0840584292131097,0.8610499616995796,0.26670643873583105,181,"(0, 100]"
136.13607134848732,28.67929895162132,899062.0274994109,63.471325124175706,439.4445889574599,63.471325124175706,det1,0.11270933021336556,5.5084864025583995,6.146282297110523,5.997005697641924,10.89343776529846,0.16708754868989317,1027,"(0, 100]"
167.54783736906234,34.50886226315469,9329.356049734033,27.069399224730116,522.6288069700244,27.069399224730116,det1,0.20881660886480746,1.6264036526217613,2.7338198586730176,3.893933664091449,4.359075434915099,0.2513242769977944,294,"(0, 100]"
36.848803547770494,83.17075433342782,1323.6622659190955,448.98769081367567,6.436632588676351,6.436632588676351,det2,0.22244056233381757,3.9284427717611043,0.7815801641232349,0.843996810602519,3.1716933416649296,0.27077948670050467,83,"(0, 100]"
48.201430300046894,134.3663770873971,1198.447570176403,463.82255881425857,45.170480264664306,45.170480264664306,det2,0.19156289676565488,9.005535558054783,4.668423185617482,4.708604403423108,13.132828314219141,0.25419106009660836,33,"(0, 100]"
32.61583297276137,152.39252243169165,2476.041966994355,443.3501491433701,59.971588046561905,59.971588046561905,det2,0.1625548946972619,8.824826608216487,10.057986315244118,11.552950890025244,14.03843278333961,0.22347022622746807,35,"(0, 100]"
47.83782753525602,164.10979230801317,3110.0931589502043,396.41814020828735,86.12829989149688,86.12829989149688,det2,0.10596787024867389,49.496762145403316,12.24674489192712,14.715169386574164,47.73091729293485,0.11830981205922264,24,"(0, 100]"
151.39150113745708,259.1976381578141,90427.08185170052,443.6268786616164,23.56620161994787,23.56620161994787,det2,0.19829607096221208,3.0379383713868013,2.85445186944674,1.474964191786369,1.196268519998934,0.261234750266916,337,"(0, 100]"
161.12183841756203,342.4375058966156,88189.40014505036,383.01724580238033,118.6319795837501,118.6319795837501,det2,0.08995864346534771,32.59429764023117,34.279525117641796,44.341993779942705,3.6026339116246278,0.145548565265277,173,"(100, 200]"
22.646212626636927,51.54031567441977,5733.423535510495,465.99932345143907,7.666928559604004,7.666928559604004,det2,0.20947358409180655,2.4961443218304886,0.38817644201681417,0.09402385555788387,2.112245207200604,0.2568228106054096,122,"(0, 100]"
152.47046571649705,268.32825537610563,5395.017536303488,16.798768115653775,471.6662719967459,16.798768115653775,det1,0.20842479490913554,2.17201886686527,0.5335174619314175,0.5341316827445257,2.6513608084743607,0.24403919299449756,337,"(0, 100]"
40.69787939185296,203.1151865635672,2422.6807943872627,311.42620935564804,112.67632985569024,112.67632985569024,det2,0.07479578261212316,67.61155362817209,67.98665797024569,107.3000659708699,0.4720031532147062,0.07610295595212457,36,"(100, 200]"
154.79057664402782,335.2745813456849,3205.3668241425967,32.682801361683914,523.1343727560213,32.682801361683914,det1,0.20555824855461466,2.27340762018207,2.546531435192327,3.4025624463116966,4.802057180863646,0.2413265531372624,304,"(0, 100]"
139.67855154968657,158.23614268063565,1920.2049449410972,33.34806468920684,493.52221804018745,33.34806468920684,det1,0.10629173893872848,1.5709402984466962,6.226325935919002,8.90017961699773,5.100411508707183,0.16714201381544083,268,"(0, 100]"
140.08841107413343,344.8430531104988,5329.964601515666,33.78906344141957,502.97190768991766,33.78906344141957,det1,0.2010022498811436,2.672225648006217,3.9659479259969355,4.5467186352921924,3.8339591699310995,0.23326031643251968,195,"(0, 100]"
33.58234105778212,20.49613963684208,1141.2047100622628,23.262062489213527,419.848715223685,23.262062489213527,det1,0.22465095905385235,1.7817630058500804,1.4091292886155868,1.8806428124993475,3.1890520233982778,0.2527093734874795,209,"(0, 100]"
45.260589905807926,258.0458924633201,1332.0876143063774,42.40214160732958,447.50602732490876,42.40214160732958,det1,0.10798516518776612,27.563820222772325,6.831203116358566,5.948251961463544,21.01819982800455,0.14341751632201083,109,"(0, 100]"
28.83842426044439,180.356397813499,1669.1844339954264,35.89580450141249,507.1419015581051,35.89580450141249,det1,0.18728782583781517,7.117658122605865,0.6713360721083718,1.539936809009739,7.053127022993398,0.22515224858836017,192,"(0, 100]"
28.01306402949025,298.4669533444571,1103.110884268351,2.2089647374427024,505.5908831830969,2.2089647374427024,det1,0.2157130332827372,4.13251879286447,0.6690950381912182,0.9666577904075657,3.490300159094977,0.280805782967581,64,"(0, 100]"
169.0308258364966,158.8920844572888,771.4241110071739,9.1139571188692,509.6717184793304,9.1139571188692,det1,0.07902139728393004,23.524041176625694,13.841948131543164,15.307713258246194,9.96972374239953,0.12735053780707897,91,"(0, 100]"
44.13812693959437,173.25954863757823,1145.1236884164387,35.30506799161051,480.65134424151023,35.30506799161051,det1,0.16410432613636677,8.262416217561855,0.7233533622161107,1.6502454532863824,7.831775719414086,0.20119239057274302,133,"(0, 100]"
130.5320719392588,211.83795693887575,27615.93849631768,330.6587845650674,11.723394929541028,11.723394929541028,det2,0.24524010551588066,0.6125380361062878,0.9302877457934208,1.2446997892325267,0.5643973126175281,0.2806638694724557,314,"(0, 100]"
44.03089086238973,178.94484398744763,14349.690361184756,58.706034717564016,485.5317602289778,58.706034717564016,det1,0.14501172201665552,12.715340679812288,1.4368232404551626,6.574572320283091,14.105693634029192,0.18755903890266828,280,"(0, 100]"
11.283730740665566,200.73637813643091,2841.927413122475,30.85681879657667,529.1883902901591,30.85681879657667,det1,0.20890806777971135,5.9218342319038975,0.5106750434786069,1.6896175630831245,6.3420703970882295,0.24492582232229057,318,"(0, 100]"
141.8241248409019,233.7063061990854,18674.35202952611,29.016216041254772,374.0163713986064,29.016216041254772,det1,0.17557493381804865,1.466099810902394,2.635155632712013,3.562013517161749,4.1012120976922875,0.2222821993634262,517,"(0, 100]"
151.75010770449273,235.7946641181804,49437.31309158396,431.2437578940621,18.505637949385722,18.505637949385722,det2,0.2257331259238763,1.4297589217605455,1.8127834652455932,2.115782091185399,0.8823841156337309,0.27250660939741966,269,"(0, 100]"
48.62116028668948,75.19034823869244,6827.728139848215,388.7669987193194,1.367434849368123,1.367434849368123,det2,0.2677104749980753,0.1069885714481405,0.11211014477345416,0.29567049314479465,0.04708120479022342,0.290260094301804,165,"(0, 100]"
22.63999585755774,31.732685321065258,2434.275734999788,458.60741227037784,12.153922777855467,12.153922777855467,det2,0.1946559366153566,3.6549646691865814,0.48734328740859195,0.3585232897298461,3.2207693170035547,0.25016670862076545,66,"(0, 100]"
26.228222879447173,254.7493819538111,3295.8161103500897,34.982660466872474,501.5633209826091,34.982660466872474,det1,0.21247304210417223,6.157996721681874,0.12799063911790728,0.7873041021717622,6.139262774133377,0.2430506938189042,271,"(0, 100]"
143.326668572382,349.84494266178496,336999.1989537791,343.0122420838253,138.12763301569308,138.12763301569308,det2,0.07602222322294752,43.16045040057203,45.18814090665534,47.44216574298774,10.281137073077945,0.12081260451443061,178,"(100, 200]"
37.02377343433578,107.40629259355,1717.7970147977771,465.2085937238519,24.993017574718706,24.993017574718706,det2,0.16954910598904785,7.849961942454284,0.1935527398272289,1.1862330286340164,7.731828597398083,0.23476758861907943,97,"(0, 100]"
163.85688532208974,99.60792348574451,317086.63312121556,28.852440498898936,524.6985518591027,28.852440498898936,det1,0.20546301231528055,1.2335495437494577,2.771082279485847,2.7263042657054064,4.004407345058425,0.24470624666011115,314,"(0, 100]"
29.284856973256858,301.09719170041444,11424.357532170205,43.12398726015948,525.0619583385107,43.12398726015948,det1,0.19110728498314372,4.440389830144207,2.642332305902773,2.9632448460315644,7.082395506720103,0.2329460793472891,367,"(0, 100]"
165.96953915514507,33.18434766204099,757137.6294725727,32.81336054180922,525.7838058153131,32.81336054180922,det1,0.16659883308707774,4.481281547879306,1.5154548437634823,2.027711945072744,5.952589291019832,0.22274339710006863,1035,"(0, 100]"
37.1818045774618,282.04759808760866,2185.3087830069107,37.36676664510126,501.6795025817636,37.36676664510126,det1,0.15265706197502596,5.482165011822546,2.846282732326774,2.266671430182185,8.049980683162204,0.20238234942507696,150,"(0, 100]"
29.771012021835002,115.03006987836322,14217.40505824749,25.078103482381895,503.2478881153704,25.078103482381895,det1,0.2197101455666254,2.9722246851187633,0.7669971137901094,1.2252174144333916,3.725450671410522,0.25274255271533913,409,"(0, 100]"
141.3547623602865,135.03596294213017,69183.69684137899,55.691235532841,525.5835528037312,55.691235532841,det1,0.10868404290533269,3.1705581984274067,9.474576757410771,9.838373768995513,8.130309202366664,0.1744942016407591,705,"(0, 100]"
166.01961428538175,38.25022300205093,1296.7868767646983,32.91285962997892,525.4623121340478,32.91285962997892,det1,0.21809781554593585,3.8107156507808497,6.071934956214995,5.733081332201287,2.269432765392785,0.2555659837434239,209,"(0, 100]"
47.571712615923516,17.599532042364128,1317.6136026398794,23.890289841572027,362.20509620720804,23.890289841572027,det1,0.15548117831422612,5.599728533901424,2.2084160471164127,2.7216866666753643,5.467633888012471,0.1991834647171414,151,"(0, 100]"
18.365394765469294,115.87705947787047,2562.768032969174,488.0640941819169,17.260971299794647,17.260971299794647,det2,0.23648597502327015,3.943245573699366,0.8288377774538992,0.9567435111060357,4.057243722422511,0.28027303557634364,96,"(0, 100]"
27.47956959654562,350.23938557549997,2214.3763333690813,32.072551655942746,482.0773684210817,32.072551655942746,det1,0.14889359084689371,7.125992352498838,0.7877785614714692,4.614693412585397,7.558995482534367,0.18971345086482483,257,"(0, 100]"
160.20581011225136,88.44300023770793,23789.425148636205,409.3892407041121,85.32801435072618,85.32801435072618,det2,0.11260320156982978,28.063258944190366,27.696130805813723,33.99418277053865,3.466386697885719,0.18017710130273593,74,"(0, 100]"
26.400591110279457,219.87011462270456,4417.808331627815,32.809279495286866,487.6171274045982,32.809279495286866,det1,0.22018751964076874,4.708276933825133,1.0024407493540117,1.312388507064427,5.454821618141789,0.2552417735679397,288,"(0, 100]"
38.2825637398465,140.14866627619688,4001.368421632759,29.054647118893445,518.1796810840568,29.054647118893445,det1,0.21100206535339236,4.023412538767717,0.8000758393960237,1.5644021665572867,4.744189559147718,0.24577359095734208,218,"(0, 100]"
158.85575789466196,75.22002684778245,62052.74227340361,43.197206460768285,523.19129107431,43.197206460768285,det1,0.1927176377017169,1.2698295669529354,3.875095326132564,3.884761396534856,5.118990648184145,0.23430319373708378,531,"(0, 100]"
31.030296742984522,25.46301820328866,3869.82410453858,18.32924772257883,430.9479516526954,18.32924772257883,det1,0.22557723605274468,2.3932857918506962,0.548666229505267,0.3559493346468567,2.8167908554309142,0.25440010745675173,240,"(0, 100]"
138.4037607305765,203.20467568376716,3250.533848418579,36.07177387088855,370.8627342743386,36.07177387088855,det1,0.18967485924320351,3.8065997215726513,6.596838383806082,6.430778171586806,3.3923713545606455,0.2216330919075146,211,"(0, 100]"
10.585417513271093,74.19548966139367,1298.487218468202,10.869485373514491,497.95882498488004,10.869485373514491,det1,0.2004177500692111,0.5168362754340932,1.2070027431701256,0.9929705036559112,1.5320198516193682,0.24933392658583725,292,"(0, 100]"
19.411031234329677,341.05826620948324,13047.35331834642,481.37967367726696,23.21766184540194,23.21766184540194,det2,0.2378260474427408,3.1404383692663314,2.236100923169202,1.9295052304886808,2.2401870157549237,0.27735029972692643,99,"(0, 100]"
151.56076701194118,51.30931963987202,797291.7960120015,34.26939449399511,480.9355530507411,34.26939449399511,det1,0.1548633736959314,8.450495123748127,0.6404094992352226,0.16787523203076046,8.297191243335552,0.21107755849244034,1014,"(0, 100]"
145.41575122990295,358.39252949491555,135317.08081738898,360.6255667815136,105.01670353281723,105.01670353281723,det2,0.06709691380480644,53.3571403614938,45.81994798726223,50.681352206250274,11.851432203089509,0.10733850785141785,47,"(100, 200]"
160.22096630056643,137.8113595720489,5856.043511885968,26.60689090460131,518.8391475982731,26.60689090460131,det1,0.2059457402267863,1.1681854187550902,3.7660231996085924,2.989170369702324,2.7382186199482614,0.24351901779163787,273,"(0, 100]"
33.6119569380402,245.49946389963097,1803.7052389754635,33.086901371551846,467.04588267525804,33.086901371551846,det1,0.20504806305495435,5.301922698281532,0.854165618639958,1.6578211144621458,6.083558002095397,0.24268376199669442,200,"(0, 100]"
169.34971560429125,167.04493284952693,6220.6110727136975,15.370416278211232,513.0116202348213,15.370416278211232,det1,0.170590003666864,1.0885200614358614,2.2729380208248537,2.072571639974725,1.6645099333853142,0.22535801812344552,427,"(0, 100]"
135.23632517925884,146.45061129799814,78385.80384215612,55.837804969921805,515.485934357683,55.837804969921805,det1,0.08805327196084503,9.159447579785713,14.847503366437103,16.103731550625948,5.905373231678883,0.14602284792425269,410,"(0, 100]"
25.64768763177622,276.2278807718149,2566.390730033273,435.54073586468127,54.4636339318479,54.4636339318479,det2,0.05193643734271675,42.70633176801625,17.01632482432358,29.767992285135886,32.08590439449219,0.0861570546606119,27,"(0, 100]"
23.62743216334187,101.13083677108077,1128.4049800928876,23.2597635884127,488.4382982376785,23.2597635884127,det1,0.21199633240188856,3.9376611380242807,0.767874005119862,1.0158407711239692,4.611801756216771,0.24844487939507987,182,"(0, 100]"
135.00707382903784,149.7809992686579,474622.70687688276,416.43566859762825,100.65889912466206,100.65889912466206,det2,0.072428451297486,49.1878248906467,34.38557254664236,31.777397876212206,16.872763957198263,0.14673813384996776,198,"(100, 200]"
151.38000011323768,197.09045907591397,721647.0119866136,32.00999836403337,436.9082110671214,32.00999836403337,det1,0.19704989682190166,1.6350793644984318,2.354694477819279,2.1755309034563144,3.62887875930167,0.2437916178663263,952,"(0, 100]"
39.6925163490801,241.1786128899842,1639.0375893086452,32.0725714991229,434.097669698045,32.0725714991229,det1,0.12620805279065267,7.239148719500461,1.0674950487198016,4.566515129751225,7.823990582033291,0.17069005386664737,169,"(0, 100]"
156.74102705363504,52.713733700981585,50591.300130869764,51.97914201235681,518.5159976681709,51.97914201235681,det1,0.161406113861255,4.606591898723072,3.8539786414626795,6.446944558370268,8.154185325283288,0.20579327208837372,695,"(0, 100]"
37.928266401576245,271.8671444256752,15814.709074841094,42.61629577513974,493.4905535625209,42.61629577513974,det1,0.14638159510002552,7.322960846148324,1.594686412158481,4.249426866048444,8.808439194197629,0.1882416273127514,288,"(0, 100]"
151.94804326626777,47.68064448868306,42246.90248465504,44.994148494964946,493.26815725047436,44.994148494964946,det1,0.2076848413394275,2.475311802893468,3.4137149174904002,3.4031590066828903,5.832501499391121,0.24546919812173026,479,"(0, 100]"
39.17557219219225,278.2209516035246,3054.8807409196806,44.49676080759066,505.5984746548539,44.49676080759066,det1,0.1038054978722168,7.9343615977679836,2.897316423518693,4.895171852101119,10.593234988246625,0.14014197230535147,181,"(0, 100]"
36.74995758754688,343.50444421281696,1497.1062984067107,471.632454237239,19.867110314016482,19.867110314016482,det2,0.16329985791831444,3.2452910436141083,3.7192648394642793,2.5021407327826575,0.9918836240241456,0.24181960696576893,53,"(0, 100]"
28.33045713347085,226.39586568137108,1238.8726450856286,26.773870070962516,473.7124438822438,26.773870070962516,det1,0.24318558695435635,3.5594172741477696,0.2772740848527692,0.7769101460560477,3.833707281112118,0.26344056362882196,141,"(0, 100]"
152.92817513342487,144.39791273424368,596744.6078690407,405.37411886520374,116.70087155729792,116.70087155729792,det2,0.11884697886270307,23.884798827817306,23.00091846245649,22.293628394058793,1.253571651013634,0.2020591424336143,308,"(100, 200]"
21.145244899446393,93.96776627333873,1044.8389170660275,490.04159277497143,12.095407825807309,12.095407825807309,det2,0.21170033454084092,2.382778369419683,0.635685852576525,0.6061604424581946,2.5001644119638233,0.26094096261082683,80,"(0, 100]"
10.159369795898902,202.9188921547909,1208.9718732489878,22.10625879995217,522.2295384857647,22.10625879995217,det1,0.2188607450801875,4.758215479777475,1.2041654681634586,1.9214692397140738,5.079007032622135,0.25216550707103685,198,"(0, 100]"
140.59678222952533,76.21816317184673,36139.13404879017,40.78647343567738,463.0623029103661,40.78647343567738,det1,0.12741701274736678,5.057052705313644,3.9222377739089826,3.384193731887549,8.61328761875649,0.17711471323629766,354,"(0, 100]"
42.55444983583044,299.42975248532025,1141.1142294824547,36.78845223030525,518.8464842627452,36.78845223030525,det1,0.1720764402039677,6.080063967388727,1.7637148725989593,1.8214120769299864,7.653761733514248,0.20585772100848168,137,"(0, 100]"
13.358949806702226,292.3569897673307,1060.2838022018902,25.761429838099215,526.6918516554081,25.761429838099215,det1,0.17835469135247994,4.8679887872671275,1.8007029378098554,2.3693734300602474,5.827629271651281,0.22849651668263696,256,"(0, 100]"
164.29714870691546,77.37274904262873,720224.7364273582,371.81582569334455,126.73516458351394,126.73516458351394,det2,0.11209257756950458,23.208955117579524,28.365832270451588,33.08270426533232,6.296284827627212,0.18393543173580718,218,"(100, 200]"
166.15235999942104,247.8816283084409,57887.96630923159,8.473875612298984,488.26965674252494,8.473875612298984,det1,0.1755239866409796,2.5805608420392288,1.9189933766429037,1.844373045272876,1.2157634841572014,0.23246720024683984,703,"(0, 100]"
10.536356966036335,61.9144335568589,2522.259386864872,491.30525510958665,8.798254286533876,8.798254286533876,det2,0.21515837988718275,4.62862288625965,0.983711718900284,0.9403748003462389,3.7882913525972257,0.26692602083365385,86,"(0, 100]"
142.87953783312815,194.46536614624932,867641.1996783685,43.66340611539813,406.7011371794326,43.66340611539813,det1,0.14154602007912281,3.773190155104753,4.49556275927602,3.3419596410623833,6.473651654702281,0.20448391494313997,1166,"(0, 100]"
169.82545513941142,2.6043039218954105,2875.498606801505,22.81553265762079,525.392704338451,22.81553265762079,det1,0.21498504826082251,2.254629889191251,3.534676792061162,2.454213519810381,1.3973764610090156,0.25060879818044274,237,"(0, 100]"
20.919563761545778,131.06680946717364,1087.5054776791346,18.17093798926565,516.315158303067,18.17093798926565,det1,0.2436719743363347,2.1807227190979472,1.3795328593839278,2.067612017777112,3.3558199460208895,0.2715236361237426,176,"(0, 100]"
42.198821294206894,189.66807969351407,1404.5540543488999,38.96418176737964,451.3486254364536,38.96418176737964,det1,0.1914690801587134,6.801653239184412,0.23505740702684533,1.5174596566507383,6.649176975945621,0.22186128739361038,134,"(0, 100]"
144.0849007645972,319.69927702880915,63050.52113909043,41.80243827729775,527.4173218029871,41.80243827729775,det1,0.19904726791192698,2.8245536689284108,2.7862181731553357,4.013998678314844,5.4703658033885665,0.23650028393331288,580,"(0, 100]"
133.3327886200253,53.78134215878665,490858.5761799893,214.63955132292273,140.65741702337544,140.65741702337544,det2,0.06233399336171124,62.33178485372236,65.3218113985558,72.52796743709003,3.634447814494044,0.07376939707361724,104,"(100, 200]"
169.85535020860235,202.52560170461737,4643.189539285025,496.34897093282973,9.162186804522301,9.162186804522301,det2,0.2181501939229562,1.6555638303536417,1.054612416953907,1.382757835174059,1.242852765133761,0.26710292018295123,88,"(0, 100]"
35.93190436598945,72.45749055936875,1105.2875960549807,21.34793113709595,421.1320272179128,21.34793113709595,det1,0.1842220657853085,3.46070989861359,1.8627185085993916,2.514958971985724,4.41759840513549,0.23002161848610125,308,"(0, 100]"
164.14255301772081,89.24457677334308,22953.72093890109,418.6454996133653,79.53375633270042,79.53375633270042,det2,0.09213896865534105,29.203352530551204,25.263315087311813,28.470546370950537,4.539342450058769,0.16798944570464378,74,"(0, 100]"
38.77645517869001,299.01619949075206,1013.1510607647267,29.655591841091,511.58684581292755,29.655591841091,det1,0.16562916877033831,8.926657479998202,1.1598798517358495,1.3243348999348463,7.816818311794429,0.20169108631481764,102,"(0, 100]"
19.602944096236374,70.39873094855093,5292.637412531065,472.5608798798433,12.355570771393266,12.355570771393266,det2,0.20023263719111156,3.240902965343781,0.18550580011028572,0.4683387449921569,3.067641256444662,0.25455887453713333,132,"(0, 100]"
22.912961533467037,250.1415671333011,5182.047285030313,30.398217773758606,504.3206783539448,30.398217773758606,det1,0.23037648644790687,4.1089529053111695,0.7287742510209348,1.0357362326688428,4.824747401176744,0.2574813177568156,276,"(0, 100]"
152.425997525751,220.36433885005997,8591.056278164633,21.199814385730527,430.3286447136187,21.199814385730527,det1,0.21739017841434705,0.15822684905269188,2.569637521892849,2.7256406427734796,2.4124183731089834,0.25198142005412266,394,"(0, 100]"
155.7918270561597,295.94901826657303,1378.6650362754494,16.76805924530386,506.57244617514255,16.76805924530386,det1,0.17725290731608975,4.241703316113304,1.409727546638095,2.0705951970035454,3.976701576697408,0.22542284212020353,234,"(0, 100]"
133.23360404266754,287.9729660980424,17859.2676259188,456.65035745985665,26.228183945927306,26.228183945927306,det2,0.19999163161476205,4.903456224722403,4.497227005886623,3.890140568865905,1.8154584340522288,0.2558676930532732,135,"(0, 100]"
36.17852032839928,108.6864600566694,2250.540190659621,26.21252245492216,495.4022787356438,26.21252245492216,det1,0.2206944791320825,3.4189907788532645,1.256791910162086,2.1392877603684157,4.675410944972658,0.25377737541735895,210,"(0, 100]"
48.50758830388288,109.4404176947043,1954.982767541565,24.938133314999167,481.9847170025811,24.938133314999167,det1,0.1339976787936808,7.33907643479853,0.49555187602344336,1.6520535740959397,7.0987061356717795,0.18448954759726338,124,"(0, 100]"
27.38733811980227,195.4710452328836,1446.0055874537525,24.529302845009273,484.00758419620047,24.529302845009273,det1,0.19678861246135945,4.1699039337499535,0.41642105439810506,1.496495832103854,3.994365633433153,0.2276519850117272,179,"(0, 100]"
47.12891627756925,351.74983184905557,3283.212266375626,31.335973134275616,449.3008342549833,31.335973134275616,det1,0.0930577087775728,17.702111701556117,2.259152998002262,3.4575506322553604,15.444610226450472,0.14102765739511525,181,"(0, 100]"
42.44884408545337,94.8280657437286,1295.0873801545613,450.1820285354062,16.914914350824404,16.914914350824404,det2,0.25994800738116036,0.7361333973807351,0.9234582227517141,1.0370309008192693,1.4844854096900775,0.2851812460635173,86,"(0, 100]"
141.83524438581676,115.1319989468478,69136.2011552061,55.154178610655904,528.1185506562917,55.154178610655904,det1,0.16320506371445742,2.8070365925541765,8.698675837207166,8.816254514888687,5.958966527030453,0.20777667945889797,402,"(0, 100]"
37.046919901463355,217.89273376192216,2140.5265479204154,34.56051806556886,440.9817998165467,34.56051806556886,det1,0.21169708185586256,5.455563920378431,0.7404930317989857,1.390830478799228,6.136267289246999,0.24086569591832377,132,"(0, 100]"
24.86093479180327,331.57976867845633,2763.1345614012844,33.73165584667578,509.91434191854415,33.73165584667578,det1,0.19525862980947709,3.9773713135576654,1.9707303157875966,2.5726095008530834,5.940371892100282,0.23795950976227032,293,"(0, 100]"
35.890205125668246,79.3652950281419,1763.4835057410887,29.368067018209217,429.5771009106762,29.368067018209217,det1,0.21215401814012588,5.252744523023238,1.0179930563924535,2.0325013894710593,6.128329730428895,0.2456941779180332,276,"(0, 100]"
150.52071670780018,167.86687941375078,9252.584698819983,468.08797404187413,20.856375151608447,20.856375151608447,det2,0.17139943673022826,9.040475614195191,4.843672265906432,3.0247090929803377,4.207677659343815,0.24434407941850192,80,"(0, 100]"
150.8310954844409,189.53247646978684,9725.64116368328,17.747670926888024,457.5158036405663,17.747670926888024,det1,0.22031375683486956,0.7583035781619873,1.4898335180043845,1.7081402874071738,2.200032737915749,0.2525878976446821,343,"(0, 100]"
159.76243672477025,179.78721313956174,1891.0189766248645,20.7146056228121,489.52597737148096,20.7146056228121,det1,0.13830727756009412,9.737635589049413,7.492631362234145,5.979689529064967,3.008076197111992,0.20509573017435662,257,"(0, 100]"
158.32422393899003,203.03011526697838,29278.96534158727,469.0584269300686,7.9857737299345395,7.9857737299345395,det2,0.228996469040321,2.257459834189352,0.8118234310908509,0.5951501720375261,1.8975098897521112,0.27043190862886585,177,"(0, 100]"
21.692763596796922,108.48561531189803,1765.5416486651995,15.117800223001446,502.9823599824348,15.117800223001446,det1,0.22513881812854514,2.1381595730660687,0.6807492332301563,0.9541632627044377,2.792973346318885,0.2596249493655068,258,"(0, 100]"
153.73991184931558,125.55795062177158,244060.11549592775,438.9440329790615,81.10557864965197,81.10557864965197,det2,0.11916628127460334,16.66418528603491,18.99579513983027,19.458458452537407,4.631983466166813,0.1857909380056768,129,"(0, 100]"
35.33249754970289,306.48588598413505,1320.012417309203,483.95966659802195,36.917557749483585,36.917557749483585,det2,0.1247020203653358,20.591036517267067,2.0798421546740102,1.065919914898185,19.740569459244778,0.17793511915067506,25,"(0, 100]"
158.30647091561204,7.477418865300752,340806.23234964174,33.06432701082234,514.50397394241,33.06432701082234,det1,0.20867590672547962,2.3725731404052546,1.9750636860459576,1.5607057745067225,4.095657298769384,0.2455488037443965,472,"(0, 100]"
43.69593946846085,217.26369659162106,5585.072237674649,39.387817004975666,407.87183975553836,39.387817004975666,det1,0.17705866228116665,9.280444239694079,0.6657836347459194,1.1512945647018682,9.50713196568845,0.21800221335175268,232,"(0, 100]"
138.17899195636934,32.26494704591385,48702.39773159059,299.335388773251,93.29964110189059,93.29964110189059,det2,0.03331948976813573,71.22174080165544,71.41679493754805,61.533042909795704,5.343336831322388,0.03752231237353207,35,"(0, 100]"
168.68529318934125,221.79575084456036,3722.547381304238,472.77312858992497,24.997316459215362,24.997316459215362,det2,0.23282985570192566,1.850425114187008,3.2543626625670683,1.3152900888279153,1.4126161683099863,0.26952496742367404,97,"(0, 100]"
30.180346349252687,308.2742941164982,1489.4577080657893,481.24206901520364,37.391934025229176,37.391934025229176,det2,0.09501794992561002,35.333053791831084,10.049837050818311,0.49288551976903866,25.909915432635536,0.1395112212366208,28,"(0, 100]"
26.594087134347856,34.715688440703026,1528.7439970574583,453.0600390028992,3.320476012198899,3.320476012198899,det2,0.24444177482685134,1.8784563539869208,0.8450267136963016,0.48952360443195253,1.0344185020298446,0.28030907030072605,65,"(0, 100]"
22.23819947255411,53.067896235385,1492.509619336886,8.911906286380168,462.4776965571372,8.911906286380168,det1,0.16632746232216603,1.3931162764232994,0.3921431734218534,0.5781287067060255,1.486946304792152,0.20447478901733296,306,"(0, 100]"
14.291756851576364,193.07004339761107,1787.6322804266536,27.281349049608203,522.0184691974408,27.281349049608203,det1,0.1870813032620783,5.206856857267306,1.4462068603687164,4.43142202357684,6.4437899660762845,0.23084965911597446,210,"(0, 100]"
31.80299090662777,163.5365796338214,11693.381777264663,407.7546701622303,89.76255765914692,89.76255765914692,det2,0.059963558804758836,19.655102802076197,3.7907668590737207,12.552625137491285,21.71135461589146,0.07685899340809163,60,"(0, 100]"
13.104417040174766,20.459669893481053,7429.944776818015,14.057092419155747,490.33566556187395,14.057092419155747,det1,0.17893537147333613,4.031335203760284,0.9204599824615808,1.2166454322631153,4.129030711216251,0.23433070432233558,421,"(0, 100]"
28.040877338821584,160.03067970694534,3170.196949802272,423.20473523703384,77.34867874972713,77.34867874972713,det2,0.1149217429552412,26.21125660107798,7.974919879754471,13.139844539985555,30.249029143340135,0.17180610435752933,42,"(0, 100]"
22.32171606201163,53.266815322483765,1123.671100983984,473.1709388038459,5.556815492620653,5.556815492620653,det2,0.24631706320716124,1.449189906725157,0.2495042474020614,0.4321928377900392,1.4116276561194678,0.281422463796486,73,"(0, 100]"
29.063046086204285,146.59105440118054,6009.193924852185,434.01564998350193,75.91013528830199,75.91013528830199,det2,0.19539546115008513,3.5629481567888472,8.500401486259301,8.87960259616826,5.017186720919997,0.2563020234933886,61,"(0, 100]"
149.36404415022315,270.61583102979563,177840.6660435347,28.87972463799186,466.7159529812195,28.87972463799186,det1,0.18298594714232866,2.839513434588731,1.55200402432532,1.547556749451323,4.34637909565322,0.23120162390984905,855,"(0, 100]"
167.70788181837895,126.10212665593836,140328.81184750973,33.03588252033282,526.7961951279732,33.03588252033282,det1,0.18502697149780897,1.9516560730358574,2.8686347376217927,3.9465193248899633,4.419735241106577,0.23590020938987905,755,"(0, 100]"
143.63983736118712,324.94069141324184,2339.248163282349,28.727711279669137,522.152867453355,28.727711279669137,det1,0.19651084397337504,0.9020915297553154,2.877655313383144,5.267190200938928,3.1904467425854977,0.22815182962034025,175,"(0, 100]"
46.545613019936134,136.24997594255566,2119.244622860395,27.523085345576163,516.0919405035335,27.523085345576163,det1,0.16447140024873416,3.4861950699093627,1.0855156645504516,1.8259467428785943,4.566791457324211,0.19894753156986364,168,"(0, 100]"
147.49887516976085,20.735492805163748,193398.25359600005,326.20027720930443,118.49584226179499,118.49584226179499,det2,0.0591034482466697,66.33678969235447,61.761815692177656,66.10080366057109,4.602446474458503,0.09221649602966439,99,"(100, 200]"
49.71658583320207,34.64618743725588,1474.962005276647,335.6539462683389,1.872574048350102,1.872574048350102,det2,0.2366156520389456,1.7227468971608524,0.6219046800023108,0.6346452084518412,1.1009305874110176,0.2777223105683416,128,"(0, 100]"
142.83703159521627,92.35690682468662,2221.6888241770816,31.43987048107206,491.30939299717903,31.43987048107206,det1,0.15574590284158246,0.9508698998119717,4.715335291573697,3.729407768986741,4.360971236750962,0.19347220688032807,116,"(0, 100]"
22.324813613322018,21.327202332342548,5580.951809374639,22.72707974445145,458.8489332940745,22.72707974445145,det1,0.1835224331872445,5.750550242434993,1.927689217638995,2.8493901663394876,5.896741602108924,0.2303856340272417,376,"(0, 100]"
10.36536623575746,101.62221246128138,1036.329220509779,480.22973371967703,26.517825200825037,26.517825200825037,det2,0.20975155719079863,11.423057435613792,0.9356070333869153,0.7258635931654118,10.666905801615842,0.2649863053171913,56,"(0, 100]"
169.18228067428996,105.06502432478663,406642.54959496995,30.46301876559449,528.4609328630463,30.46301876559449,det1,0.13862833305486802,2.7507110105356825,2.224913104122632,2.669620944424697,4.798623325504696,0.20615380867727273,1216,"(0, 100]"
49.73136863346459,283.75174843220316,4734.145665881286,61.760798755854644,504.81242759384526,61.760798755854644,det1,0.1198472494491651,23.34630917509634,6.043080736299866,1.5565730628013428,17.385163895100426,0.13782378158469358,266,"(0, 100]"
145.21141595141503,288.452228200655,148622.01817673567,464.7876799249635,30.141923507469084,30.141923507469084,det2,0.20272879599539095,1.2057521149601476,3.2309905101343683,2.763987801562763,2.0712725875823526,0.2594605057615171,242,"(0, 100]"
32.43151283063182,340.96519808778135,29237.372103950216,42.78879294814213,490.9246867535828,42.78879294814213,det1,0.18307532487673012,5.238327763260512,2.8948516025708866,3.0036161136508093,7.626681537729711,0.2356005974306033,447,"(0, 100]"
132.7155896073855,23.14663409857914,432717.12124329543,229.98552175312128,151.91566632285472,151.91566632285472,det2,0.06441569701421677,70.47347461630918,71.46287118051396,92.95374811047279,1.384484631049758,0.06832555228942766,126,"(100, 200]"
16.467056348163723,22.673607143895726,3384.493549162046,17.83796001070343,477.54249663023677,17.83796001070343,det1,0.17228328697593648,4.654423685225197,2.7826064388642835,2.662302469386095,4.0915292479603895,0.23366697018061236,459,"(0, 100]"
142.94424893130855,88.60808006255141,99751.03323972976,351.7417321134008,111.42459406784054,111.42459406784054,det2,0.05364969641575335,46.30841617375724,44.882540363000956,58.41427863896685,4.46170731965492,0.08246825686573045,85,"(100, 200]"
164.83454673207189,113.8885461272977,27548.50488642588,446.0046662575464,61.30864816017378,61.30864816017378,det2,0.13488920855169742,17.771555708359717,14.432061593766784,14.648200080055515,4.498969670746935,0.22398325808562028,102,"(0, 100]"
154.31830152552573,127.51290241019719,107943.91710893958,44.16505539880688,532.6008041493602,44.16505539880688,det1,0.19356704570634736,1.7784228165881777,4.675103166344403,5.402979757889672,5.249531793007954,0.23900238401699067,596,"(0, 100]"
49.97430785200503,52.154321284030374,2325.249608146261,321.1322443050981,10.002452148598575,10.002452148598575,det2,0.2413538102767865,1.5400570209673226,0.25565811109753245,0.2786904405410054,1.7957143633680368,0.2827064364376345,172,"(0, 100]"
150.13764731825538,111.57713053621494,18553.996141920492,438.5458834324052,65.3839285225313,65.3839285225313,det2,0.07613133466506328,32.73623655379469,26.00453395398372,29.186786662323133,10.66788632100054,0.1393138425611879,59,"(0, 100]"
133.2436110875964,91.93375484111073,767441.4730765146,75.16477558866136,491.77656074797085,75.16477558866136,det1,0.0805655737563646,3.926602426148771,10.442471529783319,12.574103418493662,13.35367229170537,0.12772081735847113,861,"(0, 100]"
165.61376403233206,317.13852529750824,297136.84904929687,404.05907683359885,103.55317680252845,103.55317680252845,det2,0.1374082577219597,14.856578926216136,15.388442921221129,12.729592225083348,0.6030007942665633,0.22431180649094173,376,"(100, 200]"
165.65653808713787,235.27018585606697,5361.683616813754,473.68815133400835,18.74428860985457,18.74428860985457,det2,0.22868147919802326,2.016413799634999,1.6629666203635278,0.8885486165540585,2.6010465730153594,0.2713250402895579,155,"(0, 100]"
168.0511029298909,185.93685323195396,8660.381762903527,13.20086644794924,503.237799797035,13.20086644794924,det1,0.19802728783855197,0.8332916433750936,1.328739623502236,2.3015731984866052,2.1334894398228026,0.23806360508334198,376,"(0, 100]"
21.794962160031105,106.31644650999054,1196.4790214429825,11.949956101427032,504.05365122205285,11.949956101427032,det1,0.2339100015398403,1.5399219797643824,0.5686485457185747,0.5997435007323602,2.0959522088238414,0.26324501809758044,225,"(0, 100]"
43.822214260584545,289.28975457397934,2448.488502616616,421.40860534129325,78.26564087415841,78.26564087415841,det2,0.058684206457353325,74.58983486446867,44.679781613256914,11.117888454323639,30.083135144710127,0.050435010520966765,22,"(0, 100]"
134.564452194232,261.08920950462254,15010.403469048608,39.044666368765874,396.68703518155445,39.044666368765874,det1,0.14217263394170007,1.0057249342151,5.393942735485793,5.461825646350526,5.840464671065492,0.18449536413743298,317,"(0, 100]"
30.796796992218276,179.15326818613215,1888.5070259301979,32.023064620005805,495.27133314296145,32.023064620005805,det1,0.2024293085598478,5.349611191147639,0.6966399451168847,1.3964582679006676,5.706317939357382,0.23788489169366003,161,"(0, 100]"
15.452718423125184,19.151507353603442,6716.506303148774,11.660753896141216,485.93520359459995,11.660753896141216,det1,0.15772708996743676,6.058567107081833,2.572634317324218,1.753740626808473,3.9306684088913406,0.2113138449353338,463,"(0, 100]"
38.301291807737435,107.6786814383782,2077.735904944679,29.532385098975833,483.45651889445986,29.532385098975833,det1,0.22185013050317556,3.2157718753301583,2.1421653796527402,2.4118479082663846,4.410707913697238,0.2555270055859008,232,"(0, 100]"
25.092346225758245,5.154959921286009,13318.476430557928,460.3713886748647,20.281542745479353,20.281542745479353,det2,0.20420282185967006,5.241385712565066,0.8688345038547327,0.713647763633214,4.913445187522267,0.2555468789972203,217,"(0, 100]"
133.81974598322213,246.40054591926287,10368.880223097432,375.1304175540307,3.702348258201405,3.702348258201405,det2,0.25936513307436726,1.3918882404453037,0.6228995865003152,0.4433440861153188,0.8176271889602211,0.28584341235641675,180,"(0, 100]"
135.57066552540522,353.8468196535856,177321.83111893045,72.30143690531945,501.9814042947587,72.30143690531945,det1,0.14113628267312073,4.924752664660423,8.468056151050543,11.728543005833943,10.438691627392028,0.18521979094661523,754,"(0, 100]"
37.10721127426312,319.3261616247061,1802.7338011981135,47.02735234710074,518.4106176415894,47.02735234710074,det1,0.15423528409782733,8.375675844731695,3.2925736188661108,7.411833929844577,11.356087431868007,0.20436759741228822,289,"(0, 100]"
140.18875311381714,206.53634488019466,1063.4169260894546,18.36340005520208,384.6176345750772,18.36340005520208,det1,0.1104672168788023,9.081929049742481,6.003498797258638,8.861075218470384,4.947272648784573,0.15990547676527803,129,"(0, 100]"
153.93204897990074,80.09201634028936,147262.77205480065,57.22740293697506,523.1084066608279,57.22740293697506,det1,0.13741718182189624,3.047882089655617,6.115783922600872,10.05723474483134,8.691052246795074,0.19323558096370008,851,"(0, 100]"
154.3821395841216,354.3168651408232,159533.5003479336,34.882584628886185,517.5460226021916,34.882584628886185,det1,0.1931353537056402,5.679313681004679,0.7240638618763718,1.6119495561566763,6.3949037733318566,0.23668623342149706,770,"(0, 100]"
131.9488020957353,337.7938713892156,339930.4066987939,371.1730397908172,119.08102093668305,119.08102093668305,det2,0.07473355875634592,30.815353843927202,34.374848842293815,40.83345106121018,11.064827453011294,0.11364353373380878,134,"(100, 200]"
23.758095797552862,297.9043481927337,1291.2433756985074,471.92555448319746,32.659806197119764,32.659806197119764,det2,0.1005751180616515,14.566380783968189,2.4736585759308842,4.373690312325003,16.918469298912573,0.17802137538708684,35,"(0, 100]"
145.89772937897192,70.03180486309734,363941.62894645485,293.62755966238484,151.834275706128,151.834275706128,det2,0.07179449407322315,89.76063016037284,80.77842075636414,74.93233775042802,9.082556785218994,0.10385673227742571,148,"(100, 200]"
37.17663750200375,167.14175353347895,1189.8794505696585,37.761504633932056,504.22874858599056,37.761504633932056,det1,0.18099682958060073,5.065976285982571,2.270956509758885,2.3965694767089367,6.077227421989731,0.21432170036291395,171,"(0, 100]"
134.59348493464637,62.07824599804449,17482.81503820632,46.537773058587554,415.55247765010654,46.537773058587554,det1,0.11711512414187487,4.117858315000518,5.10176211324004,6.163230142533802,8.308876173439474,0.15309220781871136,290,"(0, 100]"
146.4391671635913,202.25230598581751,4599.743735310077,420.5749702323915,14.9191075831321,14.9191075831321,det2,0.2271214823023707,2.305177754258694,1.8265657311757835,0.879595767529275,0.5759639320515249,0.2732736592110216,114,"(0, 100]"
35.99827110508085,320.160242012994,4083.663702290972,39.47749640236538,516.796862599682,39.47749640236538,det1,0.19162605641853625,5.337643051341118,2.5080520282787693,3.468444852103235,7.777031173146351,0.2283627135097614,242,"(0, 100]"
38.1068189557387,255.6693251103686,7058.124370786457,36.7826309282358,464.46411830380555,36.7826309282358,det1,0.19453146838519986,6.1938949634842775,1.9514568522002471,2.4975952557756114,6.940403302686885,0.23201499902074466,148,"(0, 100]"
14.82132577640494,200.6246688200229,1714.1950985418875,441.930460058536,51.8305467400282,51.8305467400282,det2,0.04587171338046442,48.56400042077262,13.252292334148228,12.204813323582835,43.52589788498287,0.08096817644238145,23,"(0, 100]"
14.399413033603084,64.60229998653887,10803.491283828827,7.713153507809988,488.60989109156526,7.713153507809988,det1,0.18609038717772308,2.9612714171121897,1.7393143318559907,2.1735538565557455,1.6744661216311398,0.2451317951173521,626,"(0, 100]"
41.55116022248139,226.29186328507316,1722.3287449383345,41.302610724085504,421.48709741236775,41.302610724085504,det1,0.19677555219445333,6.914333300850495,0.7324958216280695,1.4262175859868609,7.646517907671012,0.2339730631607787,171,"(0, 100]"
35.602692981407785,39.896838167749095,2354.3027027684807,408.9890140074466,4.271737460161942,4.271737460161942,det2,0.2243275769350863,2.289152346325321,0.6815659877338867,0.8844934604214301,1.6233081159678566,0.28339012197962576,122,"(0, 100]"
18.373056334215587,136.19330312178886,1527.8947995722265,471.9305893809773,36.321379552231896,36.321379552231896,det2,0.2341803223741935,1.2687909216985993,2.825454158840805,2.5086022903945446,3.8542816206661517,0.2750179157417812,65,"(0, 100]"
38.87350864430926,199.20047101467392,2330.6996418116464,27.091252086756214,443.91282854158226,27.091252086756214,det1,0.1984178287480455,5.040354728004627,0.361421812666458,0.9351013622322214,5.349111750813955,0.23845815866326972,178,"(0, 100]"
36.07947941315718,162.82292671811467,1104.3144182204187,30.195024709139588,500.71387003511154,30.195024709139588,det1,0.2243913707353899,2.96666187629786,1.209502078590505,1.2029310832199922,4.06939053401524,0.25081086003183295,149,"(0, 100]"
19.92197966913028,332.4907253861231,2183.4133930587222,499.25154787559484,32.13102988335722,32.13102988335722,det2,0.1865866621313876,0.9012337043522782,3.1995215246456468,2.140150658903367,2.4154607853707786,0.24993601915289593,70,"(0, 100]"
49.00888499353612,334.80956507238767,1049.6889688271237,31.731295394340364,502.5843253955631,31.731295394340364,det1,0.13582709666356374,18.45889549796419,1.8594575037955043,1.1733903753266295,16.90243090928894,0.19127944205896302,113,"(0, 100]"
36.7489282632173,61.23354269348531,1180.5640558027578,411.1649397438558,9.24893997517725,9.24893997517725,det2,0.24303447914939555,0.8481097530069067,0.6585665589976553,0.605275059059903,1.0765556483449454,0.2778629883740498,98,"(0, 100]"
15.296085377072295,93.01401957547542,3751.794386881408,494.686843069313,7.064656988258648,7.064656988258648,det2,0.17473967128643417,4.6592683581769885,0.7665567175275632,0.7968145188501372,3.892926859944902,0.24891692206446772,93,"(0, 100]"
135.912832199702,119.65188904740039,104098.45285348344,412.3871667745401,107.48760785152231,107.48760785152231,det2,0.06514199154028308,62.7967211123954,58.450937470424066,57.08040388901293,8.15911841946388,0.08779659566771338,81,"(100, 200]"
132.6126708853036,351.0746562694653,161141.44977125773,48.82174686951405,490.40097463924343,48.82174686951405,det1,0.12138843888382113,5.688619772879201,3.6448372107680638,2.197691547131082,9.33280939586749,0.17419268527026674,679,"(0, 100]"
131.52455594525637,269.6114517326708,157549.96108126364,410.9444266350678,23.69422307187796,23.69422307187796,det2,0.21393974585204428,2.553026137651737,2.6180602179118564,1.457135539356347,1.3540321559504365,0.2679978004067549,435,"(0, 100]"
132.54886028781334,146.48487049999116,106580.55823082669,423.0879382021851,107.29257787535032,107.29257787535032,det2,0.06989299843614577,48.3640690034036,40.07479260735552,41.92462959457494,11.037449984320412,0.13009552282980014,164,"(100, 200]"
163.3083508638308,170.98657287255762,20730.6416009391,20.227684231051644,501.10326472460025,20.227684231051644,det1,0.2212634134950476,1.2792288153729099,2.6001627038155086,2.0063750175173736,1.6416042373386082,0.25646229408390286,346,"(0, 100]"
18.168199807787474,338.83758166009716,3623.3391450134945,19.292606712830114,507.0654718677203,19.292606712830114,det1,0.229329229023656,3.537777501015962,1.371675168850045,1.5655079950551316,4.137686206509784,0.2625738521250207,301,"(0, 100]"
15.740159963936286,3.872335229465275,1232.6981930641216,491.87782839297944,4.527845214844079,4.527845214844079,det2,0.23581896513559275,0.5579297779494579,0.4403399247520728,1.037243513789134,0.4665658003113263,0.28061068564714964,73,"(0, 100]"
39.99315788779881,135.50211027031648,3524.880675202521,34.52585145274984,524.1496276594429,34.52585145274984,det1,0.20623353163941818,4.9306938153091995,1.6775409750820545,1.8438611082984362,5.5204955207633075,0.23945392838050955,208,"(0, 100]"
46.605662257802635,4.1512091895530885,1250.1102585685364,418.04458328268316,16.624284864364874,16.624284864364874,det2,0.23313980234229575,2.8841196126026123,1.4149647685691824,1.4026035657732114,2.8242608500530255,0.2781892000112338,75,"(0, 100]"
31.415896512278543,303.77374881277353,4008.9934947116376,447.10113565408955,63.972692986134994,63.972692986134994,det2,0.08853546824169192,33.990259520148484,2.034187811908788,5.5304712084717185,34.42200519999171,0.14796811591630632,54,"(0, 100]"
12.886083926887443,239.42829675161244,1384.7895247785964,20.083626994736264,515.8133990455361,20.083626994736264,det1,0.23465069699157873,1.7598152682561796,2.0437002784733234,2.324273408793261,3.1650865941412523,0.26552998084705093,203,"(0, 100]"
166.4643905833001,269.5285370836314,2030.84987595623,6.294043508360702,500.4710302246548,6.294043508360702,det1,0.21568185650724708,1.7907781723687688,0.5142550426556756,0.6488946919081694,1.6392313158811467,0.2527701562699151,246,"(0, 100]"
29.49788349835577,301.3151827920483,4744.727479118993,451.1573958654447,59.89313642030713,59.89313642030713,det2,0.10689778577549021,20.071526835412417,3.3258202508726837,4.060738245504603,22.92337511827387,0.16573480607661653,35,"(0, 100]"
132.40511643089638,166.05378602941667,33310.87983554898,59.07865509099342,465.3813457433029,59.07865509099342,det1,0.08330656403847357,12.342775030863967,17.12684250560488,17.20793674231736,4.809227869444752,0.1439753573973345,435,"(0, 100]"
138.30299598659286,356.8692717719639,186751.3323791882,59.489206479850665,496.6981390553364,59.489206479850665,det1,0.15849965688990333,3.7944607584905685,5.1671769555976645,5.1419935549765645,8.380854661553936,0.20219655393215627,692,"(0, 100]"
12.680798934029143,261.4280003287423,6070.896001477269,433.2208726397629,66.72155189705293,66.72155189705293,det2,0.1017737278264823,24.852436077437076,7.86832571599573,9.307049631256836,24.547758417115404,0.1707109670855877,35,"(0, 100]"
131.5909598190813,226.03765836683388,514556.30233745155,49.778511430114136,287.3798851584522,49.778511430114136,det1,0.1401398466617953,1.8937639292684145,5.955488061184599,4.9448666887802375,6.573450858783321,0.19451614927085206,780,"(0, 100]"
41.137660024562784,296.9174263084131,3305.20052970426,469.93038770817657,40.503390792300614,40.503390792300614,det2,0.07037389495645847,22.486619851321635,6.601842011947718,7.614264036299756,20.04098953795217,0.11270598591627003,24,"(0, 100]"
27.506820223290244,55.11242386950581,1181.150946454427,14.921134795092211,438.5025846848513,14.921134795092211,det1,0.2170237536406254,4.209816172371055,0.9519352043956715,0.42809330824439584,3.3176498174600706,0.2473270331450887,232,"(0, 100]"
153.38874345044835,278.456657846816,129849.97881577844,455.8142210673698,34.34797865397211,34.34797865397211,det2,0.22286180303128042,2.4588981741947604,3.691548616501444,2.40205002305322,1.6626225714523608,0.27084189440093964,306,"(0, 100]"
37.50448751191851,244.15446833296758,1260.1174772810118,53.84338753492833,467.7876361988103,53.84338753492833,det1,0.17634586765083843,10.946808867944767,1.0001876123230231,3.223832499413122,10.351262206483002,0.20333850775797144,201,"(0, 100]"
23.35601785729709,46.650749930134474,1186.64806531003,18.17681159136206,447.9380770804855,18.17681159136206,det1,0.19687051132046962,6.054215383009045,0.8947465445024041,1.116067590512883,5.181541998507166,0.23631010850083783,289,"(0, 100]"
147.28975532635235,229.52028509755607,155837.9281209132,400.45119701308766,27.406403100406028,27.406403100406028,det2,0.24126992111517667,3.066054044407109,3.385824726128094,2.6290606651064423,0.6209603778551761,0.277297469513928,189,"(0, 100]"
22.566782095047053,122.74000822756062,1388.013847321985,499.725648402598,7.190334714055264,7.190334714055264,det2,0.20985489094400092,4.647416678039211,1.4510796959509782,1.4795802111498781,3.2482130540503786,0.2558339620261204,66,"(0, 100]"
148.46620802667948,191.19030480289092,32434.5878120334,445.62880980582645,10.407247140760758,10.407247140760758,det2,0.22582791770455163,2.4186420565678723,1.5021748474674774,1.5642052783852287,0.9746711945779822,0.27717936199593834,259,"(0, 100]"
159.1703579734445,298.023133987239,15133.23437777166,492.48768358186356,13.377822792572191,13.377822792572191,det2,0.23580489367597596,2.018848702479353,1.4291970975858284,0.8545030945956013,1.2929842088497647,0.2798095657994157,137,"(0, 100]"
150.96350261369886,43.53182629502676,31437.57080006107,357.07549764522287,87.21763242898982,87.21763242898982,det2,0.030549017691821636,33.20872688035217,43.126335288333024,33.4735338533138,10.257708538531707,0.051665292506934475,48,"(0, 100]"
38.38762973169319,338.347188212992,1885.768057117146,463.68220161752873,29.166181906559686,29.166181906559686,det2,0.0727265914952361,38.593297671296895,7.005680422549878,1.1195576670448906,31.599667521576343,0.13672217885649537,39,"(0, 100]"
143.89487803434778,38.926409852089016,37230.70488264181,56.34985124005704,467.2314343168643,56.34985124005704,det1,0.16661803331386602,2.839872823859089,5.915545930002821,8.749753849061035,7.587761790204564,0.20849544645805496,509,"(0, 100]"
140.70723537938593,73.96175924444796,10798.828667525759,70.3115724701259,485.0529218016988,70.3115724701259,det1,0.07159342886380365,9.657863408524959,19.46695819669631,27.42900561791547,9.917530146708925,0.11637936627942787,444,"(0, 100]"
25.845417562466228,259.1604153846222,1640.8766078658289,407.8682856899507,67.87575051157663,67.87575051157663,det2,0.0685111206304128,145.06557502790562,23.494477930756535,23.598070439149094,149.64180850447187,0.053245945618166084,20,"(0, 100]"
141.7502355326701,209.31929324669443,5625.296613481948,28.31318698934904,382.7275406614829,28.31318698934904,det1,0.1855741033377688,0.33401221216301297,3.501632551177412,3.1175761596950533,3.2349611633055293,0.22447987686294626,341,"(0, 100]"
22.963600327377403,303.73562771894507,1029.009117753294,23.370542343857647,519.521974413059,23.370542343857647,det1,0.22861684325094345,5.246402379763667,0.8001186059140339,0.5019875349784633,4.813624431316024,0.2551519024566006,193,"(0, 100]"
147.44776407929092,272.6595272500613,1979.2327038355083,25.800375336725324,467.13358439501116,25.800375336725324,det1,0.23870020946505144,0.5000533355236734,2.9236205122667984,2.7827197876725362,2.4706070438921692,0.26412880554275925,216,"(0, 100]"
155.1748695397747,253.32816566886476,7381.921125618393,16.412890089280083,461.3229775523233,16.412890089280083,det1,0.2141799479069037,0.717305771847304,2.2485507065965122,2.2313834715748655,1.5312977079535364,0.2504781402934901,350,"(0, 100]"
10.03839929977783,328.4318616686045,1136.052841769551,13.393749187998196,512.4975488079072,13.393749187998196,det1,0.20739444111897715,2.9257856706317167,1.3582850089452545,1.647439314951125,3.2120682242950807,0.2543692466603557,243,"(0, 100]"
49.20080303080748,330.6910051996321,20822.861965212476,44.48791098367576,498.9647220474184,44.48791098367576,det1,0.12638933316644904,19.029652860141457,4.5378035453210765,2.159014970129654,14.68817891698451,0.164579883779561,386,"(0, 100]"
141.48454834271595,346.9052717640042,455404.14324461477,54.77519612184053,514.800811253293,54.77519612184053,det1,0.17880168400564714,4.313600704329616,4.421663810977776,4.8839447031751515,7.083655725811246,0.2220565164644535,736,"(0, 100]"
133.0152328606713,43.22912639517436,12378.608936542185,28.487977233577418,374.80567417169135,28.487977233577418,det1,0.17755035068148264,4.235867139147149,1.9898932447306654,0.5822303591530436,6.059454970968026,0.22262649571826976,217,"(0, 100]"
21.80506128111524,10.924206339906664,5248.821701559896,26.018626166802843,470.39612521124894,26.018626166802843,det1,0.16823649605278626,3.058298803314668,1.7580946908955446,2.6106883261392366,4.7996503583421175,0.21822867468171883,446,"(0, 100]"
17.483786092169563,137.24395764181523,3010.468567578579,23.9043502126689,522.9248865176237,23.9043502126689,det1,0.1795891832504444,4.393059058238852,1.3042560661075024,2.290026261657603,4.538563895840772,0.21952618185746303,272,"(0, 100]"
149.54776186349218,350.8308321076407,190344.56787988017,382.41846381443673,101.40213741164179,101.40213741164179,det2,0.07577278544326398,42.67729289891351,39.30472767606436,45.22977606157082,4.134435751041318,0.12306347369962468,61,"(100, 200]"
143.58155418758173,334.98083163944534,15114.720990817277,31.792994215479617,514.404316242819,31.792994215479617,det1,0.19211841717985154,0.9965768722153606,3.415600598048682,2.7674837436685813,3.7264337072896105,0.23331942064419606,254,"(0, 100]"
36.159965310479414,152.2596311424629,7461.306801789685,40.08909246654519,523.7843238719835,40.08909246654519,det1,0.2061900053355334,4.292930341200711,2.0511429220310093,2.5552056302334254,5.823960812686349,0.23986640663334238,250,"(0, 100]"
28.535396258821905,118.31322525371831,2270.134257068416,32.315072241328664,502.23354475871116,32.315072241328664,det1,0.19928160182364868,4.9802300531609,1.8391844881126922,2.6890801902121466,5.489098229998399,0.2344461827884136,261,"(0, 100]"
28.742873113117195,30.99937820917189,10992.300917579576,16.22218938013958,434.77649402129157,16.22218938013958,det1,0.26107571650753814,0.9764153193273224,1.3954906083719079,0.9975954176531215,1.6917776046650348,0.2830979693685502,364,"(0, 100]"
30.092114821035764,213.55855656028575,2844.5657930685697,40.72275553819763,482.21743031098026,40.72275553819763,det1,0.21211923107612202,5.082485135420142,1.3103588211133006,1.3623256134043134,5.41842210298249,0.23852481001743525,241,"(0, 100]"
42.36459413711105,38.98827250969132,1227.704936548189,29.08723963457695,347.5745600896977,29.08723963457695,det1,0.18070050864023127,5.454875923151653,1.6860526882566103,2.423983566449427,5.989922353557041,0.21845233720416093,170,"(0, 100]"
167.24244193069782,33.60244514810303,72388.16323601421,420.6931331650208,75.16261158838651,75.16261158838651,det2,0.13080250029399285,17.31755318498554,17.98799054386655,15.951705945308994,2.2528991860744525,0.1978866856994752,76,"(0, 100]"
165.7599002992023,322.54822911253274,613288.6306928381,20.887821543396804,522.9507355080823,20.887821543396804,det1,0.1168187407796473,4.588124119432586,0.9723077313399585,1.5356553237413715,5.258185449116525,0.18609520792157622,1232,"(0, 100]"
22.208067550049563,278.5854111696852,1148.8949188985068,28.807260266791406,518.8870181520484,28.807260266791406,det1,0.24150032544345004,5.519445687805932,0.5295108394368392,0.39799690877948524,5.25634718162168,0.26278080192994496,162,"(0, 100]"
30.081297648853358,236.94043091474035,1099.2254523377305,360.98539211395524,82.11879450476145,82.11879450476145,det2,0.14217453905834854,75.61883100638566,48.385494776856184,31.581753360755023,28.577022347021163,0.09876218021699135,12,"(0, 100]"
11.846004401994124,232.19371195097133,1167.1319942501273,27.368421328694534,523.4995148006739,27.368421328694534,det1,0.19543014399170427,4.3165487230332715,1.3063919837313391,2.8339113569008827,5.264482525227756,0.2366459784730716,211,"(0, 100]"
30.260633689471316,54.653587580726715,1161.7882982710519,446.2259459082499,11.07910818045173,11.07910818045173,det2,0.2223983778566183,1.7257362125836337,0.5112457513781586,0.37598600152754824,1.9762883955693975,0.2697683456494479,100,"(0, 100]"
26.750119085865922,264.3212434359821,1787.5580410061477,38.99866495310406,511.1701391407663,38.99866495310406,det1,0.19401254980769136,4.421195873408477,1.9795594515995931,1.8560802165158101,5.380392720377347,0.2293746282025641,176,"(0, 100]"
41.19475679067618,348.0310533308184,1077.3111151131016,29.020354579734544,473.34161811477406,29.020354579734544,det1,0.1666365982734563,11.099655960033092,2.5262648775070993,3.2157745363851,9.793627632538515,0.20736595419828713,150,"(0, 100]"
130.8151327550285,332.3110990681179,966184.9131592284,66.63885650670983,527.883354944643,66.63885650670983,det1,0.1066343291763396,11.513465494811479,3.5277692420714626,2.6435468957514754,14.444209527688532,0.15148185715309198,986,"(0, 100]"
39.44855831296932,242.05220156312905,2574.7392321802017,36.89303020247621,440.802939407525,36.89303020247621,det1,0.19249691398402574,6.690561590946492,1.5872985782468214,1.7621943718743893,6.785560222695119,0.22365468384744408,177,"(0, 100]"
46.49048867669456,79.6572525325988,1825.8803050911336,406.4774564845609,5.418462879745348,5.418462879745348,det2,0.2290785275945321,1.3666672133274445,0.8554065161788352,0.5365979011051856,0.5189396687465906,0.2731678668576568,89,"(0, 100]"
37.404860868899874,144.8531712947311,1239.4522220314263,449.2135251643158,57.380962872031056,57.380962872031056,det2,0.1690712890276604,4.888585537718077,9.24298386140778,10.34911428593352,13.496159388815126,0.24905024953902344,31,"(0, 100]"
143.92150615867658,58.65174397155153,613153.4334903114,279.6166390482194,140.87939930968932,140.87939930968932,det2,0.05636839719107185,65.53436203252,63.09841602923977,71.3737486116967,3.8685546064211516,0.09342042493871175,126,"(100, 200]"
29.56491402918684,307.82162548620886,10447.261585792034,468.4118748639679,47.798448051264984,47.798448051264984,det2,0.06421855359715162,58.075762213374254,16.677963678046762,3.434385179125477,41.42907142533629,0.0899222373725208,49,"(0, 100]"
165.0392073876042,321.3811490084746,15295.299084483548,455.6085960569399,51.79917015476845,51.79917015476845,det2,0.1817346935081583,7.796207677342662,7.7387535362505435,4.371176662880272,0.08125646342823802,0.2492072739832621,115,"(0, 100]"
34.84629772107565,115.75988375000135,6492.955909233133,486.63905390716513,18.526080974410178,18.526080974410178,det2,0.20269576116376176,2.44192293379328,0.9811589134865548,1.099255455739216,3.2005006898072286,0.25475320317610145,130,"(0, 100]"
44.58872285955239,152.87407907704645,4044.441338722787,433.88220210582773,68.89057029788263,68.89057029788263,det2,0.0983571911589472,29.969695986429617,8.70951559042957,14.45671205042679,29.970459106393182,0.14034032232066296,27,"(0, 100]"
12.015878283968243,60.85347484450757,3531.098547337977,4.099520897750072,493.6759058090801,4.099520897750072,det1,0.1563735521702936,2.1260813378412418,1.4829302548444794,1.6548666409526447,0.7368999502714955,0.20617088455285773,379,"(0, 100]"
136.87222131849535,125.87659288058524,6228.611339307875,69.8671964981898,536.9117460213201,69.8671964981898,det1,0.07023869901993149,13.743870305864123,19.31382098206471,33.87425544552321,11.643165054240477,0.0982591128945637,337,"(0, 100]"
34.19538547174471,108.02810490895,21037.939746913344,35.87113529909354,493.7244118567578,35.87113529909354,det1,0.2118479898670945,3.9589878060367516,1.7322188188532692,2.9901521535504685,5.691196855492621,0.24730164415382033,494,"(0, 100]"
163.53797094195227,31.009303862615052,65257.796221322555,37.93953727610858,525.7525197173453,37.93953727610858,det1,0.18769662106005922,1.792077194807194,3.24832739005175,3.476349450409879,4.486247180570799,0.23709105141541253,630,"(0, 100]"
38.747393045044674,70.27733630160671,4724.846169603222,28.28198775180825,401.5039246573753,28.28198775180825,det1,0.16435251128202155,4.164310280401206,1.2293821764778865,2.626534898849759,5.0806308554195425,0.20300467397299618,347,"(0, 100]"
48.83713543324812,326.3753317327066,1211.5985691539856,492.71844831516427,29.428997855082283,29.428997855082283,det2,0.09231674402934077,20.21011446762661,2.4697371686304206,1.6981902710198762,18.82219174015522,0.14999841916434165,29,"(0, 100]"
163.7503504095743,342.2496397922592,19766.821141675617,34.23060956386654,532.7760054388366,34.23060956386654,det1,0.18905747336964562,0.2747566844607368,3.7529372165993404,3.7069575064939424,3.616081947497398,0.23568970930108182,557,"(0, 100]"
20.82915024558442,291.47473080978637,1377.274258344731,29.74561229162291,518.286170355314,29.74561229162291,det1,0.21162014429134068,4.442239348449516,1.0982941568165019,1.6948397401549997,5.435866189277019,0.24656626221231712,184,"(0, 100]"
148.42896070985668,42.1282476578019,493053.6078966857,60.01504608932048,492.60417161169084,60.01504608932048,det1,0.18932967838077128,2.1952813958048556,5.167118634779769,4.962162914699877,7.3050945205855315,0.23241111050007468,859,"(0, 100]"
45.961952028075444,95.33266140810245,1216.4799106565679,18.52643991154694,449.01021498574613,18.52643991154694,det1,0.16404300061908542,5.073682654294535,0.41437427539746213,1.6943498645680104,5.162441539305755,0.21567054863542667,161,"(0, 100]"
142.5298416583417,145.86939223684658,30703.280142045573,40.177429841418146,512.4372422461571,40.177429841418146,det1,0.17098911152900387,1.0304549819994004,5.040512394884846,5.260107883408538,5.051351549452933,0.21349341114762188,355,"(0, 100]"
27.611086168892296,290.10140654852415,2924.833791600249,37.92067461832936,523.3161847391576,37.92067461832936,det1,0.18854079701520046,5.36763203812409,1.6488709396592427,4.389306763220349,6.930206892762673,0.2246527679371455,235,"(0, 100]"
157.1351064712302,117.98664114960735,11866.492508865145,448.82226559230196,55.8810704643844,55.8810704643844,det2,0.11389089674797218,39.32666608682656,22.717078755004177,27.317825648916013,16.824422169417925,0.20220667606649062,45,"(0, 100]"
139.28570497464756,276.43521674781385,10029.111454075712,447.4071146220812,19.947964099900645,19.947964099900645,det2,0.259336841913489,1.0963628701589168,1.709542795979808,1.3916258178508778,1.2210692666903442,0.2840734365898276,185,"(0, 100]"
157.2806198153395,354.07799367506755,288890.87157803937,356.1280834482663,135.48218670480006,135.48218670480006,det2,0.09720282786529928,26.56956074558841,30.37839643557076,30.1637334398835,6.757612414775826,0.16034629174828818,241,"(100, 200]"
134.5184391867779,318.6889419205607,155900.44968546534,422.2034625325724,89.08639217293,89.08639217293,det2,0.10945514307831294,24.79242523758644,23.030454422841373,24.324851698856214,8.357467608633163,0.18140886699785946,148,"(0, 100]"
140.75442492367762,45.653845006909,430993.8668241158,245.03475125889378,148.28838879463967,148.28838879463967,det2,0.058324464954714564,78.43415839095478,79.02022629564922,83.18990277394306,0.7951845257928364,0.06965846855649412,131,"(100, 200]"
29.627987471007113,187.33265052637594,2040.048565322017,33.21149121161711,497.22064107559027,33.21149121161711,det1,0.23229400617653662,5.407866409364931,0.8632748280025944,1.0199522630853286,5.145256227257438,0.25537709181138696,190,"(0, 100]"
141.62903955431005,106.45510396500165,265389.17274598556,62.24355934716512,528.5582548629179,62.24355934716512,det1,0.11272193716982118,1.6316418348404695,8.649410663132569,9.247148393185682,9.795015722660247,0.16443476714417005,651,"(0, 100]"
48.66065724011598,317.8792591809637,2120.640091870303,480.7120010841517,35.425704173706436,35.425704173706436,det2,0.11959994089547862,19.18401103802284,5.187511115863411,4.577384901878969,21.824866986280927,0.19184194919215067,27,"(0, 100]"
48.750360840373986,68.54691916042276,1342.1984479580128,366.7801002474531,5.524671740472053,5.524671740472053,det2,0.20483837188096835,1.4707132533837752,0.8305134090744228,0.2226009201716266,0.6960425689888117,0.2583151149497976,123,"(0, 100]"
40.00052983885963,13.618943639286133,1710.1691366027012,413.6741001363391,10.294760944540062,10.294760944540062,det2,0.25414880887439023,2.377141851911646,0.9351654363673979,0.9094083880066222,1.889455628272422,0.2835709118823897,79,"(0, 100]"
26.765146062544723,182.27687300630473,1899.3730706190572,24.68561887027996,496.9174347777703,24.68561887027996,det1,0.2383128199393451,4.594657542876327,0.846925498736171,0.679338563790524,4.183255434630224,0.26295515730877905,197,"(0, 100]"
169.2237539802393,325.49563282077935,989.7349637616655,22.09808710558214,525.7300149571673,22.09808710558214,det1,0.08052824001391086,17.724937731328527,10.459046078960135,10.701822778863848,9.168597645588587,0.16673942142141626,186,"(0, 100]"
131.5194254472456,74.46210258457019,6889.514286404986,44.4899628125545,426.30845847374263,44.4899628125545,det1,0.12190722804600428,3.8665940788658992,8.127902311785725,9.536667321991631,8.167780867085566,0.1625254850752376,197,"(0, 100]"
138.43786881571413,20.001048316780956,1514.3991641584885,30.149979490470365,432.3466449111329,30.149979490470365,det1,0.1557962499415213,2.4624224265331054,2.7516575270252344,2.885172330226111,5.134947445062548,0.20663732531118473,162,"(0, 100]"
143.84051200995535,143.57408124129043,877834.816545065,53.57566306413839,515.0171018173463,53.57566306413839,det1,0.14013951886698356,1.5667911128941767,5.979270523941709,7.896765098022346,6.630928885739647,0.19968586067195884,982,"(0, 100]"
165.83461249571099,228.20963171528103,168786.531530169,9.764288078294317,483.7415442720691,9.764288078294317,det1,0.17722661186923222,0.39349292647442224,1.0489515421671158,1.7524476689625503,0.8987005424771924,0.23184949135673297,921,"(0, 100]"
46.76912963170587,80.52420116688984,1971.4208243655166,29.83661590063446,400.0236972609063,29.83661590063446,det1,0.190915199758584,3.885706043225049,3.3113306287042144,3.13388544244835,5.862678767209443,0.23297393494789406,147,"(0, 100]"
158.80816845314735,6.890682298010675,220566.76330924704,410.7977614786705,77.37655089452234,77.37655089452234,det2,0.08728578716375826,24.718560547771347,25.43751653521087,28.98642103272959,4.875038574919422,0.16411474852647567,61,"(0, 100]"
42.99980150840645,216.8504104861458,8600.330052885096,254.45032308822965,122.44875479559528,122.44875479559528,det2,0.04952228277993996,69.22080911759646,68.15992966379619,67.8045174695938,1.086016218484289,0.047563204059281626,67,"(100, 200]"
45.76741889261267,41.19389814173969,5139.413193026555,353.38016925425717,2.943052484210046,2.943052484210046,det2,0.2657428897973077,0.4323836064425717,0.24999508551418556,0.08369937700804331,0.26078544475063675,0.2904158591975437,139,"(0, 100]"
162.39756453567475,202.18463941594032,101000.76004713112,14.820525916138228,477.98926554947053,14.820525916138228,det1,0.19262653000516297,1.2901633387589084,1.272049035401619,2.093015180700295,2.453705919089434,0.2395583142490293,510,"(0, 100]"
22.02916763944247,308.40940787595156,1253.5771763331632,481.00201634256115,39.90905554383873,39.90905554383873,det2,0.18573375203418252,11.309997363526136,3.5604961746843933,2.1479358666472614,14.869759106977018,0.2514193449441569,32,"(0, 100]"
27.297988538072314,246.78870826748664,1127.8680321476609,31.76036163258157,489.3300227276839,31.76036163258157,det1,0.22310418137462307,3.512464189033574,0.8162211324397634,1.2978412200609084,4.328173310276031,0.2516937224224411,186,"(0, 100]"
36.62148431179126,235.01277505879466,1014.2816442337692,27.671575184884926,438.4813674860304,27.671575184884926,det1,0.23947424453585336,3.284589506582196,1.11763402032204,1.087454932564188,4.26517956056375,0.2638806183306144,119,"(0, 100]"
25.871813597965996,243.5247550904038,7805.0308403353965,377.93319762879054,84.99628938615503,84.99628938615503,det2,0.07252867637001092,43.58586024397992,5.3209865427863585,20.560748322907003,48.86600128087662,0.10421945047275209,47,"(0, 100]"
167.313489441692,241.8729711232866,123591.35815685005,9.233475544864913,490.81853509895797,9.233475544864913,det1,0.18385397504616485,2.055908709286444,1.8660757619835826,1.3574753490806304,0.24358586997528103,0.2356652980749461,861,"(0, 100]"
28.520002463260017,55.91046600262454,7535.038212278263,14.600229000491836,434.319740319605,14.600229000491836,det1,0.2328603397026506,2.697437128930963,0.41743167255155306,0.924646057100687,2.9960774294542047,0.26892435423226557,337,"(0, 100]"
150.94861827665278,3.165529958453244,205348.3196241152,340.807110631335,132.7406238992877,132.7406238992877,det2,0.07788741097036488,37.987601961186314,41.86255202116871,48.59259252485636,7.5115801938686495,0.11442569272119185,147,"(100, 200]"
36.38967152429309,233.93981976923016,4985.038481111893,345.34891301439114,68.53293440494129,68.53293440494129,det2,0.055499260535056064,81.07803164651781,77.07259268113017,62.17433389224595,5.0782993617998065,0.049079525956105034,19,"(0, 100]"
16.152738826200476,205.43425767759982,2128.681547840133,31.505281224538585,519.0650289473015,31.505281224538585,det1,0.21866046951890503,7.118542483895374,1.1655724778601961,1.263857441019061,6.764526991227615,0.24880779375961182,210,"(0, 100]"
11.752503397854598,280.44352922908547,1868.121696294859,447.6735165289436,58.26155398645262,58.26155398645262,det2,0.2335661216069072,3.005309554564707,6.269644248831235,5.9667340677550795,7.91422358173332,0.278551684331318,42,"(0, 100]"
158.67459694449957,114.10130313221278,355405.9599216047,391.9471184776076,126.87754817341545,126.87754817341545,det2,0.13331598387955004,17.606443725015932,22.725845897977116,22.73233358880895,5.489769786926871,0.19593040292031091,242,"(100, 200]"
153.08335427828501,113.58099213316439,11150.377109530313,451.4134722895041,51.70937547676493,51.70937547676493,det2,0.09275836290476908,24.71768503037995,18.496489886874464,20.5625673748562,6.8105113014693455,0.1893579906943969,48,"(0, 100]"
130.0697619513882,352.2644859388982,106597.08871078715,320.73653810197624,153.45143252821154,153.45143252821154,det2,0.07615105313416698,44.09900575386971,46.156692020604254,46.086529273460386,4.120442569610576,0.07967226441252458,130,"(100, 200]"
161.53589674185267,195.14391913910197,281782.1431605684,20.30956248495689,475.5624194376272,20.30956248495689,det1,0.12830703589629305,2.738243737321047,2.238100357337423,0.8037168389436194,3.413616883835514,0.18884211018370972,1052,"(0, 100]"
38.43586875221958,72.00365546427267,6938.65971045838,412.9194318205259,20.861793578136275,20.861793578136275,det2,0.20965517969641134,2.070582719397245,0.6978020604620526,0.8788551056490242,2.6291593308609165,0.25846034100112625,151,"(0, 100]"
25.37933220967395,226.71258842604126,1550.409393703269,376.46899702183805,93.23799632305428,93.23799632305428,det2,0.08624840072140029,65.3992183716179,25.627985761231628,10.061985312000763,43.16283400234266,0.0724649282625943,23,"(0, 100]"
166.62620422246752,203.49980441231753,26241.874439926425,470.1028477545752,26.51649674484845,26.51649674484845,det2,0.21136441812167708,3.539079466132994,3.613556469842103,1.6100455010343935,1.504077684408314,0.26151350650335803,154,"(0, 100]"
17.61683190690457,325.0665870373821,2434.884223236729,24.929169334916683,514.5233627833829,24.929169334916683,det1,0.20262823331953475,4.941988063019142,1.0025276304056752,2.403422151032074,5.941460556164293,0.2452238346342365,308,"(0, 100]"
28.67837580854576,67.70222391645726,2431.3059779149557,19.19396157906258,442.5450958322657,19.19396157906258,det1,0.17846460792256194,3.339884460244756,0.47423432008916033,1.419051448672705,3.6814189096837544,0.21941035959271124,314,"(0, 100]"
10.107570298134627,306.1072232095554,3486.1039897332207,486.77123463098803,20.68683279192169,20.68683279192169,det2,0.22749590075816317,3.9221898622330063,1.415169388922479,1.2333671332996137,4.004024378327932,0.27116210866970325,73,"(0, 100]"
27.859432600521842,303.9328033720747,1143.5098197175969,474.2409384568195,35.41348325373008,35.41348325373008,det2,0.05812241509820327,49.96529213750973,6.789029630401317,2.859874436731618,45.26494625394847,0.1293027150459227,28,"(0, 100]"
149.18579256138128,107.29422045792678,32343.30233522227,407.7558226010338,97.37806825488158,97.37806825488158,det2,0.07552290192829691,69.63083740160928,51.94458603252172,51.75207178637617,19.259202318683975,0.12172254805294129,91,"(0, 100]"
49.877555805436266,43.083850368858315,5522.384486188634,43.54066402371716,284.9080250346685,43.54066402371716,det1,0.16322807627664462,9.109657697938026,1.8783850332511538,3.42675075605681,10.431754284294252,0.20770665165244323,265,"(0, 100]"
135.85463231410563,322.90369026174017,141722.82743991414,53.89418134473112,533.3348573729,53.89418134473112,det1,0.149324720651966,2.225989916655431,6.46917160764942,6.289435577898304,6.6659043416330634,0.20610427528230033,793,"(0, 100]"
145.25839053987204,201.20952216088926,15970.799595918097,424.7696554301835,12.2686874678736,12.2686874678736,det2,0.2653566714374953,1.755830776931416,1.5947449042437931,0.9765749185033963,0.21043568155213702,0.28612758803161104,191,"(0, 100]"
47.64795768706009,86.92085037157676,2224.26583366947,421.26840968247154,9.025888590724295,9.025888590724295,det2,0.24542113569602095,3.068639782285917,1.438599363599764,1.1280774663892847,1.7598311619357947,0.2803914351302218,90,"(0, 100]"
165.92926163280777,158.29928928820797,480230.1749391334,25.094594255268646,514.7082682333374,25.094594255268646,det1,0.14232268538437506,4.154501799350272,1.450690146939472,2.1995241493420905,5.603916868130588,0.2093525867953711,918,"(0, 100]"
16.389959174887522,205.31200988320393,1899.6316679782212,23.593353972959456,512.260713380213,23.593353972959456,det1,0.20648598982797745,2.4798533359802795,1.379607378051731,0.9139173495016322,3.702983754185004,0.24046291044055332,211,"(0, 100]"
29.549190422558645,112.17482805479862,1025.5597918261262,28.29523518350037,500.5969928463029,28.29523518350037,det1,0.21571271505286352,3.77973770593851,1.3826511954363951,2.3498827113683176,5.152092851598079,0.24878790336816894,287,"(0, 100]"
27.25812579800832,264.34641629229253,1142.1857253939124,415.8234285992627,65.07942377365747,65.07942377365747,det2,0.09078991077037764,46.06310692927343,16.43116369111172,23.055960607620058,29.8155595331356,0.0946000381061157,17,"(0, 100]"
139.35866373598347,135.78313189640986,628842.0179911909,418.91605528472286,112.50844912500489,112.50844912500489,det2,0.06194163899381191,57.193087284030995,42.811816890515985,50.24946025901869,14.412077204810318,0.1249188817498074,156,"(100, 200]"
162.68387264053268,204.60524054242586,213440.6903276685,465.66564591329166,22.10053208218919,22.10053208218919,det2,0.19165634866713246,3.743653648766076,2.4512273386763535,1.1370926320520005,3.2293494265367797,0.25775656998561214,318,"(0, 100]"
23.621308999780865,172.3711156009349,2180.1072556426875,423.96319866916133,67.73532935633595,67.73532935633595,det2,0.045401997017155235,43.28735001631933,9.409487586840848,14.641150910019585,52.694260721057304,0.11741535425397402,29,"(0, 100]"
38.63976734656706,222.77791521432934,1759.1204398265475,28.43257268755341,424.9611641104568,28.43257268755341,det1,0.20674911915190455,5.0125332933855615,1.055462976000642,1.601921456486113,5.7487972821198525,0.24167909940866975,164,"(0, 100]"
157.87005527408618,235.52770395422564,458256.6987006158,16.17825493623502,455.48439287205787,16.17825493623502,det1,0.1779736518688761,1.859850218135099,1.2552296377026988,0.7320793428711204,2.0683342712476684,0.2318186740541125,1045,"(0, 100]"
161.9593540528976,93.70648371147719,21281.14063938778,445.17181443350506,61.40808040182647,61.40808040182647,det2,0.1433201294451917,13.884798098526035,16.07557856698995,18.27094479664781,2.2483606298583756,0.1994504281019275,54,"(0, 100]"
155.62643864146446,338.0751220688553,41075.30510463655,44.425827115352334,533.356106610112,44.425827115352334,det1,0.2036583492449849,1.3299985752094663,4.052823640507423,4.927456893615421,5.185472419493586,0.2396432590331272,507,"(0, 100]"
43.71954703392832,100.18893411038208,4094.3225760267974,443.6012742330745,27.311462635260746,27.311462635260746,det2,0.1925523860485809,5.099649237544604,0.6564900581880289,1.1313990591128145,5.728170437317538,0.25185876568431476,183,"(0, 100]"
169.22308847765038,278.3279565384025,96917.86895139754,478.9646088564055,26.440108262061944,26.440108262061944,det2,0.21813212329009043,2.4457644234958296,2.63101753877171,1.1580646102894705,2.860241826211273,0.2693662148360968,196,"(0, 100]"
13.231116025237984,315.2181499663328,2468.8239036809923,487.2647264653698,28.274519280759485,28.274519280759485,det2,0.18780274374762898,10.213062142330516,2.8755058795894075,1.8920063556853468,8.912312491106409,0.25036404340301327,73,"(0, 100]"
25.456242491355543,262.2371298182738,1219.7072509274199,23.72410805490932,501.385533951267,23.72410805490932,det1,0.2225625492657512,4.254183858029104,0.7994148934693981,1.4142106700917196,4.344513844609316,0.25013177037274625,142,"(0, 100]"
162.5301512932084,229.71770563274956,3288.999461260881,7.169408760744892,477.9852338631914,7.169408760744892,det1,0.20916560010149562,2.033843510048404,1.5239803887521088,1.760158839053876,1.029970513348156,0.24922163672079412,315,"(0, 100]"
37.674921518549255,144.7036884654459,1030.7177342976875,24.83503631415446,520.692620841502,24.83503631415446,det1,0.22754726845252526,5.300823351854314,0.8099012757577906,0.8435309461512231,4.815635236602195,0.2561190916989421,172,"(0, 100]"
14.883448936479708,148.3155531257332,1458.519363826215,23.64764720426079,521.1163266354171,23.64764720426079,det1,0.21621483439261224,4.541618681698135,0.6901576870359795,0.8978002498907691,4.974457063827278,0.2512340636687756,228,"(0, 100]"
34.74604393649443,356.1693107844196,1843.6594591245128,465.33495748169616,5.9230668163910325,5.9230668163910325,det2,0.24811733474212105,1.7272383938717597,0.8505506448980755,0.5053036794965676,0.9011866340872815,0.2845000751276202,70,"(0, 100]"
148.88080568677165,300.3384282171774,43833.78306624388,463.83884953852373,43.278642382867986,43.278642382867986,det2,0.21468997663046796,1.6032065092726697,4.453636342940579,4.370188244567237,3.718815994737265,0.26513300212626645,226,"(0, 100]"
48.2023438596317,116.82092436907467,2400.8409436330257,467.4267554337869,27.91435180806808,27.91435180806808,det2,0.10269241711378442,25.60415887713003,5.4138281057362105,1.4394880018637335,20.339690171215224,0.17496178227085807,65,"(0, 100]"
36.913165660963756,168.96739993149117,1707.4737816014633,396.50672139339326,81.05645839384403,81.05645839384403,det2,0.0416935975716927,63.014648499869885,11.568165099251816,22.506215337488793,56.861345801918894,0.05339068085333237,23,"(0, 100]"
136.8601220692834,169.24914404576649,894.008276758107,25.912347241014256,465.0379886937324,25.912347241014256,det1,0.09506091553351155,5.093116833403237,8.336023916054579,8.255119669909519,3.9566167681326063,0.14771856848391038,111,"(0, 100]"
18.383469266177087,266.9360618238459,2741.8545021851287,38.322863109451376,525.9453056563602,38.322863109451376,det1,0.1633880450114941,5.517701955139677,1.57555792380067,4.167460950498859,6.989442996356489,0.20327773710359007,309,"(0, 100]"
138.96676785939044,220.35572367351193,1320.698307364598,21.8905791221056,361.48434747701134,21.8905791221056,det1,0.1755575943231489,0.7107088953375652,2.796262230018884,1.6661281975445774,2.7977349844757016,0.21161417562112408,161,"(0, 100]"
29.00311617182739,126.15522641509189,2141.7234705189085,505.087912905287,14.032992559470781,14.032992559470781,det2,0.20910469000774431,3.5684224956614097,0.8792893644082107,0.9134370825497315,3.391197057206584,0.26168310693010355,74,"(0, 100]"
15.752197474063326,97.40134900263591,1974.0056360896872,486.2074762320271,14.681809427500164,14.681809427500164,det2,0.2286788898466026,5.087907078856722,0.366707765595522,0.3323507778820537,4.75306417837313,0.2733044371665125,76,"(0, 100]"
25.27704647023644,345.7424113534884,1833.4048749453925,21.610293378622828,489.09374439681704,21.610293378622828,det1,0.2325662350781654,2.9964456150236676,0.8821553555142181,1.4592667373431434,3.8685594691533565,0.2629068930979729,265,"(0, 100]"
33.53377219481056,247.57773208191313,1658.5855117481933,36.69128957395317,474.17815161328343,36.69128957395317,det1,0.19609774868835841,4.636420264207208,1.7692391304465285,1.9485617618160278,6.188227960075665,0.2313419327741594,170,"(0, 100]"
146.44050837725536,5.662865145156301,1930.2018190443337,35.80758372818433,488.36823266783034,35.80758372818433,det1,0.24142153250246962,1.5359119996220958,2.245837169590316,2.0646097773383754,3.772079713657067,0.2641461714961124,175,"(0, 100]"
19.472516704190234,268.29570351934785,1424.9961265289699,441.1862179863043,56.30436103278529,56.30436103278529,det2,0.11823677303579914,35.828633563002484,8.524722097333441,9.353730719044442,33.204551325231485,0.17484319715956897,18,"(0, 100]"
19.064828474460636,126.20229969122688,1704.6985192538568,501.81174239283445,8.167552896200744,8.167552896200744,det2,0.25475615032431986,3.64907622761748,0.4649608959899735,0.805608208930588,3.231086560022394,0.2847658190058185,71,"(0, 100]"
141.03233193003294,65.30023270939012,17043.026292882612,49.12112941139635,458.2118457515804,49.12112941139635,det1,0.1357862628914479,2.986243286831876,5.102614009026645,10.390693418929795,8.002759555012707,0.1762165985658923,298,"(0, 100]"
19.1756266944627,294.16343827504977,2223.2505166470914,455.83554007449754,50.50842924987203,50.50842924987203,det2,0.10813626326270619,15.998487444777876,4.017246407469025,5.527916115151071,20.01119149278854,0.18027772335962813,45,"(0, 100]"
149.87364596219922,212.41981360157752,8431.82744172628,426.2732216954118,15.699858787058075,15.699858787058075,det2,0.25626257354770055,2.2296379588855544,1.807689415746974,1.4322094920994044,0.9086999213107435,0.28638726512432533,127,"(0, 100]"
164.3427484789655,311.79803839792174,290233.9024993371,22.424985868028585,523.3562356857057,22.424985868028585,det1,0.16732475152287007,3.1842398771650546,0.9609153664382677,1.114883029725254,4.143069319772366,0.2246616085903553,1033,"(0, 100]"
10.413660133130241,357.6497429902985,1030.5052791138417,492.7354475759671,12.904201016396877,12.904201016396877,det2,0.25070752849709466,0.8893007838062109,1.0880182079042462,1.469004044301962,1.4175956633548052,0.2847000952498128,59,"(0, 100]"
10.799494202201625,270.81028278780616,1378.5539456797865,20.596632256780644,522.4468749957591,20.596632256780644,det1,0.16254124221079377,0.8411546425246724,2.6707499587978343,3.617970310042167,2.9592388168309864,0.2092431805314812,233,"(0, 100]"
167.18041978572325,65.97958122645886,1364.6848906990995,23.323806473650897,519.6677488914875,23.323806473650897,det1,0.11437890248556304,6.530991843592519,7.247257207260051,9.016369442231182,5.216234624311894,0.2024474376439753,180,"(0, 100]"
39.98493604040707,88.59752354574043,3077.612112125985,25.90585773911794,444.58349227931535,25.90585773911794,det1,0.20383063834714282,3.2496199633065483,1.6412965391961525,1.861357414050597,4.3743810345954826,0.2439400985484257,239,"(0, 100]"
169.0206623412956,73.34518307175665,78782.35435850744,393.62092958647906,107.25647351087221,107.25647351087221,det2,0.11226057649713318,22.868546364274813,22.70746799962063,25.94214668879752,1.0068562303416901,0.1896480360550052,191,"(100, 200]"
19.798944899976863,193.3778382549686,2940.5113254479215,29.645264119410353,511.8539785602738,29.645264119410353,det1,0.22840362953227222,4.775487381612028,1.4073848158822175,1.7459947107818956,5.853694496858436,0.26381375870910595,232,"(0, 100]"
136.00565807012788,173.25441026783594,145346.96116942583,413.21027212243365,62.656442670036604,62.656442670036604,det2,0.18961161417053407,8.754652434170227,8.757876001668235,7.483853662985781,0.32006104081970654,0.2530475138720979,299,"(0, 100]"
149.76966886714683,148.5852844252054,119192.15045745851,415.1210348609814,108.91972733713304,108.91972733713304,det2,0.10219546784340998,28.549414216526554,28.428885371739526,33.62981229721968,2.741258797308241,0.17225720172736014,221,"(100, 200]"
160.58191931944475,358.8256010585032,342141.3975403628,41.89516007156935,531.9704758794311,41.89516007156935,det1,0.1933730879153834,3.4437037452894312,2.917416603167416,3.5332037885642684,6.122616731644549,0.23836813903877435,744,"(0, 100]"
36.74144472073976,323.0554133757332,1221.9466070300239,484.93606016004446,45.10571394544899,45.10571394544899,det2,0.049846094253900006,47.15025373387463,1.366391998884461,2.1156189734854514,47.89827888704831,0.1257731429609514,36,"(0, 100]"
130.53639696311635,54.61155320800051,492105.97279536,88.79165973462302,423.23505131074904,88.79165973462302,det1,0.09058617549254903,3.2233192221889144,13.040439100777082,17.57469843590031,15.652189467682406,0.1402448078957686,994,"(0, 100]"
135.71365618205002,258.40740067931335,1937.8344787551878,33.72468999616899,391.0346366219903,33.72468999616899,det1,0.11008974050309213,8.151537987617955,8.213455693425132,10.230108793643613,5.78180163899303,0.17290536474073182,270,"(0, 100]"
15.434452927178715,289.31224843372803,36078.594616091286,442.0257880816169,65.58133051274933,65.58133051274933,det2,0.1768985794880025,8.465920659496284,5.498910040067699,5.980436386623349,12.629574765946751,0.23670130556907068,110,"(0, 100]"
157.07487175418117,283.23871587370616,7380.29004066139,26.19446317404794,505.1021558984237,26.19446317404794,det1,0.1966005492080473,2.890782383468618,4.809977113390263,5.3227877307224825,2.1746531859882965,0.23933564036429544,365,"(0, 100]"
32.136132395299676,4.387111307979962,2216.158635855092,460.5507888385524,8.096223986817376,8.096223986817376,det2,0.24433432664835583,1.06537388140188,0.44400042897401193,0.6944172956039991,1.3076758430434576,0.2819394196840267,93,"(0, 100]"
24.456352146778332,143.85623665800128,16044.168981745874,36.445452452792786,530.1205594807249,36.445452452792786,det1,0.16416334332439741,6.285936275800719,0.9497303660872238,3.318665368455781,7.069975067429543,0.20838759804071658,524,"(0, 100]"
16.021527254233547,299.131480733208,2647.1001136298496,475.23886577399117,39.0280359874078,39.0280359874078,det2,0.22735858328090142,5.435704683214912,3.423103896430541,3.1997788165590015,8.853382429088281,0.2721890003634927,63,"(0, 100]"
39.082650930008036,340.99162737247264,1360.0932302014992,32.702157826633744,489.42434375454735,32.702157826633744,det1,0.16894144860707153,5.519007211840774,2.5434392644633816,3.609163163194842,7.750038729365964,0.21715621551891168,155,"(0, 100]"
42.96601002875975,259.53403039664846,3216.077443601855,368.4554452925188,64.03469803122702,64.03469803122702,det2,0.04925283328174466,39.75172319930256,29.466054566477297,49.65964852137487,26.238561709561065,0.0562871033397852,17,"(0, 100]"
31.04928992673709,194.02516418980434,1000.926037376512,410.37805278271725,49.64560847751131,49.64560847751131,det2,0.015887832608493947,124.15817953195727,39.860874809017076,42.18646778968076,109.07418488063692,0.03747436633946048,18,"(0, 100]"
13.26415154438798,257.4272909362803,161514.91081943596,40.9498613641417,534.524915345645,40.9498613641417,det1,0.1672395034614135,4.134553542917381,3.109872092782317,3.742297960034089,7.129653203703538,0.2284410484017846,931,"(0, 100]"
16.22345813363026,108.95253890151281,1863.0330783936538,475.43699492958586,31.275108362146245,31.275108362146245,det2,0.1917868728116013,8.265702624397074,0.5223053630122735,1.6086111461682655,8.036163341787486,0.24499570989489827,52,"(0, 100]"
33.33070984423821,133.2343402609579,1141.975406679159,25.772767069016133,513.3305452521754,25.772767069016133,det1,0.23016750345195008,4.385888074307785,1.5950194106288604,1.5891450992232832,3.7122571644907505,0.25364064159294686,181,"(0, 100]"
151.80922830097626,209.90979888913856,463162.0758334647,20.362126761363896,432.938339058774,20.362126761363896,det1,0.17901634681591697,3.550812420025458,0.46892135854307887,0.38349682094197557,3.940773498391907,0.2308700874803205,1046,"(0, 100]"
137.5640499066416,302.5240070134996,4305.9271759993535,32.096137631216585,511.05610067152554,32.096137631216585,det1,0.1627485618748872,1.5920096310142724,4.222177861213413,3.407970523689028,4.166929416057996,0.20581490343142578,304,"(0, 100]"
163.69929456445257,290.3329358346888,1243.9462938900676,18.723576628585022,510.5247015776734,18.723576628585022,det1,0.10483081156287748,9.906826540412752,5.969420154315448,8.315581536834642,6.898472577817148,0.19258749423900598,267,"(0, 100]"
23.595294644718763,231.22187228037328,1390.7523442548227,401.8569626256753,71.52991130331336,71.52991130331336,det2,0.10447980534969499,67.61344685811243,24.728078621295612,19.670714093084342,58.210483140197944,0.13848220847336024,16,"(0, 100]"
46.89793302954135,134.86874826345826,1152.4095060322627,23.504076771993265,511.0462967591793,23.504076771993265,det1,0.20112231552055831,6.452532393405739,1.291608793845739,0.2844252144748215,5.47418768655841,0.23404265709215477,131,"(0, 100]"
151.13504744129986,268.04262358291436,82105.93860461283,20.15276642131605,469.68487495270944,20.15276642131605,det1,0.1323756233720753,5.322612930201469,0.19829049337520102,0.37025131862792143,5.519476140026833,0.19501184968846186,887,"(0, 100]"
154.00195075730036,60.69076049555433,261883.0993944507,46.85011193713909,507.0497299427363,46.85011193713909,det1,0.18082216331394,4.446396950327897,2.961178004755159,2.892601409204962,6.754850880266716,0.22822262805517637,883,"(0, 100]"
29.003584801803434,99.2612930480201,1915.7636599991854,20.076766782978957,489.7329724324341,20.076766782978957,det1,0.2533479484319223,3.5773695535954237,0.3118647754283961,0.8130240057262321,3.8391249319550123,0.2745912577513346,241,"(0, 100]"
156.30739975009578,314.4927623300609,5990.521767091492,24.866755272431103,521.6756756956312,24.866755272431103,det1,0.18410791894094702,1.2668626761034858,2.47789436286047,2.436605513360315,3.6395024626939305,0.23401470332969082,236,"(0, 100]"
46.54210346924774,334.041934744529,1421.750679371982,39.33689875589708,496.5499980811623,39.33689875589708,det1,0.08808220220855872,25.83730138626052,4.193861169292652,7.338603520099332,23.69413523477857,0.14163215070196603,174,"(0, 100]"
18.256890024335725,268.53395421208893,1529.1930738993979,22.571828384448427,515.6779319589854,22.571828384448427,det1,0.22491565992315335,3.022922896341759,1.3978568532015765,1.3756504438189499,3.43736587455629,0.2549248513692826,182,"(0, 100]"
147.32283251881813,249.76534059806852,402462.7376018051,19.6825571653296,430.11804320334454,19.6825571653296,det1,0.1309206580609413,10.105661470645058,2.048670889318361,0.9327042174625902,8.145023529744421,0.19513021484854426,1164,"(0, 100]"
29.73555440960586,233.5031410596854,2437.7094420683375,379.9646488857588,62.870447817744534,62.870447817744534,det2,0.04911385032747795,110.92001386282809,36.84195440350058,29.35606816331184,94.34934330575673,0.06962082429797506,16,"(0, 100]"
39.30669142169709,40.480385522346666,2185.905243802862,24.215320267071885,369.1881856245084,24.215320267071885,det1,0.1597783301749029,2.939753749034451,2.1910179273578105,4.574051898766498,4.699769167581923,0.2065002117670277,214,"(0, 100]"
17.82892668889699,273.34252832693596,1506.6377030255064,439.20395924837004,60.43528834782611,60.43528834782611,det2,0.07574080947575387,23.507031905890962,13.82916604035359,12.42111632188319,16.75836418717155,0.10511615250216164,43,"(0, 100]"
157.34159430339014,149.80740764760964,4366.353113542625,21.1772294602611,512.3428917327517,21.1772294602611,det1,0.20303344093277575,1.1102904381676972,2.6417955200347514,3.235192910548261,2.445472850416649,0.24156276822705083,264,"(0, 100]"
13.627947374389164,88.53996813689338,1309.6534467303445,14.136236691064994,497.6019448328964,14.136236691064994,det1,0.23357354598751998,2.518075010200766,0.7761907267427451,0.764704609386423,3.2163678447622535,0.26716966203351394,254,"(0, 100]"
18.834459386255563,282.9329815812994,1291.0094770544333,470.8546630169357,31.67680837506398,31.67680837506398,det2,0.2399450318717705,10.118078692226984,9.308543723536602,8.378123339704443,1.5451704752431352,0.27977242281989756,24,"(0, 100]"
32.272880510188465,42.16628796647253,1037.7701805489676,416.6678076349512,12.615694270828143,12.615694270828143,det2,0.2711924642782723,2.690360557933364,1.3221433359790524,1.5359725899131735,2.0348107110722067,0.29160804587124123,61,"(0, 100]"
13.035014040631365,16.16099539128736,1930.7066069987884,9.466909745338366,492.60350630380003,9.466909745338366,det1,0.16888713629904828,2.682982794936184,1.4087298651040254,1.6201610313044734,2.19036917540289,0.22100571386101808,394,"(0, 100]"
47.39137320401855,155.56084141362186,86583.58585417244,49.50930031717728,513.1640446782061,49.50930031717728,det1,0.13618236376268297,10.083898866150998,2.1665849802101564,3.5686502717576594,12.232855840608309,0.19099920984889487,615,"(0, 100]"
133.12142663187166,2.6366326535050124,10352.025927889283,53.44942112249065,469.3945816484765,53.44942112249065,det1,0.15856130516440786,3.058635033808686,7.560549966165841,12.622495682925233,6.03925686981912,0.20608697237569384,341,"(0, 100]"
23.64732932730315,25.072232752714132,1374.0342495122288,17.71785666396718,455.50807658422076,17.71785666396718,det1,0.24126260341275615,3.0290762048166116,1.1571259173331057,1.5277421501170079,3.7731528950323963,0.2705053848586937,242,"(0, 100]"
24.236525706534366,323.0401983143547,3432.9283303025218,491.833311102718,33.36903695922353,33.36903695922353,det2,0.19646586061046817,13.59962331995437,1.022821981318485,0.5445104842814636,13.415572416112141,0.24866896894374363,43,"(0, 100]"
38.97338264851335,55.97689268122861,1089.1323765514346,23.70323471925477,376.57774478082604,23.70323471925477,det1,0.19503732755388073,3.18966478756047,0.9893354319193813,0.9261227935020384,3.88570542451854,0.23359658775767914,189,"(0, 100]"
13.347918643400737,30.711565650788536,298591.73930377065,454.9584551518818,40.2814163378466,40.2814163378466,det2,0.1806939309912458,13.671523573798318,0.24447440095603626,0.7846275699415811,13.814673632189988,0.25558337598899383,587,"(0, 100]"
157.24405924638052,89.8546485547114,296530.3688045287,45.013257507550804,522.7243059824938,45.013257507550804,det1,0.16745775676516408,4.4856147605597,3.2594846946201663,2.805472211007342,6.917691660160876,0.2210887980914571,992,"(0, 100]"
30.35672694021677,186.0573381310169,3163.2243331956734,27.88901477650601,489.4391359366479,27.88901477650601,det1,0.23217603108412163,5.469144663731564,0.8272021443922031,0.3252508801151684,4.661710696209067,0.25611381311208736,197,"(0, 100]"
37.36674059646077,245.32360390851866,21942.737663707987,327.35824987132446,92.35387197153867,92.35387197153867,det2,0.05845053378492624,51.724024106013474,6.849598178899221,25.411506204915653,47.37034460535747,0.05435905355419731,35,"(0, 100]"
16.29403037317859,92.88063544800475,1918.4065305670454,488.21978373528503,12.923638829578502,12.923638829578502,det2,0.2510773857891241,4.338242879392902,0.5979608123904124,0.6317470455433694,3.968378150097168,0.2816235923503459,78,"(0, 100]"
48.15740399591235,346.5469150137832,1263.45286159129,445.6066476982892,20.892920076018385,20.892920076018385,det2,0.1391114738103469,10.018662103465598,1.040100939966779,1.4860062718465044,10.134930576277524,0.22008923523730314,35,"(0, 100]"
153.65596929491,34.09296189033608,82933.11431621104,40.31352457594561,496.58413718191247,40.31352457594561,det1,0.2028976763542682,4.675818318691126,1.6411726738862324,1.6405198978985285,6.316623277357079,0.2440596101120396,698,"(0, 100]"
29.29979022425803,65.14797604505722,2372.125215499486,31.89328244964818,422.2597980257176,31.89328244964818,det1,0.16692924234405854,8.120097752955685,0.5060228741468639,3.0697679161367035,7.9467890029354935,0.20890378884687272,421,"(0, 100]"
152.87887273673255,185.72986909429594,578687.3550649371,426.3132644723715,50.57974424250071,50.57974424250071,det2,0.19458334857032974,3.7845812772178937,5.319436364824196,3.213651025280303,1.6911597499569486,0.2621277237674556,551,"(0, 100]"
28.377125924453505,18.858524152339218,2000.4250953280161,20.44978612960273,440.9979011896737,20.44978612960273,det1,0.22179874707718153,3.4607737932547145,0.8928083550799665,1.1593763167561184,3.686497389035797,0.2533128234491692,288,"(0, 100]"
143.4038528383409,73.45161832291663,1254.8521828340035,39.40885108316514,470.5232178347288,39.40885108316514,det1,0.14216133612877685,3.8242373985668325,7.096283886611464,10.291188618222673,4.4115516603775795,0.18353549574338116,143,"(0, 100]"
42.843008573742004,329.0354554519345,1671.589302274544,473.75358043101977,36.83343943336683,36.83343943336683,det2,0.0859407911245863,26.33709202342217,1.10905011578015,0.721329212919577,25.64739498069315,0.15322948827923114,37,"(0, 100]"
146.25547234728137,287.7733236075476,432406.3093213518,440.86066677538133,53.75702872166288,53.75702872166288,det2,0.18795860626683134,5.929291789637473,6.349176238020219,4.396581106138995,0.7364057663170587,0.2604173055613045,499,"(0, 100]"
156.7114888487735,117.55723013623675,91323.98095042392,33.70256055916772,524.9532194732731,33.70256055916772,det1,0.20269485865955317,1.3667564227702993,4.31523078091129,3.8668575135842693,3.1477784487588245,0.23795423650061984,263,"(0, 100]"
159.0027323211847,334.46704175525497,5011.027762761691,30.21900928164766,522.4786228649891,30.21900928164766,det1,0.16159632046779357,1.3231898589817435,4.649682979513442,5.489736408126705,3.345209752331414,0.21108636423487692,266,"(0, 100]"
44.48401670352138,56.12956631059703,1430.9431275144918,19.255819774795874,350.67797660628446,19.255819774795874,det1,0.21105696367349325,3.7442928708137178,0.7128132545856423,0.6855152374763049,4.257688881415974,0.2461101536046682,167,"(0, 100]"
41.93247946878184,83.29367056799218,4437.522465961507,34.159828989900596,416.51989766403034,34.159828989900596,det1,0.1848770674212333,5.877349833335509,2.8495918692658053,2.862947621213552,6.664818867106382,0.22478226580225924,268,"(0, 100]"
49.069582395129295,280.33566500028235,2699.8223532837815,423.26846643220574,68.48396337238827,68.48396337238827,det2,0.09610180941790564,29.5504169685557,26.011024891541854,24.504036511143838,6.953955722877412,0.09859862551272426,23,"(0, 100]"
159.14242329742495,99.06887514913906,350649.5238941009,374.2628847561046,129.29086905897168,129.29086905897168,det2,0.10409280855004405,27.292293170191254,29.68976842095894,28.23249938407715,2.6445282550203575,0.16798531529853808,201,"(100, 200]"
149.2274437033723,19.59105508055218,21771.300831931883,360.1345651326785,89.7486377732273,89.7486377732273,det2,0.06913481728720562,49.56401063659372,49.65250520565511,58.50982429291866,3.511251884880158,0.09433422102772084,38,"(0, 100]"
34.499978578449266,310.84841510280705,3122.5666426695407,455.8388014790652,54.49885654785634,54.49885654785634,det2,0.0821681982320797,48.40215077917778,6.130524798055609,1.69575576294748,43.72399484716332,0.12604178657601842,41,"(0, 100]"
165.63782774070276,70.21381961157056,240897.11276575623,380.3825909194187,114.90515840856993,114.90515840856993,det2,0.10693387528653495,25.178472526959332,27.026715982350883,28.865482768885986,3.6123600372480937,0.17354074551785914,175,"(100, 200]"
40.999054812613906,280.9887139492162,778292.6168573212,355.5968762734227,148.5870556822723,148.5870556822723,det2,0.08807108653178027,44.4075465772168,28.85641794983031,18.935824446214472,16.924459740818616,0.07983438854011565,155,"(100, 200]"
22.32026534453943,353.126920385333,1366.9538989852203,22.892151262686145,493.81882885413125,22.892151262686145,det1,0.23676569387114474,3.0103606508226735,0.5659406602853209,1.1902610621269007,3.573710932619405,0.26394266560367763,235,"(0, 100]"
14.448489345398414,105.26243286601905,2023.7494912300003,12.929225704896664,509.1263540945577,12.929225704896664,det1,0.22008149396591647,3.7963517009010785,1.5181962538375358,1.8399647137753248,3.2949051348575815,0.2538259248023276,324,"(0, 100]"
42.80454141189888,136.21783578728233,1404.8971268392218,465.44455446215306,45.849455015498656,45.849455015498656,det2,0.1488497837381683,7.838514575206704,3.401516352531667,5.3757929303901335,10.978193686332636,0.20545548562844915,40,"(0, 100]"
134.82261416185327,223.8085034546722,19438.073169958865,33.319923019215615,324.3922813538209,33.319923019215615,det1,0.1745419254060334,1.6253741587654613,3.6551019163594183,5.441915005109153,4.689067156970944,0.2219148386124726,441,"(0, 100]"
165.17690235936053,347.61906360249594,735.9515929459241,23.352382275922164,518.4354509435042,23.352382275922164,det1,0.09951505640274677,5.431050044116137,7.282750525325042,7.984541181402261,2.572557042225305,0.18027794184956225,168,"(0, 100]"
37.040818129927324,113.36481325872091,16731.483238064076,39.67652553784791,502.0887488498028,39.67652553784791,det1,0.18145352868276685,2.731500838989207,3.286581190281739,3.3048352955573725,5.744995112523175,0.23022196273297107,551,"(0, 100]"
133.1839810815976,326.85285397728313,46956.47424843419,36.86203945960998,519.1367224554215,36.86203945960998,det1,0.1349336410992386,2.76387292319272,3.51965710740607,2.474480132904866,6.240083291704032,0.18926936662462235,452,"(0, 100]"
38.96951698019722,136.71952418191347,1191.591855457498,465.0951257561317,43.897558493292436,43.897558493292436,det2,0.12618513129193903,22.669293452068253,1.842801821324696,4.435264267195147,22.565604700571814,0.19823272225633506,40,"(0, 100]"
41.35551779671315,354.5856900877014,1517.47824354716,439.7601228516928,42.737879850204,42.737879850204,det2,0.09633772978277014,19.389778842563747,2.7546028004526186,2.4094586588479325,20.528783031812758,0.28660293780509427,43,"(0, 100]"
139.69133916749382,46.72359890097061,1402.0648507076585,33.94705739845297,421.46677006424534,33.94705739845297,det1,0.21886623629366433,1.0359556287043639,3.8950877651466804,3.3571776420466897,3.5183385714010287,0.24674043742524537,124,"(0, 100]"
24.73326457680257,247.62986112150793,3618.4128186327202,399.09285901018444,70.97090092271051,70.97090092271051,det2,0.0988987515540925,40.50531520972703,4.844441767313893,12.73326752339542,41.874101392900926,0.13456226689614623,21,"(0, 100]"
146.1927610724359,101.91179337227732,159473.04244902695,389.5318491693306,110.51171745353625,110.51171745353625,det2,0.07330199346146557,47.82601005845408,45.05987286359032,46.68809959829094,2.767363484211652,0.12775051505775317,96,"(100, 200]"
160.88755395654462,87.05552888625037,58147.09977719946,389.27910095110036,104.28737831706877,104.28737831706877,det2,0.07942580904694832,34.15035261443325,32.48291181991123,35.58298812261064,2.2572449040661517,0.1272487488071261,116,"(100, 200]"
40.88851236155181,265.20624129515625,49163.3259031087,349.2418628107709,101.55531003833471,101.55531003833471,det2,0.08779983302506522,44.106397288008914,21.988753881516683,12.16471403000052,23.98749426030228,0.08295017903844518,56,"(100, 200]"
155.5638882603487,77.27045802444972,937.4399291737839,35.528262860604585,507.8898429928725,35.528262860604585,det1,0.2053008785328503,1.0983900911086069,4.797744991605513,4.139841801096365,3.9269111229893485,0.23844474721934064,163,"(0, 100]"
30.545663069335237,267.73083152378166,1188.9372005432413,33.36055968242279,499.84496101127394,33.36055968242279,det1,0.1998769660921394,6.574287390555407,0.6234538236718573,1.1691795599272488,6.6166001950913005,0.23462225375749773,154,"(0, 100]"
35.182016352082066,294.57019966262516,1009.315663109848,41.395041422248845,521.96951691697,41.395041422248845,det1,0.1639508733674052,8.636642181378337,1.383315165042302,2.286044995064821,8.952435253709904,0.20176244512981192,128,"(0, 100]"
26.71331727021685,328.3109006443156,7808.396106084294,24.503609614745795,510.24078802068624,24.503609614745795,det1,0.2536798314723034,3.9630491288563903,0.5839153896631699,0.7179477593973198,4.498046490727384,0.2771450612190151,293,"(0, 100]"
17.52473997168288,149.04169396234826,1262.740601940483,11.739158619398768,496.28534973397893,11.739158619398768,det1,0.06918708156793271,19.380132827838814,0.2623151062875319,0.42725479860840176,19.357457500521306,0.259992860779851,26,"(0, 100]"
157.57038928894173,237.82419893143324,786.5703413875992,16.03805044221834,455.82579293228184,16.03805044221834,det1,0.1541325879418849,7.714481362929936,5.706915858778098,5.295587321043859,3.319142793690201,0.21765234458715688,201,"(0, 100]"
24.675770517414577,248.27269735732486,1498.065772566083,30.29087124946657,498.5749346819357,30.29087124946657,det1,0.2037942808328927,3.248164699936891,1.223809225413962,1.437383688469702,4.315746310012461,0.23571170192745947,207,"(0, 100]"
146.18001176359527,260.475876302124,2639.0005542028366,24.971156297561805,440.2954292190593,24.971156297561805,det1,0.173421915395874,4.281495144421285,4.812096565215151,4.511313697592171,3.463743859870812,0.21957235271589004,324,"(0, 100]"
35.87248681116156,41.48281819270514,1889.2091648520993,402.7087325550562,11.999864916342975,11.999864916342975,det2,0.1964679395125949,3.4715111091442634,0.610097767213103,0.8026286349254903,3.2550230502925546,0.265149177610774,117,"(0, 100]"
19.32553918788744,239.98901149025076,2960.899307035112,43.52583675153012,524.6143943133727,43.52583675153012,det1,0.18468682339089243,7.270671219828796,2.3147187812089864,4.834704183659779,8.639550256376198,0.22483971404659675,275,"(0, 100]"
160.6021781898772,11.440383582459368,4086.5551092476585,410.0270702183391,79.15393995476592,79.15393995476592,det2,0.05799058609216247,43.77516887725085,35.002070399435596,28.52254536329871,8.883341883112045,0.11156244107353608,53,"(0, 100]"
42.121341761620904,284.8547760171629,3643.020007369261,37.56304546467898,497.9795993508325,37.56304546467898,det1,0.13498598104216344,13.587385688126714,1.1330702064645253,3.380763470214917,13.102932919573485,0.17869420816173096,147,"(0, 100]"
145.96602494371882,337.4800561799701,8847.89044571266,429.7351732609956,69.03984704203211,69.03984704203211,det2,0.13052334554134168,23.365784001525462,23.83384306157258,18.716033482164278,5.372745440576427,0.1779677354668799,41,"(0, 100]"
134.83546195053447,46.62596570523747,228947.74839919643,224.11415854781825,136.48166948453198,136.48166948453198,det2,0.07153255986916655,89.45349100221983,89.4248601887177,92.98434026856005,0.7327058376565702,0.07043351395722097,84,"(100, 200]"
152.60463382314174,295.9581603842145,27339.76233151229,35.502701103623636,509.0217742445991,35.502701103623636,det1,0.16521786689278126,3.999618692158665,2.774059079394926,4.2360378525190105,6.569071536434976,0.2198200885721557,693,"(0, 100]"
25.40048948201418,251.34164266407683,2102.0342349799334,28.25592656361453,490.4742851124076,28.25592656361453,det1,0.21131549189440474,5.008881979526207,0.6630413654940952,0.9070664703186329,4.493994861342177,0.23855912791939204,208,"(0, 100]"
37.3506915925506,323.2622038572989,1177.2925075337564,31.296096755648865,513.8350161569483,31.296096755648865,det1,0.1776433195620278,9.794389284534766,1.6733644305212296,3.508616826923781,9.507416319453531,0.22244568005608475,160,"(0, 100]"
40.813906550416746,119.0285377138285,474531.24507793045,37.02812659821195,508.5908234124491,37.02812659821195,det1,0.1645923755734254,3.8826648716785264,2.9458288660816443,2.8967354597313326,5.922906518244055,0.22527468202339584,1044,"(0, 100]"
40.97906166867661,331.8078797220932,48226.19393003039,429.24413576901486,101.0011080287417,101.0011080287417,det2,0.09192185729533829,41.46618069275717,5.146403810984596,2.8688426438914623,36.32110763119984,0.11823845341095536,182,"(100, 200]"
145.8943739069686,199.97495514875328,15795.567827552406,29.156116307817765,414.8713892830025,29.156116307817765,det1,0.20581904864949258,0.3060526990178097,2.9555440743595995,3.7605600389714096,3.2610982158991324,0.24178923132022578,435,"(0, 100]"
145.05699409189262,308.6957431433235,11267.246663841455,33.487372479684005,519.1944714823247,33.487372479684005,det1,0.21020582185064415,0.9071617147367782,3.0008208991826772,1.6277907169607135,3.8776569459348296,0.2467019268401578,415,"(0, 100]"
38.227081006606646,303.71253326271517,2010.75348171894,37.46099062328397,518.6297944261096,37.46099062328397,det1,0.17334569984151132,6.945121752583501,1.3418346599589306,2.9576073720364424,8.27988003079041,0.2135626138599356,162,"(0, 100]"
10.627439528726429,260.39613173829855,2021.13277633255,24.273773612600294,524.49345608931,24.273773612600294,det1,0.1878812377022185,3.714456675520124,1.243967451985023,2.8530782940048605,4.957058247144199,0.2353620514438318,269,"(0, 100]"
36.0000306916811,78.23185873430553,1175.588520310765,18.94830650824218,435.1810677860448,18.94830650824218,det1,0.21259826291100967,2.5228513053220127,1.5392045524875027,2.8391281500745675,3.666793192812115,0.24952761534045792,172,"(0, 100]"
33.331959057279704,198.56863598561026,2385.3252286909687,355.8370742048937,84.71333385952919,84.71333385952919,det2,0.06763482226958323,70.96545612327692,32.314042335597975,32.22127877675056,42.74224945339127,0.06271734331871605,23,"(0, 100]"
10.207073063431054,20.021229248526687,1572.3090323447093,500.75935837416466,8.726070338837706,8.726070338837706,det2,0.23944677050730329,3.90072865259912,1.189110630307294,1.0704747920550448,3.0373867957402636,0.27883277286793523,76,"(0, 100]"
136.88303411373712,130.25703579902753,37484.25957052776,31.403228346874695,525.5574405160785,31.403228346874695,det1,0.1839935456329336,2.122289078500258,5.987782085136068,7.526517967953661,4.686051021088546,0.2214882624715224,119,"(0, 100]"
169.08799009700124,41.18517038315528,1507.3853837967806,20.20655760424525,518.1267009178553,20.20655760424525,det1,0.20556665500405805,1.332832706077227,2.439142460214747,3.0271238922635844,2.6309706889878464,0.2404785295242902,251,"(0, 100]"
163.41175438036544,283.7095462568308,6341.021446404108,488.4898247701255,18.97167395609508,18.97167395609508,det2,0.23396451290047096,3.3591552672651566,2.018636605434979,2.4791828462232353,2.365158847238014,0.2784257451746562,114,"(0, 100]"
163.12987415726317,40.37395525542508,222190.18773682127,371.65591311077173,115.19140558424304,115.19140558424304,det2,0.0805451263624211,41.42942796241468,36.86596945261934,42.84570577630643,12.239690122734673,0.1460310069208468,156,"(100, 200]"
165.33185233284564,153.50098829924067,554868.5138153743,464.23642070633207,45.51118380523371,45.51118380523371,det2,0.20920538150708756,3.2548663784174328,5.426354402280578,4.870215050661367,2.588354080604037,0.26630157156754714,239,"(0, 100]"
167.8490116172578,2.213336030614213,116628.9457032488,32.798649790333684,533.1017148564194,32.798649790333684,det1,0.18257663393226178,2.768419165176621,2.259257625796614,3.371145335394842,5.015568938222952,0.23306454451175557,774,"(0, 100]"
158.01412414591724,243.06674301038115,805972.0113270447,442.9443695922628,33.024632673854484,33.024632673854484,det2,0.20164145257951102,3.4745401896456247,3.432498267488809,2.7063523785849393,2.0866460773782394,0.26494789726017476,484,"(0, 100]"
15.019776035472841,0.01303737755023493,1913.0499773320132,484.77373362504727,17.207080621817827,17.207080621817827,det2,0.2598658865980926,0.9040262496640209,1.5121044927237044,1.8087302817685988,1.3633836407798892,0.2879002152754277,69,"(0, 100]"
40.90436217508604,123.39765993939437,1041.4992859173797,477.84233479784274,27.57537901981484,27.57537901981484,det2,0.19178336026932197,4.82348312922897,2.1851279650734954,2.031987710784611,6.42709777067003,0.2586954051850252,65,"(0, 100]"
157.24121629669432,154.5931458166274,17857.94228946392,469.2156355553492,34.98728098785409,34.98728098785409,det2,0.1954702565203058,7.405365078135064,6.6175184370792035,5.2066372161490735,0.8797284105090738,0.24950313790431838,89,"(0, 100]"
