mc_zenith_deg,mc_azimuth_deg,mc_energy_GeV,mc_ca_det1_m,mc_ca_det2_m,mc_ca_min_m,closest_det,std_reco_key,std_zenith_deg,std_azimuth_deg,std_speed_m_ns,ic_only_ang_err_deg,ic_analytic_ang_err_deg,cfit_ang_err_deg,cfit_iter_ang_err_deg,cfit_ang_diff_deg,cfit_speed_m_ns,n_doms,ca_bin,run
138.30153185456078,2.4600084090982666,2054.227123352049,1.399606873320082e-13,439.892673931553,1.399606873320082e-13,det1,computed_linefit,46.4061988319778,186.20866971065087,0.2420173021625686,174.62047927141296,174.62047927141296,103.97138999758478,26.74400011062499,71.0812553244309,0.0290321143568281,60,"(0, 100]",2000
147.10160228795243,-128.16341810010013,5542.938693634224,5.178681919428697e-13,427.753924140006,5.178681919428697e-13,det1,computed_linefit,35.0893354219745,50.952378339188606,0.2066275919580097,177.7540320294368,177.7540320294368,19.940554277722438,14.715300033242237,157.82871638724103,0.0418587291174073,199,"(0, 100]",2000
145.85666978518574,-111.03330569744992,1826.2926429375807,4.059432074281432e-13,437.0173597224709,4.059432074281432e-13,det1,computed_linefit,35.61614231576303,69.98898724368941,0.2394596889219387,178.4154507404235,178.4154507404235,176.5153013154833,41.18784747907627,1.9277530127951104,0.1938167026830749,292,"(0, 100]",2000
135.06872154751014,-19.193535536922205,3696.104719446777,4.582862941503293e-13,480.8619751184386,4.582862941503293e-13,det1,computed_linefit,48.13432821376899,163.15089887273888,0.230485718227307,176.37347171335605,176.37347171335605,173.94822186675154,143.5813456623742,2.5169457529725947,0.1951906959767803,123,"(0, 100]",2000
143.42688701929106,-100.076150993789,1690.262149507689,4.1088788676691373e-13,444.7188204696783,4.1088788676691373e-13,det1,computed_linefit,55.559419556093474,83.22829515837503,0.0594717510380778,160.8703273029093,160.8703273029093,,,,,287,"(0, 100]",2000
158.19786063155956,-80.48037503415038,2846.9466013585456,4.531903732385551e-13,496.2406327308821,4.531903732385551e-13,det1,computed_linefit,25.46417491598933,101.31233762905865,0.2206220625459328,176.26851078167843,176.26851078167843,158.20998574396643,45.16241359765485,18.08223988440986,0.0552984121301777,119,"(0, 100]",2000
154.2962462360281,-43.1858128991304,3789.226355004567,1.392373714442771e-13,507.41333722230223,1.392373714442771e-13,det1,computed_linefit,27.951047321527582,138.69213286385963,0.2511795825480669,177.59845807281943,177.59845807281943,118.93590221241828,17.240023119594472,58.69475441331836,0.0239961393261065,179,"(0, 100]",2000
167.83016946078146,17.919188265081168,1800.6943961524455,1.8198773652309369e-13,498.3712926639182,1.8198773652309369e-13,det1,computed_linefit,14.601240043290234,198.49339208646757,0.2441423839928754,177.5649888834226,177.5649888834226,119.25512881312892,13.38085712435588,58.33464329179503,0.0174264701312759,79,"(0, 100]",2000
157.58447769010593,-91.85398953791828,6918.713026284391,2.206117911819664e-13,488.2173765859674,2.206117911819664e-13,det1,computed_linefit,24.10987568351379,90.14240220791184,0.232245648952062,178.13139508852527,178.13139508852527,14.683722500381744,13.2058052724007,163.4671234579927,0.0504612285627844,164,"(0, 100]",2000
151.11864038967852,14.957880680400107,3355.805915824378,6.355287432313019e-14,460.00324506468775,6.355287432313019e-14,det1,computed_linefit,31.04973562041349,199.3221083637944,0.2562366075456914,176.92654082397058,176.92654082397058,169.23651717221205,64.74845908236169,8.022456514650452,0.1167804653008847,117,"(0, 100]",2000
133.3530102300173,-149.0826976118376,1632.4382236892895,3.06111178766429e-13,357.9226973435991,3.06111178766429e-13,det1,computed_linefit,50.4635383605896,31.557763567833216,0.1958725547221164,176.1534118777666,176.1534118777666,158.90225260881817,40.15604554685489,17.251878795147206,0.0815759205466261,85,"(0, 100]",2000
167.7489922900703,-149.51700522478853,3460.4951614787005,2.7408903977723625e-13,496.5600071610052,2.7408903977723625e-13,det1,computed_linefit,13.327188924388198,20.40526466877149,0.1687633549853061,177.52735785708606,177.52735785708606,16.013921759531286,10.87022577692766,162.67145664542113,0.0415582402553598,132,"(0, 100]",2000
143.30665850951922,21.67269837778737,3243.805451021054,2.6048926968973323e-13,422.8644143628957,2.6048926968973323e-13,det1,computed_linefit,38.48229902526157,200.80947739885443,0.2263793895557748,178.1352001374684,178.1352001374684,156.42380102189537,74.34570030543074,21.82139905319645,0.044868289287936,138,"(0, 100]",2000
134.30344025333594,-12.711725383752306,1943.7133736019475,4.0693694993695867e-13,466.4558576984289,4.0693694993695867e-13,det1,computed_linefit,50.711227993336855,172.9454119785538,0.2184325168069208,173.45100587875976,173.45100587875976,145.8192102078621,56.62764608457345,28.253675690542103,0.0808971597722836,114,"(0, 100]",2000
134.62934286829514,55.58280074201532,3384.972280624108,2.1268859807002749e-13,364.1910537087366,2.1268859807002749e-13,det1,computed_linefit,57.44901841205782,236.59107261861124,0.0974768931183619,167.89623267851945,167.89623267851945,,,,,112,"(0, 100]",2000
130.24812451359114,-178.87160265745982,1908.123812684179,6.412229920828439e-13,420.1294930043749,6.412229920828439e-13,det1,computed_linefit,52.0245484442898,359.66785757932803,0.2251009185303818,177.46055438992911,177.46055438992911,102.26102164123536,21.87897662594866,75.25902777369251,0.0223264043947449,68,"(0, 100]",2000
157.11557897890108,64.84175671510522,3657.9903769843145,3.1263880373444413e-13,472.9831541868606,3.1263880373444413e-13,det1,computed_linefit,25.684150081057037,246.86291882570143,0.2557567525783416,177.0798619830373,177.0798619830373,4.278232112488518,8.850411488334094,173.01449354387614,0.1181607713513145,100,"(0, 100]",2000
137.41559714285913,31.29893731813803,2627.962231566717,3.6838745804788353e-13,381.1992358922631,3.6838745804788353e-13,det1,computed_linefit,45.08543273762264,211.5457129890696,0.2325515063206303,177.4931410440119,177.4931410440119,167.7374764948669,61.86571841198632,9.757879580597836,0.1054264123704056,109,"(0, 100]",2000
130.89256171506253,-107.40467973514605,4494.1224510752045,4.366225850770097e-13,379.9458633233676,4.366225850770097e-13,det1,computed_linefit,54.48242917228623,77.39034436715403,0.1050685644987277,173.4383726634776,173.4383726634776,55.35324353908798,26.3573624823078,118.6061151123763,0.0481030573770718,141,"(0, 100]",2000
134.16131396771655,-95.883931342255,4636.324074979239,4.652834361350216e-13,424.6640394298927,4.652834361350216e-13,det1,computed_linefit,49.52736115425517,86.83628031832794,0.1920836617158384,175.79918120676265,175.79918120676265,163.4751913698351,49.04960667893683,12.476602081251563,0.0902716785505962,166,"(0, 100]",2000
131.5463845582146,24.3286323791141,2551.588782393504,1.392373714442771e-13,359.8739213585308,1.392373714442771e-13,det1,computed_linefit,57.33114423581152,206.25163798178176,0.1509384522943826,170.99169401553138,170.99169401553138,146.01613403122238,102.35272821166612,24.976057910492816,0.0687996840562872,126,"(0, 100]",2000
163.06138301008156,133.70736569974008,2566.392649660373,2.1268859807002749e-13,507.53727787616026,2.1268859807002749e-13,det1,computed_linefit,18.246968208932238,312.0784430815242,0.2199743217286579,178.6022003953438,178.6022003953438,28.224139339817643,15.802701344956574,150.3782469784627,0.0433433099438147,108,"(0, 100]",2000
151.45452424498515,168.33758018682255,7423.303556695073,2.6048926968973323e-13,488.5478329592689,2.6048926968973323e-13,det1,computed_linefit,31.336275256404143,342.39535353851016,0.2000884590813315,175.9304596015224,175.9304596015224,15.16203202811334,12.520315323507097,161.3364515900318,0.1114909573400527,249,"(0, 100]",2000
145.88418671173253,-1.741619122639565,4210.862257444324,1.392373714442771e-13,466.8785815888649,1.392373714442771e-13,det1,computed_linefit,42.8092685238298,185.2148666294437,0.1672778946998629,170.30063738696944,170.30063738696944,43.7414593976136,25.0288026110901,126.66300861212892,0.0641431906108872,225,"(0, 100]",2000
157.10637348119462,-165.9977722498817,3945.39717694896,8.03887338846093e-14,477.699680246441,8.03887338846093e-14,det1,computed_linefit,23.797110907959027,14.414708189850986,0.244336915754455,179.08185408719794,179.08185408719794,10.615675296325987,6.66559705713349,168.4701889993715,0.0453577217212288,178,"(0, 100]",2000
164.46489349886087,1.2968419041732735,4040.174636916706,1.885282921623116e-13,497.59987897488986,1.885282921623116e-13,det1,computed_linefit,16.648179274923304,186.6476557984754,0.2050798567873747,178.1467577241203,178.1467577241203,34.13051474721046,11.17946575648558,144.3832719088259,0.0224020757116218,230,"(0, 100]",2000
145.69860662058778,-33.60235725139429,3627.4770419362026,3.639754730461873e-13,503.73690673321113,3.639754730461873e-13,det1,computed_linefit,36.14816560833785,151.36512287105234,0.2667163977559814,176.59245604631354,176.59245604631354,171.8250897716807,44.92210519004871,5.160290215752445,0.1465522401687035,91,"(0, 100]",2000
140.0971903472115,-90.88881581447951,4816.904472558937,4.045104255820401e-13,452.7844108881898,4.045104255820401e-13,det1,computed_linefit,42.23401505951784,91.58451428398573,0.2501679396311843,177.15874828226035,177.15874828226035,157.4682951293004,41.31278201315983,19.842363167772973,0.0529095986198964,161,"(0, 100]",2000
156.13621629542132,137.23106519278213,2555.26221666679,2.1268859807002749e-13,507.3876767700981,2.1268859807002749e-13,det1,computed_linefit,25.438528829796425,315.33666382701625,0.2364327985899774,178.23832520937228,178.23832520937228,160.88922996361407,22.80584365404945,17.358047775173183,0.0478598859951796,80,"(0, 100]",2000
143.7626748234408,86.25322745691214,4132.985240476724,3.552713678800501e-13,456.7254100928695,3.552713678800501e-13,det1,computed_linefit,41.8087998632859,263.7593404070444,0.2308935062347477,174.2124351917306,174.2124351917306,4.428628890111795,3.4755095656788138,169.84469510424393,0.2043837702405606,80,"(0, 100]",2000
130.25475988752623,136.63664643735495,4497.832515800951,2.898457019905882e-13,507.18126591119056,2.898457019905882e-13,det1,computed_linefit,55.46862569515117,313.40755863755385,0.1453843085264933,173.72918895838595,173.72918895838595,55.13199400514637,25.552666314284338,118.68245811754404,0.034883673306781,97,"(0, 100]",2000
134.8957415338128,-160.48383776755813,3349.3024858843155,7.978354032967558e-13,387.51621770334174,7.978354032967558e-13,det1,computed_linefit,50.52018532176806,21.50429855920412,0.1592258810709675,174.3878164767449,174.3878164767449,162.2233404093603,65.67764299538011,12.246113074111625,0.0827210661387123,130,"(0, 100]",2000
150.20201121756972,122.37231375517976,2560.7234019072303,8.03887338846093e-14,505.0704115289877,8.03887338846093e-14,det1,computed_linefit,33.77119112443597,296.62317116129304,0.2352469325447559,175.00814990960365,175.00814990960365,144.3237472350263,37.8807751626114,30.938311043726383,0.0516365873935657,95,"(0, 100]",2000
131.59280108080634,177.12091277197229,2551.7681889663613,1.6633378991627446e-13,435.67466512182926,1.6633378991627446e-13,det1,computed_linefit,80.24665534276939,343.4463577799136,0.0392707110624944,145.95894988051592,145.95894988051592,,,,,290,"(0, 100]",2000
133.6094123697366,141.89176435574,5168.029107333743,2.1268859807002749e-13,504.9082732196349,2.1268859807002749e-13,det1,computed_linefit,47.93228758479111,310.1181875682138,0.1388218799116381,171.23803016319968,171.23803016319968,34.755230719560274,19.316579073073594,139.65976582585262,0.0686780023620863,22,"(0, 100]",2000
133.53014527281496,126.87525350635116,3749.7273836302647,3.314512409159136e-13,505.5826229574107,3.314512409159136e-13,det1,computed_linefit,75.15480972953641,310.38963294749294,0.076195273423195,151.15812071927726,151.15812071927726,,,,,30,"(0, 100]",2000
139.30644954655588,170.93575723996528,3205.515636683394,1.2710574864626038e-13,466.583307461837,1.2710574864626038e-13,det1,computed_linefit,51.73636923971,345.5783991834843,0.1072461121315125,168.30712356806055,168.30712356806055,158.53789606323554,32.048543315813646,9.940918296042131,0.080944812169526,152,"(0, 100]",2000
165.08096072084592,-123.3154075334637,6046.5142705033695,2.1268859807002749e-13,491.2348384154705,2.1268859807002749e-13,det1,computed_linefit,13.731769173921476,57.58711100562167,0.1691727075379777,178.79194687932312,178.79194687932312,5.24839661327344,4.977490144220137,175.9458224432257,0.165855580825618,349,"(0, 100]",2000
139.2900632179467,25.40723052429463,4773.515881981909,3.8131724593878125e-13,398.8394025825785,3.8131724593878125e-13,det1,computed_linefit,44.52782735644291,207.38662562978303,0.1954361301655796,175.95407178758353,175.95407178758353,162.957513571157,65.48395954085983,13.10971358077932,0.1095067019012849,230,"(0, 100]",2000
148.63391184049618,60.77784509493363,2148.1590952641645,4.059432074281432e-13,440.24617274121977,4.059432074281432e-13,det1,computed_linefit,35.83563396838762,235.83842520050345,0.1451537531543234,174.76396335259847,174.76396335259847,171.03082471279754,49.692646906338894,3.912618217924621,0.1186537528642735,102,"(0, 100]",2000
140.2813659905297,-177.1342707217977,4797.749054042081,2.21980646867526e-13,444.4800112960724,2.21980646867526e-13,det1,computed_linefit,43.193270100160746,0.9525644389916756,0.2369989223105778,176.30204057980035,176.30204057980035,2.945718645963203,1.2943189392555148,173.57638123029096,0.2000201691065866,107,"(0, 100]",2000
148.1296529348614,-69.72521996728587,6989.344147776756,2.898457019905882e-13,496.0584582873662,2.898457019905882e-13,det1,computed_linefit,34.82253010506826,113.85843505249092,0.2293957152393586,176.45199490066486,176.45199490066486,119.33746984850816,24.99158961749547,57.274079194042585,0.0224962230100159,265,"(0, 100]",2000
164.11687520788857,64.51628515719733,3361.208174887507,2.411662016538279e-13,490.6705400547037,2.411662016538279e-13,det1,computed_linefit,21.75161834461514,247.44444698566755,0.1255059873247254,174.05776509981794,174.05776509981794,79.74745722255152,19.165529258839964,94.47172615654726,0.0281098701594497,228,"(0, 100]",2000
137.52501862764072,159.57225037819202,4109.171320742984,2.1268859807002749e-13,485.1941182944681,2.1268859807002749e-13,det1,computed_linefit,57.81674034831046,344.9714710934743,0.1243356457623599,164.1183880387829,164.1183880387829,110.07402010530632,51.95156589360968,54.42747653271731,0.0545781161379564,79,"(0, 100]",2000
130.73846093141225,113.31979495549965,6062.376384216529,3.362902011246897e-13,489.33880984380505,3.362902011246897e-13,det1,computed_linefit,66.02837135102487,291.07554201988944,0.119876753950675,163.12801415447973,163.12801415447973,100.50534954594434,56.0204122615332,62.6246639396966,0.0537286600531064,110,"(0, 100]",2000
132.13685579878987,14.8254686768855,7017.166848104064,3.639754730461873e-13,386.4852619210697,3.639754730461873e-13,det1,computed_linefit,49.93918915000863,194.00473709903463,0.2245904572543773,177.83381783317847,177.83381783317847,165.038925592968,58.01963514012886,12.9424813476038,0.0796472956710404,146,"(0, 100]",2000
145.38584906288952,-84.16271451677395,6694.169462580469,3.836930773104541e-13,475.413025705033,3.836930773104541e-13,det1,computed_linefit,36.119701723923065,97.33922541295344,0.2351993747583082,178.26158069243706,178.26158069243706,165.31011974035218,50.41950702416257,13.009587535845329,0.0685512112630146,193,"(0, 100]",2000
145.57813839999963,136.33327777322057,3694.787220208651,1.797546735911271e-13,507.38003389447385,1.797546735911271e-13,det1,computed_linefit,35.61391433537574,312.5743068444441,0.2547867684889831,177.53597781380276,177.53597781380276,89.8443669332947,21.938847553783955,88.55871961966415,0.0219760220327812,64,"(0, 100]",2000
134.99107215925602,-121.90611861269142,2754.323482303339,6.174775814543077e-13,369.4047367422814,6.174775814543077e-13,det1,computed_linefit,48.11598735533556,57.2931888026632,0.148270465976245,176.839060392142,176.839060392142,168.27631279939692,159.0875074334656,8.68898506071962,0.1019736602440618,122,"(0, 100]",2000
157.6763462041904,168.21015241791804,2085.041037171105,495.6911480445181,2.7847474288855413e-13,2.7847474288855413e-13,det2,computed_linefit,23.799005138240663,345.7811784206903,0.2800204217898321,178.24473329269622,178.24473329269622,74.0513293456761,34.13307787022358,104.3440330277395,0.0105217581446992,23,"(0, 100]",2000
131.77669402441722,4.272921621050085,3948.8010115564566,415.3960582782434,4.1382633578908325e-13,4.1382633578908325e-13,det2,computed_linefit,153.65386876867402,304.5205862271446,0.0446179409330006,40.20465941632052,40.20465941632052,,,,,27,"(0, 100]",2000
133.92062371723432,108.10764954577412,1824.8078737549863,482.1202714395276,3.26540580689313e-13,3.26540580689313e-13,det2,computed_linefit,109.03479113429336,276.95556913205485,0.0542652133816069,116.22045476271089,116.22045476271089,,,,,22,"(0, 100]",2000
130.85302903477418,3.634988558110837,1873.3416388003757,414.3919060737585,3.06111178766429e-13,3.06111178766429e-13,det2,computed_linefit,140.87658057783256,295.30763225131693,0.0699645097117083,46.865027727830224,46.865027727830224,,,,,13,"(0, 100]",2000
152.26487043811156,-119.6438633608973,2494.640047731909,454.1212657069228,2.842170943040401e-13,2.842170943040401e-13,det2,computed_linefit,26.68377451924869,60.33987335451455,0.2283228391462605,178.948618668096,178.948618668096,4.252850262154192,13.048225712388138,176.7967236179107,0.0502766812247172,40,"(0, 100]",2000
150.38180823192022,-99.99394428001804,4238.06929881432,465.3056146088428,3.8131724593878125e-13,3.8131724593878125e-13,det2,computed_linefit,29.08986270337577,84.7726022294641,0.2430218590073482,177.6050149807761,177.6050149807761,162.41790105086184,38.55168155262817,15.523337652101652,0.0428328715799437,48,"(0, 100]",2000
151.05453551719322,178.63471505598187,1804.8171823593243,477.0558905887639,1.2710574864626038e-13,1.2710574864626038e-13,det2,computed_linefit,29.655899416056627,355.88891143551933,0.2780934895471044,178.48014900446665,178.48014900446665,15.999891371467363,26.1115142632444,162.6577880816773,0.0407652880734566,38,"(0, 100]",2000
136.07789041228463,-41.75943187727853,1571.204372954813,506.8272366501495,3.8131724593878125e-13,3.8131724593878125e-13,det2,computed_linefit,43.469043879246776,128.40242765614775,0.3351078175531881,173.19290254840848,173.19290254840848,171.40230821459934,79.20493546620935,5.223051339287252,0.1368437113164916,14,"(0, 100]",2000
164.84149380262073,-49.853730878464525,4133.489897359998,507.4616616847788,3.6838745804788353e-13,3.6838745804788353e-13,det2,computed_linefit,15.668755932560508,129.72722628062814,0.2758585557805716,179.47773960005827,179.47773960005827,4.04571598322512,11.387784199565292,175.47613872609722,0.0528766454893465,51,"(0, 100]",2000
132.0218357179668,-77.82963074558535,2903.442110249995,467.2717255968335,4.582862941503293e-13,4.582862941503293e-13,det2,computed_linefit,48.209808326445184,99.65653283987966,0.1973583459104624,178.11488364798248,178.11488364798248,139.33479460309815,11.692678328044726,39.938977216694646,0.0151611922637367,80,"(0, 100]",2000
147.8827508779879,-2.337332548692709,5569.91115992964,471.9705518836686,2.842170943040401e-13,2.842170943040401e-13,det2,computed_linefit,93.73825310112744,183.752684325261,0.0414022452491335,118.18419729911903,118.18419729911903,,,,,13,"(0, 100]",2000
153.13366396758917,-111.8313530445226,1977.9582210849428,462.42258969603176,2.542114972925208e-13,2.542114972925208e-13,det2,computed_linefit,26.78728178282739,68.94378918611226,0.286457584622749,179.64136311303264,179.64136311303264,178.93029877147757,35.90641260034903,1.0824271372585712,0.1661483841140232,44,"(0, 100]",2000
146.82783354495365,83.0476999306841,2800.1340825238767,459.7410182660485,1.607774677692186e-13,1.607774677692186e-13,det2,computed_linefit,161.56657412310466,193.56158984035835,0.1079996917085266,42.823246294847806,42.823246294847806,37.474945051434936,38.703275645445785,5.450446084383917,0.1825355325167195,15,"(0, 100]",2000
130.74479253882564,16.680772973576552,1642.017597698706,375.0285447667276,1.797546735911271e-13,1.797546735911271e-13,det2,computed_linefit,64.47684203419038,309.0041198981935,0.1126434424011822,91.23431248579166,91.23431248579166,68.32555962428508,60.754073168597664,32.93918937651926,0.0996331802043946,6,"(0, 100]",2000
159.71985123948937,-50.54673069115801,4267.582771663063,507.3533077381197,1.607774677692186e-13,1.607774677692186e-13,det2,computed_linefit,21.113274389985676,134.3245147998309,0.2421214329911219,178.0881167539939,178.0881167539939,164.91174187784225,23.87755089268283,13.38807556040927,0.0440323268611663,82,"(0, 100]",2000
145.31767483598355,-16.99286390470539,3067.8895518049667,487.6854593545521,4.1382633578908325e-13,4.1382633578908325e-13,det2,computed_linefit,111.88805197709416,215.72661776731272,0.0722333098816798,90.76018144839996,90.76018144839996,,,,,31,"(0, 100]",2000
150.87942025749615,111.48364889007308,3381.915675812001,498.7979267061384,2.6048926968973323e-13,2.6048926968973323e-13,det2,computed_linefit,104.69961605214904,244.8100763701921,0.0845670674379266,95.81463249880646,95.81463249880646,,,,,12,"(0, 100]",2000
139.8579972710712,100.86152889103762,2006.1123226711215,475.3141259449269,1.607774677692186e-13,1.607774677692186e-13,det2,computed_linefit,109.74428226671913,279.5955673251756,0.0409569510606566,110.388666999164,110.388666999164,,,,,14,"(0, 100]",2000
145.37614588233498,110.27316060182308,2950.225334818634,494.3035469665794,4.099037227506402e-13,4.099037227506402e-13,det2,computed_linefit,81.1386968387066,277.0567173739718,0.0419160763570984,132.32203412670688,132.32203412670688,,,,,33,"(0, 100]",2000
154.0505127480894,129.5815972927108,7379.725121395484,507.2749137320786,3.410605131648481e-13,3.410605131648481e-13,det2,computed_linefit,74.51335757664485,254.71127250783303,0.0311837260757259,118.864954573983,118.864954573983,,,,,70,"(0, 100]",2000
153.43850835291406,8.925593075920888,3066.118581745188,472.2648506008391,3.314512409159136e-13,3.314512409159136e-13,det2,computed_linefit,104.13329089085072,216.5339300807811,0.050046905088601,99.5461554692691,99.5461554692691,,,,,10,"(0, 100]",2000
163.20377819649443,-159.4681939440456,3765.539434462313,489.28392287857,3.639754730461873e-13,3.639754730461873e-13,det2,computed_linefit,17.923724322456877,15.472069627324013,0.2587272286899989,178.11671581988156,178.11671581988156,83.03915987012081,10.316405075283477,95.81384432313612,0.0128461796182162,33,"(0, 100]",2000
144.61552336243824,-89.16611030848358,3469.8325336584307,466.1927558158214,4.099037227506402e-13,4.099037227506402e-13,det2,computed_linefit,34.444112608267154,88.36703388249963,0.2576133126942226,178.3037582853046,178.3037582853046,1.4548117692791993,2.616539087033766,177.86112553745969,0.1819229301274841,63,"(0, 100]",2000
154.8750333130737,-155.30506014788477,5625.339026587406,464.838186881466,4.687428401686771e-13,4.687428401686771e-13,det2,computed_linefit,25.139596880363804,24.665263603611493,0.278094562262142,179.9806894332648,179.9806894332648,176.6519748307607,24.09014607566816,3.339545710424027,0.0767691696365848,60,"(0, 100]",2000
141.64073083254848,-174.88114784814965,2039.4862159807656,443.9944263388266,2.411662016538279e-13,2.411662016538279e-13,det2,computed_linefit,41.09784807116337,5.6490845478438745,0.2306959897228814,177.24055270228232,177.24055270228232,48.47916261278293,30.12890810926997,128.87161726577935,0.0210665295713964,60,"(0, 100]",2000
154.28576776137135,119.53206628064387,3679.284512545381,504.6298821441791,3.215549355384372e-13,3.215549355384372e-13,det2,computed_linefit,29.22782115326372,296.9704300982141,0.163964261798345,176.29376159314353,176.29376159314353,16.898030018349065,21.397859994248705,159.56578174398146,0.0939622926436156,29,"(0, 100]",2000
153.94445057650586,163.3790401800233,7346.436865810817,495.45496392793694,2.7847474288855413e-13,2.7847474288855413e-13,det2,computed_linefit,28.06115888769193,346.07384755431406,0.2011324774859613,177.6498789315543,177.6498789315543,153.42110683915035,21.03983506301536,24.64233580061069,0.031318168043051,63,"(0, 100]",2000
166.73973565558364,-70.87043450783821,1700.6990361169453,505.178271673584,2.898457019905882e-13,2.898457019905882e-13,det2,computed_linefit,14.12535725229991,110.87694577017275,0.2955551417449308,179.04119959918543,179.04119959918543,89.71161880514968,24.209610437856625,89.42656534278039,0.0172601059364378,17,"(0, 100]",2000
137.32057566400485,71.61739690416901,2077.28885325845,406.22139548572017,1.2710574864626038e-13,1.2710574864626038e-13,det2,computed_linefit,86.65001926714127,225.27241522378685,0.04403834819003,130.49706764843097,130.49706764843097,,,,,11,"(0, 100]",2000
160.85851841695754,-139.13340307103596,3849.9537382863296,479.4855806719421,2.3437142008433856e-13,2.3437142008433856e-13,det2,computed_linefit,17.97956444922817,37.45986690273576,0.271363552010321,178.4111277673781,178.4111277673781,178.41644490315656,19.41194287242523,1.3444577661622688,0.1380319152288437,45,"(0, 100]",2000
130.1549241796403,-83.94339771562485,2641.7512618424657,448.3687248810333,4.582862941503293e-13,4.582862941503293e-13,det2,computed_linefit,51.03029521717438,94.53996914738428,0.285214948485366,178.3351747743761,178.3351747743761,6.943961910571013,4.99773192034026,171.74674648368392,0.1073135930149367,35,"(0, 100]",2000
132.899495061271,172.43069141829068,2749.4886683877885,451.3930798149863,1.7053025658242404e-13,1.7053025658242404e-13,det2,computed_linefit,52.76190157787215,353.49761521246,0.259369749947276,174.28017830631103,174.28017830631103,25.8534168458141,35.64708860027697,148.98343280821382,0.0631650643263647,16,"(0, 100]",2000
141.7579628026737,125.35903817278049,2764.6644704987416,505.43116339249246,2.542114972925208e-13,2.542114972925208e-13,det2,computed_linefit,78.60427983234622,302.7798145532954,0.1239584595022861,139.58340434275388,139.58340434275388,11.97595457016162,6.742302779330209,127.82529338833636,0.2259061668475983,9,"(0, 100]",2000
163.70213604286846,-82.2548901834837,1857.776276662982,500.5178270786552,3.314512409159136e-13,3.314512409159136e-13,det2,computed_linefit,15.128010716411422,99.43311527656228,0.2981667476889779,178.74411826891992,178.74411826891992,179.18511250230716,41.9429757945334,1.332708270166974,0.100358446636677,32,"(0, 100]",2000
152.4226621735228,130.06249704377254,3401.965373272151,507.3063255576031,2.542114972925208e-13,2.542114972925208e-13,det2,computed_linefit,35.26747412177588,301.2054170640895,0.1348157620887944,171.0479097496711,171.0479097496711,8.645901535231134,9.507312866673368,162.5191712660716,0.1320285967938884,38,"(0, 100]",2000
151.41548387462953,35.22562497458045,1868.7825509907389,447.25685702988926,3.639754730461873e-13,3.639754730461873e-13,det2,computed_linefit,138.17050980875254,195.282452501843,0.0399074111491132,69.24598317743498,69.24598317743498,,,,,17,"(0, 100]",2000
168.02570089404722,-154.1283453405737,7321.90554628726,497.514284762662,2.273736754432321e-13,2.273736754432321e-13,det2,computed_linefit,12.978839826756428,12.161263982225352,0.2325641934746532,176.88090593934453,176.88090593934453,8.521854748881868,13.194229978184362,169.39693412495745,0.0419339477528033,51,"(0, 100]",2000
136.53534410977525,145.6593962143874,2884.834165917881,502.4555969329172,3.26540580689313e-13,3.26540580689313e-13,det2,computed_linefit,76.25934078958501,291.887736460694,0.1211071958711196,136.70738554236,136.70738554236,37.2274356274285,35.774416902744626,100.09926879001524,0.1456629136948048,34,"(0, 100]",2000
161.38145775833243,14.409070061781048,3824.949986466224,487.58047485270487,3.410605131648481e-13,3.410605131648481e-13,det2,computed_linefit,117.03813270634365,157.9851629053546,0.075696495206563,78.3475619468184,78.3475619468184,,,,,14,"(0, 100]",2000
135.01140899249685,36.28784638688441,2086.641726309513,362.18816524528125,4.1382633578908325e-13,4.1382633578908325e-13,det2,computed_linefit,151.20198814245003,221.363684854112,0.0457338287255783,73.70689733371381,73.70689733371381,,,,,20,"(0, 100]",2000
141.28678001870227,107.597349186211,3208.912873879604,487.7851115115598,3.26540580689313e-13,3.26540580689313e-13,det2,computed_linefit,65.01833224003126,309.7557108410969,0.1011795537785257,148.71311361863377,148.71311361863377,58.65732865854911,30.51236038788091,94.58499908208532,0.0756646784560482,18,"(0, 100]",2000
132.6041558509645,174.80758351726044,5992.50242997993,444.4611291503043,3.06111178766429e-13,3.06111178766429e-13,det2,computed_linefit,55.06729252491601,350.1895308121827,0.0441174648350224,171.52911416705052,171.52911416705052,,,,,96,"(0, 100]",2000
153.54418085353404,64.42753548793473,8148.521170454624,461.3746225491234,3.410605131648481e-13,3.410605131648481e-13,det2,computed_linefit,87.7719021589926,190.46598977303788,0.0332037642639577,107.2602823943392,107.2602823943392,,,,,18,"(0, 100]",2000
138.34153172642792,162.92329944585117,3423.410989936656,480.2702969726441,3.314512409159136e-13,3.314512409159136e-13,det2,computed_linefit,39.6582496117286,351.5277967900775,0.2128584026284612,174.05184214421115,174.05184214421115,1.787562962146859,5.481540156851644,175.83940504576452,0.124609992637431,25,"(0, 100]",2000
134.81354574464578,75.40239138938487,2766.267847547425,404.4234506433083,3.410605131648481e-13,3.410605131648481e-13,det2,computed_linefit,180.0,180.0,0.1481702250296406,45.18645425535423,45.18645425535423,45.18645425535423,45.18645425535423,0.0,0.2144301103472211,4,"(0, 100]",2000
136.65010113241846,-111.82242636283722,2528.004085091829,395.8829792747565,5.240704272917405e-13,5.240704272917405e-13,det2,computed_linefit,43.5750004137593,69.78692723513868,0.2856232999682843,178.87032734803225,178.87032734803225,3.4587802923220585,6.051091594224095,176.024123889329,0.1236741241889167,36,"(0, 100]",2000
151.2258287075909,165.41253783826704,6145.731913642344,491.1097592884711,3.410605131648481e-13,3.410605131648481e-13,det2,computed_linefit,28.88860358590728,348.44532001283227,0.3071172042478276,178.53315366855628,178.53315366855628,21.066218215720397,32.05024329967384,159.14589581348156,0.031679275663337,29,"(0, 100]",2000
135.39386950753078,92.29760323371036,4306.532410165825,449.2100850317872,3.410605131648481e-13,3.410605131648481e-13,det2,computed_linefit,123.8457348883833,254.47600714292807,0.0552834487353456,99.13234659614274,99.13234659614274,,,,,24,"(0, 100]",2000
168.37607779280134,82.53201796775956,3829.4047563484114,501.253801145811,2.898457019905882e-13,2.898457019905882e-13,det2,computed_linefit,38.71006674917337,206.54572940472391,0.0606022012018092,146.59540088093337,146.59540088093337,,,,,35,"(0, 100]",2000
156.46976355953268,120.28783214943267,1953.026181100037,505.3281691620679,3.215549355384372e-13,3.215549355384372e-13,det2,computed_linefit,38.48665197688623,308.9667093183293,0.1152838126204535,164.42450820015446,164.42450820015446,19.022871190327784,21.088270024212832,146.49423600240416,0.084911326154732,29,"(0, 100]",2000
158.39955021339483,135.67387576690862,3684.6651357536025,2.4777471841961613e-13,507.49990185234986,2.4777471841961613e-13,det1,computed_linefit,23.0929914911242,314.3490152938821,0.2527985672421096,178.4248359773833,178.4248359773833,6.413225940672713,9.166792731314342,172.01534733115804,0.0989950194409168,149,"(0, 100]",2001
134.46359711551946,131.6704172403781,4091.8467032800354,4.177121143328313e-13,507.3552835664922,4.177121143328313e-13,det1,computed_linefit,49.3558549359527,310.3930849748865,0.1698972414755092,176.06650267662206,176.06650267662206,158.39326961446838,60.467423291720365,17.673288553716947,0.0720866960259138,124,"(0, 100]",2001
164.8320802100706,7.979214635617593,1718.7836465970572,1.932885213127441e-13,496.04027891385766,1.932885213127441e-13,det1,computed_linefit,17.09367580524291,185.4895333859889,0.3025549667123606,177.95420672941765,177.95420672941765,65.10808492762283,18.384591938231743,113.21080271318635,0.011257514068095,103,"(0, 100]",2001
130.08541250407362,-110.43630515636607,2306.9416764844277,5.62721137192265e-13,367.5761771273232,5.62721137192265e-13,det1,computed_linefit,54.46327802623219,69.75097632620572,0.1381782183807249,175.44890725379784,175.44890725379784,155.59865170819015,144.57293893837254,19.853898872282077,0.046111929064904,92,"(0, 100]",2001
140.0082411739674,127.06034318806586,1800.5615113580336,1.392373714442771e-13,506.084954118328,1.392373714442771e-13,det1,computed_linefit,44.85776294391748,307.20069459868625,0.1988182698254049,175.1330773181331,175.1330773181331,62.8219387430994,30.84990407405773,112.38602738129433,0.0492871614311349,57,"(0, 100]",2001
146.77374180431886,-2.9341832666459595,2084.6884853309957,1.392373714442771e-13,470.52002605537234,1.392373714442771e-13,det1,computed_linefit,39.08974838851762,183.31200700084295,0.1871576742274993,173.08082369380898,173.08082369380898,160.7267893346313,46.585504192998194,12.816062161168306,0.1058897326989078,178,"(0, 100]",2001
139.2721598293896,-96.16903560946812,4800.669045271419,4.366225850770097e-13,439.47342213478856,4.366225850770097e-13,det1,computed_linefit,60.73576283829979,89.72496015428487,0.090849053448024,159.4941315483371,159.4941315483371,,,,,350,"(0, 100]",2001
168.79304853876724,-143.79827851947624,3332.600940251262,2.0885605716641565e-13,497.9916847109361,2.0885605716641565e-13,det1,computed_linefit,8.080445987335313,0.5509443986166119,0.08238478813411,173.40937112630297,173.40937112630297,,,,,438,"(0, 100]",2001
139.09018949572453,117.26782568769607,2994.665812804547,8.03887338846093e-14,498.6310267838778,8.03887338846093e-14,det1,computed_linefit,48.33201260353609,294.1590667549996,0.2028150878980051,172.26504668184154,172.26504668184154,79.6937949383156,42.50715497574337,92.60738993069482,0.0406058873831963,86,"(0, 100]",2001
143.78327883216895,101.14014954122312,3952.7426404835824,1.9895196601282805e-13,481.0385916841141,1.9895196601282805e-13,det1,computed_linefit,42.21814657334232,278.8143260863659,0.1592154228394701,173.8219326419266,173.8219326419266,163.5041528580555,52.664530495882985,10.335540063365434,0.0979050442656355,146,"(0, 100]",2001
156.31615261196671,-169.52788720591465,2818.6326488539994,2.1268859807002749e-13,478.0596203413716,2.1268859807002749e-13,det1,computed_linefit,26.28064801351542,9.336492627999997,0.1821301960821722,177.35939132832075,177.35939132832075,80.0196952639201,12.37273099671199,97.37151321601498,0.0171846104272523,292,"(0, 100]",2001
130.97382163722315,153.24395884141632,2692.601131124187,2.1268859807002749e-13,491.2823349021263,2.1268859807002749e-13,det1,computed_linefit,58.66421842640887,329.30287715909714,0.0892446533489109,169.85336691662565,169.85336691662565,,,,,105,"(0, 100]",2001
169.7308850646769,-140.02870090780291,3300.106512160022,2.0885605716641565e-13,499.407198042662,2.0885605716641565e-13,det1,computed_linefit,7.795915263268427,49.71474399736193,0.2372541043631343,177.1003940996094,177.1003940996094,174.3955920324739,7.924813957465146,3.1727449635720077,0.0569628569769833,207,"(0, 100]",2001
138.65355093545264,-8.898075038371246,1862.9878385840464,2.3437142008433856e-13,465.24860748125616,2.3437142008433856e-13,det1,computed_linefit,44.51867329111775,173.84432543938095,0.2207916710300006,176.31925179513934,176.31925179513934,12.533821770673644,23.489241895774608,164.15725153603998,0.0741158061938039,56,"(0, 100]",2001
134.9448210747926,55.4140894897007,1888.7350528402403,2.1268859807002749e-13,365.84755973249264,2.1268859807002749e-13,det1,computed_linefit,95.59213338965752,244.1006914279305,0.0421227476852986,128.8659302765338,128.8659302765338,,,,,223,"(0, 100]",2001
138.03449103311897,-52.22371317742327,4943.954442573501,6.868416433914362e-13,506.2567772259197,6.868416433914362e-13,det1,computed_linefit,44.90089328636789,127.68404037959225,0.2163594910255154,177.06393130183915,177.06393130183915,19.74141460200763,14.34961698431519,157.5103912367781,0.0555917753656828,116,"(0, 100]",2001
138.62846685923094,-19.036229978295847,2790.4218420900747,3.8131724593878125e-13,484.0031274798668,3.8131724593878125e-13,det1,computed_linefit,46.08997243157417,163.64606606636647,0.2225980120713994,174.93116853205078,174.93116853205078,152.92067712548135,41.65518611695032,22.136124447416893,0.0576774668527209,193,"(0, 100]",2001
147.66307983890434,31.40082807219785,2080.894417496954,2.3437142008433856e-13,432.90707276285417,2.3437142008433856e-13,det1,computed_linefit,35.10109914948779,212.26958196475903,0.239621862841192,177.19412918499202,177.19412918499202,8.94784045308146,15.460479325510308,168.30192753257927,0.0927835144470765,75,"(0, 100]",2001
140.11228811016073,-58.88541520907452,2102.8483111577057,4.922784477141924e-13,502.42164089669535,4.922784477141924e-13,det1,computed_linefit,42.16500074586354,126.7627568314458,0.1870462247206763,175.65071897557954,175.65071897557954,29.488087382180236,18.728022223696748,146.82123050786694,0.0451697255909092,119,"(0, 100]",2001
139.00144180546854,-112.03565802733684,1514.7670005118878,4.177121143328313e-13,406.3822425123498,4.177121143328313e-13,det1,computed_linefit,41.7189163360293,68.13551000648911,0.262967257073732,179.27081737230816,179.27081737230816,149.9219839315321,27.67623337933944,29.3696278569827,0.0224256502977408,86,"(0, 100]",2001
137.91905871387695,-98.4703942676727,2714.559529977452,3.8553082408300657e-13,430.1769576792063,3.8553082408300657e-13,det1,computed_linefit,113.4672655663882,85.9272200612931,0.0206305348425934,108.5042904927582,108.5042904927582,,,,,346,"(0, 100]",2001
161.56855929160554,80.78118137446349,1622.357820532179,1.1718571004216928e-13,491.1152917680754,1.1718571004216928e-13,det1,computed_linefit,25.948585171281103,245.27800865011255,0.1298954751433809,170.53010337974794,170.53010337974794,10.304071533076367,11.464614784177622,161.31663774167163,0.177904744866839,56,"(0, 100]",2001
137.91970969442528,-94.70110612400232,3056.0956469160883,5.038344255932498e-13,438.77993919855777,5.038344255932498e-13,det1,computed_linefit,48.72600095368746,87.15021446146056,0.1670711243178689,173.2253733161041,173.2253733161041,163.17777273503398,59.99043038326695,10.05420227706714,0.1002818450425147,100,"(0, 100]",2001
150.23921702358723,94.17432155237218,3067.654642538192,1.932885213127441e-13,481.444307084889,1.932885213127441e-13,det1,computed_linefit,34.22189023076261,270.17182254343413,0.1958546075251906,175.06270413549947,175.06270413549947,162.47097156374068,54.29642862971548,12.765592529812904,0.0823044025424287,152,"(0, 100]",2001
130.67807772273167,121.30067490844844,3464.674635529403,2.898457019905882e-13,500.62865432638256,2.898457019905882e-13,det1,computed_linefit,73.13491648958784,289.95051217979807,0.1525713040314108,154.24681929157248,154.24681929157248,4.423166438280053,3.4507503243685904,149.82816533117432,0.23749807677291,13,"(0, 100]",2001
133.63226972366195,-6.569751090056586,4489.585916247425,2.9673135796061134e-13,450.40529427342005,2.9673135796061134e-13,det1,computed_linefit,48.317207871299686,175.61728830842893,0.2558462464187953,177.4728792656378,177.4728792656378,173.59736778915027,75.71342501826095,4.065608309693384,0.1606642915724592,114,"(0, 100]",2001
162.81235512739718,-102.3482448947802,2777.632324518959,3.168096442551581e-13,491.94950744003495,3.168096442551581e-13,det1,computed_linefit,17.64120011468478,75.97266223529468,0.1903118958545349,179.32310909632454,179.32310909632454,172.65220637091255,16.496829950715075,7.03461655295135,0.057361438406225,159,"(0, 100]",2001
141.0443889958481,-28.003807088898,3362.1818551455567,2.898457019905882e-13,497.7386627962068,2.898457019905882e-13,det1,computed_linefit,40.6766027785487,148.0134084219623,0.2006616941643374,176.92403007434993,176.92403007434993,140.36116026514335,32.38656719701222,37.57175492494181,0.0337708092697097,60,"(0, 100]",2001
133.58612280665008,98.07175587821102,3664.274012277858,3.606310639398066e-13,459.8618671667228,3.606310639398066e-13,det1,computed_linefit,92.49463967536566,271.7651785202174,0.0563759947008529,133.57191031447147,133.57191031447147,,,,,269,"(0, 100]",2001
146.66019463461842,7.604915089196154,2348.238168862412,2.49399488080602e-13,455.0330669839939,2.49399488080602e-13,det1,computed_linefit,35.98974663691583,186.73830871869183,0.19543224302413,177.3046662389236,177.3046662389236,165.38656472201043,43.8295099611757,11.996652942871256,0.1037346941459837,144,"(0, 100]",2001
134.81352530048582,116.82089718392275,2895.125325943234,8.03887338846093e-14,496.5023525050032,8.03887338846093e-14,det1,computed_linefit,87.79444049393074,288.61637202912846,0.0493270458555762,136.7815012121756,136.7815012121756,,,,,169,"(0, 100]",2001
130.1520005717358,115.41274468388808,2542.896456824117,2.953670686285155e-13,492.5283094885719,2.953670686285155e-13,det1,computed_linefit,63.5615297175388,289.81354218298844,0.1142414798271748,165.5183412383237,165.5183412383237,150.16425016858335,122.93064404928616,15.385348835033836,0.0835944111149778,144,"(0, 100]",2001
154.02191179256042,-179.04207066862458,2058.408226356406,4.43961293735052e-13,480.6232870820888,4.43961293735052e-13,det1,computed_linefit,26.60030752888598,0.790191053839643,0.2849140881508421,179.3733618201363,179.3733618201363,176.9417688341724,25.55063078003603,2.443900568380762,0.1361459339148575,116,"(0, 100]",2001
154.46260730029869,128.14434808716118,1732.9543471233549,2.411662016538279e-13,507.0799923933044,2.411662016538279e-13,det1,computed_linefit,26.92837884233936,307.77607655237085,0.2284087500335577,178.59952739511223,178.59952739511223,160.77387267589734,24.25222527468776,17.873624531616237,0.0519524278176016,91,"(0, 100]",2001
160.27920096668416,55.04815509051223,6202.6222460368,3.8131724593878125e-13,478.9960625663807,3.8131724593878125e-13,det1,computed_linefit,50.486142077989534,223.60482095886988,0.0546664894754809,148.65985484498296,148.65985484498296,,,,,235,"(0, 100]",2001
152.73045010911338,68.43650721633527,3060.5943673953416,2.1268859807002749e-13,461.4787238304111,2.1268859807002749e-13,det1,computed_linefit,28.597329571280596,248.04306604408129,0.2895590661289497,178.65949649577402,178.65949649577402,173.8998564084076,33.70016198416569,4.760427220695961,0.1043871588586007,155,"(0, 100]",2001
146.0836906614582,4.525665482877431,6075.705224905109,4.061918709782177e-13,457.8968457994326,4.061918709782177e-13,det1,computed_linefit,36.387063898195294,184.44342126643963,0.2413293767975968,177.52879223619095,177.52879223619095,158.09867863385318,16.77344850305798,19.43035986880648,0.0438530250078432,200,"(0, 100]",2001
150.82331447263664,110.01971153000132,5030.545357583394,2.428351918216984e-13,497.63633187439007,2.428351918216984e-13,det1,computed_linefit,64.12323318915364,280.7455930019876,0.0471978627759843,144.48400317049652,144.48400317049652,,,,,313,"(0, 100]",2001
166.1607229835366,171.03156544858686,3553.9448386259387,1.932885213127441e-13,502.17497452147234,1.932885213127441e-13,det1,computed_linefit,14.432473389219556,346.98905765682895,0.1696305342709255,178.84857303015522,178.84857303015522,12.522405995886343,6.01139935213945,166.559801588687,0.063788333755253,227,"(0, 100]",2001
137.48828404772834,-76.70263819533275,3370.780284248359,4.755861633237119e-13,476.6097394934182,4.755861633237119e-13,det1,computed_linefit,46.30787578010604,103.80443975712568,0.2292415431003019,176.18731663558614,176.18731663558614,15.33099112057147,18.368419605212363,160.8570952919796,0.0797936919035336,144,"(0, 100]",2001
153.71928443007732,154.49576422194184,2304.625299361444,2.411662016538279e-13,501.28101616582506,2.411662016538279e-13,det1,computed_linefit,26.916857859322207,330.9929662917217,0.2574008517173216,178.3078304961187,178.3078304961187,6.719433944291248,13.47000038264947,172.313490105393,0.0982741287612092,62,"(0, 100]",2001
151.77832077636174,-36.07981855196624,5026.415347620275,3.4576501834057014e-13,505.81261354377415,3.4576501834057014e-13,det1,computed_linefit,31.20602222436167,146.08703077756854,0.2033795631520984,176.82870745397483,176.82870745397483,70.01717151139033,17.844032108351147,106.81362423772958,0.0323722015554195,246,"(0, 100]",2001
147.14247695064068,-75.6944477674341,6441.133856754545,3.1263880373444413e-13,488.9950117354157,3.1263880373444413e-13,det1,computed_linefit,34.32663796874781,107.2805562252867,0.226372003510044,177.79409134824607,177.79409134824607,173.73071110299182,43.54888402936652,4.332910104877826,0.1580716904691587,172,"(0, 100]",2001
150.77088323168778,-142.1491857957278,6327.678424897415,2.3437142008433856e-13,443.568026274038,2.3437142008433856e-13,det1,computed_linefit,29.754431419558063,40.42962804058893,0.1847342474296948,178.62618038679366,178.62618038679366,169.66184942643093,15.91809348237358,9.40245862022201,0.0724722572314694,189,"(0, 100]",2001
168.63644023761262,113.61815471735136,1643.6127030047537,2.411662016538279e-13,506.37240961048616,2.411662016538279e-13,det1,computed_linefit,14.88275779919483,282.4833817553022,0.2525411157055705,175.68209269812652,175.68209269812652,7.669419829486025,5.163569815632142,168.09574466527783,0.1178774565011034,147,"(0, 100]",2001
150.67775928435566,-23.323047508602556,6811.511112622568,1.2710574864626038e-13,498.3241446707279,1.2710574864626038e-13,det1,computed_linefit,31.60748070184132,158.57052105136768,0.2595207412870925,177.52153497387877,177.52153497387877,166.8820115761418,36.211496292763705,10.699706100083793,0.0963206656425778,169,"(0, 100]",2001
156.80552581352217,7.818103218266911,6005.028179444658,1.6140428288623168e-13,481.1660719312572,1.6140428288623168e-13,det1,computed_linefit,29.406894615371968,186.0889446485688,0.172676648782673,173.74112735742366,173.74112735742366,162.83857616930013,58.145724073316,10.958815013412062,0.0902596750511458,133,"(0, 100]",2001
134.93331391464858,-145.21029669326938,2242.6113750383006,9.4092600632205e-13,362.7522120298255,9.4092600632205e-13,det1,computed_linefit,46.99845726587708,33.66698637407412,0.1995872851306475,177.90609136715915,177.90609136715915,149.39249156967412,39.79660918100768,28.576490678095336,0.0397774961344821,80,"(0, 100]",2001
166.9667539045093,-40.44251282871861,8048.324340890251,1.885282921623116e-13,507.41392795120527,1.885282921623116e-13,det1,computed_linefit,15.352060844451534,149.81990764920752,0.2141954465793395,176.58666986368706,176.58666986368706,173.66748688008246,18.15168348937303,3.113920114282877,0.1378234974131092,195,"(0, 100]",2001
139.41542868023697,-152.5577088732263,2620.175497227068,3.8131724593878125e-13,396.4360804685234,3.8131724593878125e-13,det1,computed_linefit,43.57213255737377,21.370390162682195,0.1637003062712412,174.9545379326722,174.9545379326722,171.40656518700385,157.44474675151045,4.213652914599074,0.12411112961957,113,"(0, 100]",2001
149.62820626641837,-115.44413502426032,2531.429685493827,447.09324451653936,4.099037227506402e-13,4.099037227506402e-13,det2,computed_linefit,32.88051703994788,68.30595768849231,0.314861118427936,176.81344592842692,176.81344592842692,21.91826044158301,26.1814185570658,155.85797400473194,0.0248903165463606,16,"(0, 100]",2001
155.0868500519304,-24.25304035640699,3823.075600110597,501.262203396318,2.3437142008433856e-13,2.3437142008433856e-13,det2,computed_linefit,161.00737280103957,129.46874666893544,0.0294197492870444,42.7224325604554,42.7224325604554,,,,,10,"(0, 100]",2001
131.74077300928397,-94.97136798115592,3630.498132140665,419.86055549408496,5.209785393794665e-13,5.209785393794665e-13,det2,computed_linefit,47.60348973578243,84.8721011304258,0.2808963715772449,179.33404716912327,179.33404716912327,0.6813662317127638,2.491061319949974,179.6794125112451,0.1597237060332545,33,"(0, 100]",2001
167.20089606049714,-134.20931157974744,3048.505777055366,494.8946297923254,1.797546735911271e-13,1.797546735911271e-13,det2,computed_linefit,9.433963975831526,32.527950141378135,0.2714514796072061,175.79433523091035,175.79433523091035,169.1240933280171,6.79091586927903,7.788286256784946,0.0428936876429791,41,"(0, 100]",2001
161.35761826041778,-6.817045917424629,5273.408939659967,497.0492786489637,1.7053025658242404e-13,1.7053025658242404e-13,det2,computed_linefit,20.997812902428205,193.36364864248668,0.073295866422497,172.80385406134278,172.80385406134278,,,,,30,"(0, 100]",2001
135.25056974839367,-162.7818770304623,2200.8412097355754,394.29812031260553,2.6048926968973323e-13,2.6048926968973323e-13,det2,computed_linefit,45.67233616452341,16.523535422596836,0.2363322297002357,178.9537043007801,178.9537043007801,171.01639806230386,34.59886331506855,7.968351617412242,0.0867762720321676,92,"(0, 100]",2001
131.0116866321934,123.80483939271556,4047.3612225693314,503.1455561136221,2.273736754432321e-13,2.273736754432321e-13,det2,computed_linefit,84.76985787470659,286.0485828321645,0.0728444829686899,140.84637129547735,140.84637129547735,,,,,55,"(0, 100]",2001
130.6115470620792,-93.13995084685644,3141.343373395045,422.0850919973689,4.721768995590352e-13,4.721768995590352e-13,det2,computed_linefit,51.10768179207525,87.76259736544453,0.1824470166844343,178.1460511853,178.1460511853,72.26884268383345,33.11811836639502,105.88129766712184,0.0120689887107414,56,"(0, 100]",2001
164.35000300005132,-154.04911591030415,5719.570996287299,490.4749080323517,2.542114972925208e-13,2.542114972925208e-13,det2,computed_linefit,14.375763947666227,23.05747778455187,0.2388862046584915,178.52205702469496,178.52205702469496,12.154351047846696,25.1858634536807,167.5484345720932,0.0132762082543442,83,"(0, 100]",2001
153.65568849127396,69.5130039375351,2685.9488495020305,465.2543260645113,2.3437142008433856e-13,2.3437142008433856e-13,det2,computed_linefit,52.50499624790832,309.16124307943016,0.0766445481391969,136.334831469761,136.334831469761,,,,,4,"(0, 100]",2001
141.70735068056598,-1.1771559214347451,3152.6429356545327,456.3395234180388,8.03887338846093e-14,8.03887338846093e-14,det2,computed_linefit,131.1098667037046,298.6543349715864,0.0867875388841514,41.55624897395276,41.55624897395276,,,,,8,"(0, 100]",2001
165.7746031815095,7.024066695448896,3117.9008485498284,497.660875882498,1.607774677692186e-13,1.607774677692186e-13,det2,computed_linefit,99.28830013047072,290.9488142382961,0.1283423060332846,77.59539886217816,77.59539886217816,61.72118247982205,50.94334508415539,16.604773751538577,0.1347564711938387,13,"(0, 100]",2001
160.86561945205804,51.69740959112136,3557.933024870975,480.1036663806569,2.273736754432321e-13,2.273736754432321e-13,det2,computed_linefit,137.37208650871418,288.1285653044763,0.0922113273607348,55.08416150876547,55.08416150876547,,,,,12,"(0, 100]",2001
146.02728427872012,30.369405625618644,1733.2690197254726,426.1717370215148,1.2710574864626038e-13,1.2710574864626038e-13,det2,computed_linefit,175.59905813633557,129.38240214404271,0.2454653326341578,34.90107883892267,34.90107883892267,33.74295689551861,33.955462749925395,6.395495061404858,0.3045744022983605,12,"(0, 100]",2001
154.59235273549416,32.76530696251083,3841.0282522119846,460.4410319948079,2.6048926968973323e-13,2.6048926968973323e-13,det2,computed_linefit,131.65246861437635,245.6011214356523,0.0382764171360669,70.67276595349823,70.67276595349823,,,,,16,"(0, 100]",2001
159.47900418694522,105.03442612328486,2365.94510627471,500.2766138730759,3.6838745804788353e-13,3.6838745804788353e-13,det2,computed_linefit,20.036189410190293,309.16124307943016,0.1501319575350309,171.67880632864046,171.67880632864046,12.390392261937558,14.958003058568773,169.53718637896276,0.0453038302535688,12,"(0, 100]",2001
148.33025291084326,-119.76309018989434,1671.9089072955828,438.35238720073727,4.099037227506402e-13,4.099037227506402e-13,det2,computed_linefit,30.319630744711443,61.12177976170888,0.2532587123499269,178.57509366540526,178.57509366540526,1.483933091294202,0.5778401992452776,178.0986771008525,0.149084836053762,30,"(0, 100]",2001
141.80972987398673,125.88399922768826,5390.6568023157015,505.6876966564952,3.410605131648481e-13,3.410605131648481e-13,det2,computed_linefit,138.0091814092718,255.99201633519988,0.0613913556877887,71.47655381663338,71.47655381663338,,,,,28,"(0, 100]",2001
169.2585176281444,157.97974907952502,2988.052388534845,506.0454718579018,3.06111178766429e-13,3.06111178766429e-13,det2,computed_linefit,14.339977185157672,329.38919395061146,0.2563597263642379,175.95625119665667,175.95625119665667,10.715670800212589,14.1048461809152,165.3178688618697,0.0774187964474176,29,"(0, 100]",2001
142.03552565476116,-29.48513698477445,3842.537099352093,499.6011172168199,4.0194366942304643e-13,4.0194366942304643e-13,det2,computed_linefit,40.56931124745591,176.29126295536875,0.1767566431470152,163.5682021403002,163.5682021403002,45.08795692409826,52.37322160929713,120.43283155587156,0.1172141339693993,17,"(0, 100]",2001
167.31490583407566,-104.59724388890348,2832.755381827038,498.5340550618524,2.411662016538279e-13,2.411662016538279e-13,det2,computed_linefit,11.724495424138151,59.954454123282815,0.2453481592905667,176.60722978199072,176.60722978199072,1.5222466836286943,3.010086668989441,176.436572573988,0.1607765435929679,40,"(0, 100]",2001
142.208474649138,149.20078326080505,3979.0250576286353,500.7821156574586,3.8131724593878125e-13,3.8131724593878125e-13,det2,computed_linefit,126.37107609351068,189.08943583497123,0.0874415565582021,32.0895697607963,32.0895697607963,,,,,4,"(0, 100]",2001
135.9484283381889,-89.5045256784826,2942.8541564751667,445.9164493348407,3.979039320256561e-13,3.979039320256561e-13,det2,computed_linefit,44.98745233540217,93.17138079696691,0.2450263201651486,177.9034746980539,177.9034746980539,4.041957909249873,4.185359143251346,173.97810347735197,0.109658610066198,66,"(0, 100]",2001
165.45724360049772,174.5080017255037,1647.0487074474568,500.6633794139317,1.797546735911271e-13,1.797546735911271e-13,det2,computed_linefit,7.48252023746738,327.7951692591434,0.1940636856688259,171.46581071239208,171.46581071239208,1.821711767923457,1.6800647326909683,172.17433700986777,0.2682058117915457,39,"(0, 100]",2001
166.65482189708774,-44.2856455358272,3055.744124069122,507.52439741423626,8.03887338846093e-14,8.03887338846093e-14,det2,computed_linefit,0.0,180.0,0.2222562496970373,166.65482189708774,166.65482189708774,1.9845749424255728,1.970612963146908,167.9801047638091,0.2749922296072999,5,"(0, 100]",2001
146.65996360133445,-179.9609465844305,4435.705236202124,465.827902932884,2.3437142008433856e-13,2.3437142008433856e-13,det2,computed_linefit,33.45802184797229,358.8289188092901,0.2891561021978454,179.32350272456728,179.32350272456728,30.06364904592399,28.21168437137709,149.47132389118482,0.0095927791474161,58,"(0, 100]",2001
137.10326204159088,-115.60561526046052,4183.314293824236,390.9622916523553,5.332385353339566e-13,5.332385353339566e-13,det2,computed_linefit,44.01836832632274,64.54005921054126,0.3166111574440626,178.87390373323873,178.87390373323873,2.3211493974036035,2.965928152062039,176.55304882405372,0.1581812014416182,77,"(0, 100]",2001
151.01385571352412,-156.44422451759564,4931.27416383957,451.98472250054726,4.582862941503293e-13,4.582862941503293e-13,det2,computed_linefit,28.66294806839577,27.73446670092708,0.2355784826988277,177.9599396054934,177.9599396054934,1.7348521386382108,5.041797505037346,177.48988701027545,0.1738521499021689,70,"(0, 100]",2001
141.6805042468406,169.49267932476,1531.5865293538511,473.175166247637,4.721768995590352e-13,4.721768995590352e-13,det2,computed_linefit,137.30246118621176,189.04625900575616,0.0579781072871027,13.38584933402323,13.38584933402323,,,,,14,"(0, 100]",2001
135.29644531554936,62.80114410203873,3659.582304339558,379.054640310621,2.3437142008433856e-13,2.3437142008433856e-13,det2,computed_linefit,108.59964437006484,256.02420407662106,0.0929835041478742,114.9814128483276,114.9814128483276,,,,,7,"(0, 100]",2001
151.9984705789563,64.93830551638804,4238.896263065977,456.3452088684768,3.8131724593878125e-13,3.8131724593878125e-13,det2,computed_linefit,131.19667045099808,205.8564151027279,0.0769120959310013,72.1025251204333,72.1025251204333,,,,,12,"(0, 100]",2001
140.809788222669,-13.902309733037868,2981.519742657923,477.8664248660315,2.3437142008433856e-13,2.3437142008433856e-13,det2,computed_linefit,106.75974353056948,191.35121899185904,0.0786725798489742,108.88902213645636,108.88902213645636,,,,,19,"(0, 100]",2001
169.50634717205588,-179.61553401655587,3765.4736205907584,503.0552070634428,2.411662016538279e-13,2.411662016538279e-13,det2,computed_linefit,8.30744488934896,9.312812457119367,0.33881401288423,177.37825344044322,177.37825344044322,177.50660591883135,9.463615634236737,0.1670478780274823,0.2497347406681744,36,"(0, 100]",2001
168.30214061906182,-116.86987818259634,1755.6493960802868,498.11658583706895,3.06111178766429e-13,3.06111178766429e-13,det2,computed_linefit,12.017318441861775,65.69780022881972,0.2394478737253436,179.3832927048826,179.3832927048826,6.772428801279495,9.641908315084038,173.414189485518,0.0513163089333693,34,"(0, 100]",2001
159.21480769323014,130.29861313393192,2840.4674789520213,507.4193476857707,2.411662016538279e-13,2.411662016538279e-13,det2,computed_linefit,22.529104030035175,301.9726362534728,0.2140724016391345,176.4709934591047,176.4709934591047,138.88258913699306,20.3090948396307,37.79575093579734,0.0173647243683863,22,"(0, 100]",2001
143.3377197661368,71.07151571323269,5203.632740831549,430.1983119971323,2.542114972925208e-13,2.542114972925208e-13,det2,computed_linefit,117.06579137377118,206.6986562206972,0.0542427497757863,90.86336267380894,90.86336267380894,,,,,15,"(0, 100]",2001
134.34757805120995,134.11852202446863,2878.1917209848543,507.5337985129062,4.547473508864641e-13,4.547473508864641e-13,det2,computed_linefit,84.35318046107373,278.6013593459688,0.1216742320629154,130.39211196095332,130.39211196095332,80.70462940775458,66.49257378555441,50.11760418482443,0.0956952229365029,21,"(0, 100]",2001
164.11057165894346,25.49501559406923,4781.761016669947,490.1555953745119,2.049518613753201e-13,2.049518613753201e-13,det2,computed_linefit,133.00820875352832,220.4460657536804,0.0470626264626028,62.444068503001226,62.444068503001226,,,,,63,"(0, 100]",2001
149.80307109579928,-157.77988503517344,2069.516973364629,448.5431069698026,3.979039320256561e-13,3.979039320256561e-13,det2,computed_linefit,31.473488260657323,21.184383622649573,0.2451523489204575,178.6174922536765,178.6174922536765,0.3086473391441166,0.4293424089994051,178.75476142759572,0.2699750578576719,38,"(0, 100]",2001
151.29863001045402,-157.33262355992224,3166.1161564175663,453.7103778097425,1.607774677692186e-13,1.607774677692186e-13,det2,computed_linefit,30.56820494604185,21.562451178178428,0.2274041817259038,178.05493056349837,178.05493056349837,0.58403084150059,0.3243803496464483,177.4889486364426,0.2776513091765437,51,"(0, 100]",2001
167.6968307290952,-6.536998740309318,2011.6870311584569,502.8581849469985,2.542114972925208e-13,2.542114972925208e-13,det2,computed_linefit,27.51200453682546,191.95783060712284,0.059448890734414,163.71777428444486,163.71777428444486,,,,,29,"(0, 100]",2001
143.94366902369796,12.852529448989232,4181.950223662427,438.2960126546656,1.797546735911271e-13,1.797546735911271e-13,det2,computed_linefit,111.62889925135936,249.4821879080638,0.0863508525284719,90.17003496121612,90.17003496121612,,,,,13,"(0, 100]",2001
155.85213037704096,-27.32991346960781,4084.1972091023385,503.1208387568161,3.6838745804788353e-13,3.6838745804788353e-13,det2,computed_linefit,18.9514291185397,145.59141412188757,0.3002101023973683,174.19809848679893,174.19809848679893,11.13736609853258,10.096102181041983,173.16234264935954,0.2363689906903645,17,"(0, 100]",2001
131.652003357425,170.72312773157057,2710.9188639035474,453.5802858642569,3.314512409159136e-13,3.314512409159136e-13,det2,computed_linefit,47.74626211382865,344.65660187436674,0.1868672981055857,175.44940881661202,175.44940881661202,135.14073905751638,36.605385289671936,42.771801882008425,0.0373525865324463,61,"(0, 100]",2001
151.36642928851924,158.35630096376565,3023.729035500698,497.3677436806959,1.607774677692186e-13,1.607774677692186e-13,det2,computed_linefit,34.022953075055355,349.0561318032171,0.246605283816642,172.27197327271602,172.27197327271602,9.39065499272407,3.281101236441236,163.9142086953278,0.1376874590220266,25,"(0, 100]",2001
130.69146702388792,-32.642871941976324,2976.8898583769533,499.5324721968988,4.43961293735052e-13,4.43961293735052e-13,det2,computed_linefit,77.6104282036113,165.8974228516477,0.0857981161563695,147.35469515467878,147.35469515467878,,,,,11,"(0, 100]",2001
148.13538805253185,-0.2216837872903984,6951.647612237744,469.6781046340864,2.898457019905882e-13,2.898457019905882e-13,det2,computed_linefit,157.99567254006556,160.35321728559674,0.0643093690603167,53.06608503961964,53.06608503961964,,,,,13,"(0, 100]",2001
152.79497219816898,124.33087477751744,3837.758383842956,3.362902011246897e-13,506.10051889032127,3.362902011246897e-13,det1,computed_linefit,31.663264081678104,299.5683919813181,0.1873630654486569,174.9678921323869,174.9678921323869,163.03351990020553,35.23022151037108,11.98207714637216,0.0848920027173431,155,"(0, 100]",2002
160.13415560661176,-116.9456728169277,3381.772105501385,3.515571301265078e-13,480.6287838324028,3.515571301265078e-13,det1,computed_linefit,19.69489905059644,61.60812409278415,0.2285625789405256,179.4816020953603,179.4816020953603,2.5096687013703454,2.7346492741723765,177.6945630804612,0.2520140053102703,121,"(0, 100]",2002
157.22643681136284,53.04199915295678,3192.951421758404,1.392373714442771e-13,469.1031681310616,1.392373714442771e-13,det1,computed_linefit,28.80336663011364,229.07957463444413,0.1591683520923547,173.73172877648676,173.73172877648676,164.83733225035482,39.07521743185615,8.951262549225994,0.1048275825998699,257,"(0, 100]",2002
138.70025380018384,-122.84413724639344,1643.7189095714666,4.177121143328313e-13,388.8862549658784,4.177121143328313e-13,det1,computed_linefit,42.80835943018821,54.12384306409525,0.1897146942744774,177.47037717226613,177.47037717226613,165.78046138239202,45.57641570659177,12.406300659791697,0.0732025932170163,107,"(0, 100]",2002
138.6092339698264,113.0555054232732,1913.7757686349785,2.1268859807002749e-13,493.4023828045395,2.1268859807002749e-13,det1,computed_linefit,57.317389767053065,288.95516676015694,0.1000558023595045,163.77860614356385,163.77860614356385,86.05309502376662,39.38849009538306,77.76412820938329,0.0480360934222452,98,"(0, 100]",2002
137.1708563755344,59.6724483899331,3093.605485463665,4.617981178760124e-13,384.06571451045977,4.617981178760124e-13,det1,computed_linefit,54.388368018877145,236.9906918707636,0.1138805739684678,168.26896458941,168.26896458941,135.94061184649934,58.203944356399376,32.367874241421625,0.0668363964688574,174,"(0, 100]",2002
144.9654578792026,105.91220255369046,4711.092234289671,1.1718571004216928e-13,488.89078770461487,1.1718571004216928e-13,det1,computed_linefit,41.597255135747325,281.4796639235118,0.1560749006120167,172.88865002375832,172.88865002375832,116.06522065393952,33.24467933542418,56.89822080727553,0.0427002841619943,240,"(0, 100]",2002
130.41351654441192,48.66264512614203,6690.68751204445,4.617981178760124e-13,330.79203535475926,4.617981178760124e-13,det1,computed_linefit,64.0146030423656,224.7921030729817,0.107106998029475,165.21717653844098,165.21717653844098,73.37956335288237,42.10001898183058,92.0157691742205,0.0511542626719406,177,"(0, 100]",2002
130.87091027428735,20.47820809755149,4853.244039090379,3.06111178766429e-13,365.4625462190419,3.06111178766429e-13,det1,computed_linefit,54.42977293836616,199.7679583747996,0.1731130795119864,174.67008761856636,174.67008761856636,158.6807979178434,78.61154034229533,16.069887081698237,0.0702933689641831,108,"(0, 100]",2002
144.6850820993169,141.14397121619228,8468.446977889367,1.797546735911271e-13,506.153689181332,1.797546735911271e-13,det1,computed_linefit,39.31692830740111,319.82100062719684,0.2010485614520944,175.9186207570257,175.9186207570257,67.42641344648044,33.306596372049164,108.50144943475463,0.0314335610334159,135,"(0, 100]",2002
163.4011186385663,156.61639244334123,4432.382791391052,2.21980646867526e-13,504.40258109137136,2.21980646867526e-13,det1,computed_linefit,14.950043203282068,320.34617006531937,0.2192663222284159,175.2979802857587,175.2979802857587,132.62562232993614,36.17492380977288,44.41608111628722,0.0215419761154231,49,"(0, 100]",2002
136.75227711915082,41.65977642698144,4618.735672118517,2.411662016538279e-13,370.0704116777511,2.411662016538279e-13,det1,computed_linefit,51.90990106622053,222.22212506308168,0.168967722130484,171.32794659637935,171.32794659637935,139.3317399497,58.16256512014975,32.00395707268462,0.0733226769532674,220,"(0, 100]",2002
150.44786003424085,75.67557353558598,3674.024618149189,2.2914314707516465e-13,460.9124622895442,2.2914314707516465e-13,det1,computed_linefit,36.588549624910094,245.3600830700651,0.1632907704041237,171.01038446734253,171.01038446734253,131.90106533507327,41.21882734979737,39.66928702430241,0.057827302037492,173,"(0, 100]",2002
143.6151288125554,-55.59776151557468,4499.889437608708,4.366225850770097e-13,505.1118781398903,4.366225850770097e-13,det1,computed_linefit,38.82616316047171,125.54069630348154,0.2366162382651083,177.46187506996827,177.46187506996827,149.37935064145185,32.607946715710526,28.08325845333359,0.0393365025483072,163,"(0, 100]",2002
133.66562461990236,111.65178230836352,1581.1793089314192,8.03887338846093e-14,488.2656397830631,8.03887338846093e-14,det1,computed_linefit,82.87926493472126,310.36548436835426,0.0574365780478681,139.94641530228026,139.94641530228026,,,,,51,"(0, 100]",2002
138.11988013135482,-90.95396086106916,2357.4384874508364,3.711863282265136e-13,447.8002195193632,3.711863282265136e-13,det1,computed_linefit,46.227652879037,91.93367739527145,0.2060346843452725,175.2120957589708,175.2120957589708,140.88637779355753,46.19014579362194,34.421778147564225,0.0505399890656702,156,"(0, 100]",2002
131.18673970082358,-32.40578011917664,2434.187169651429,4.475855276957538e-13,499.37660272830703,4.475855276957538e-13,det1,computed_linefit,56.020759080789226,152.46807113955472,0.1431812328427842,171.82638256067452,171.82638256067452,13.125995611590325,17.578105611248024,158.83974156169336,0.0981902931979216,91,"(0, 100]",2002
137.02747180243728,157.5706905586745,7244.28647861797,3.5040636720219573e-13,488.0297851078484,3.5040636720219573e-13,det1,computed_linefit,47.59560300906494,334.72664631701696,0.1451310664858986,174.95539258241422,174.95539258241422,144.8277271360772,34.06863244708431,30.218914738123097,0.0514687224489542,148,"(0, 100]",2002
130.63400416387864,-135.80576161817748,4502.891573316035,5.147390503530812e-13,330.3698315497535,5.147390503530812e-13,det1,computed_linefit,70.51979067724315,43.65285441899199,0.0704560436998917,158.8411349373311,158.8411349373311,,,,,288,"(0, 100]",2002
138.87090342749,52.38807717168803,2287.9395000588283,2.1268859807002749e-13,385.6314181627234,2.1268859807002749e-13,det1,computed_linefit,44.66878311025933,234.87077401555769,0.2471693863348369,176.0781201749837,176.0781201749837,137.19440122577612,59.413297488014265,39.07611675334583,0.0418830072859159,61,"(0, 100]",2002
151.7033155067814,80.55709418498019,2767.4369382979626,3.552713678800501e-13,469.539605053138,3.552713678800501e-13,det1,computed_linefit,34.68395010995362,262.2988704628507,0.2219553529885116,173.54886223423404,173.54886223423404,144.995467387256,31.678106354634888,28.70782866992909,0.0667377882758637,131,"(0, 100]",2002
143.61228765439637,126.60222645124776,3370.901912047075,1.797546735911271e-13,506.1287556426136,1.797546735911271e-13,det1,computed_linefit,41.560752602240775,302.9695201232274,0.1495466870084963,174.34667426137574,174.34667426137574,123.39464468330443,54.79179431683636,51.05456523673954,0.0431351128098705,93,"(0, 100]",2002
162.60239881053306,-33.91589285501139,2606.690523142241,2.681298705072267e-13,506.5292279806324,2.681298705072267e-13,det1,computed_linefit,20.28231490554496,148.65042009527798,0.2200086313611073,176.9992704532,176.9992704532,18.14363785602037,16.545913045029188,158.9470951591259,0.0530923499894545,86,"(0, 100]",2002
153.34977800864465,0.5527715471025063,5687.452046058035,3.06111178766429e-13,479.79044517731575,3.06111178766429e-13,det1,computed_linefit,30.50591765609717,182.3809989489468,0.2160033644328996,176.04677892012126,176.04677892012126,170.95518318786634,46.48145337260051,5.123479715616873,0.1496310743234631,264,"(0, 100]",2002
131.768023213559,-130.104968966184,3462.3020750112587,3.8553082408300657e-13,340.2709573626772,3.8553082408300657e-13,det1,computed_linefit,51.48020462681774,51.64577624663977,0.1496859865187309,176.48709277267676,176.48709277267676,11.73253332827518,11.47752284829179,165.066454585394,0.0987407544793156,89,"(0, 100]",2002
164.30791721936703,-13.091258727082131,3311.3580213602177,1.797546735911271e-13,502.0112303682767,1.797546735911271e-13,det1,computed_linefit,14.852607004063955,164.5203512925946,0.2514677454616934,178.95111205423052,178.95111205423052,2.1620557176904898,1.2422755487544943,178.54598089552687,0.2017661204015267,44,"(0, 100]",2002
151.6847622588959,-45.03339620529066,4205.049830235695,2.3437142008433856e-13,507.5170717527591,2.3437142008433856e-13,det1,computed_linefit,30.77487500085892,138.60524023532463,0.2366701378949443,176.9564521496886,176.9564521496886,163.85448587855666,57.25830451637462,13.2730158490266,0.0584567643348148,137,"(0, 100]",2002
153.11831432626866,158.32735879621066,2631.913258154215,2.49399488080602e-13,498.5114415316182,2.49399488080602e-13,det1,computed_linefit,27.92256459208494,338.416320793708,0.2536637477522693,178.9583164064808,178.9583164064808,15.019097325495563,12.649921530604672,163.96148247999847,0.0534520249821516,70,"(0, 100]",2002
132.31470129393122,65.51734983763762,5027.136967580074,1.392373714442771e-13,368.8519840328717,1.392373714442771e-13,det1,computed_linefit,48.8841543028196,247.3753056289327,0.1732215020408477,178.1668579302708,178.1668579302708,4.377688697567857,3.503546908156794,174.86323032557743,0.2172776572661754,72,"(0, 100]",2002
155.22979143789453,144.73948002738294,8015.321214439259,2.1268859807002749e-13,505.9280399429396,2.1268859807002749e-13,det1,computed_linefit,27.068080567344257,322.7751567377895,0.2411006852338817,177.54724339582464,177.54724339582464,10.308200224108948,12.312771305945065,167.28787766988486,0.0883000922855015,196,"(0, 100]",2002
165.274425546994,-43.89965819983349,2082.492317947437,2.411662016538279e-13,507.5138779273815,2.411662016538279e-13,det1,computed_linefit,17.621981080844908,140.2410299731262,0.243870107958027,176.88414175957547,176.88414175957547,58.26756383405542,42.397737399056,118.61660345120455,0.0162414819086311,57,"(0, 100]",2002
131.22243432240106,-104.34468639324876,2794.8235639243694,5.178681919428697e-13,390.21236764939545,5.178681919428697e-13,det1,computed_linefit,57.45836914653288,76.78226104972559,0.1175349915277319,171.27276087612495,171.27276087612495,46.6591225224943,57.2930882996158,124.62934373985608,0.0539170951368988,72,"(0, 100]",2002
156.92967158868612,-88.30638870294527,1779.770885197427,2.815623652605064e-13,489.6213625511422,2.815623652605064e-13,det1,computed_linefit,23.82185582341725,93.18680027055396,0.2466221965113606,179.0420499304186,179.0420499304186,66.56898541024732,20.611766690365137,112.5053967618324,0.0122738786942822,59,"(0, 100]",2002
133.54545724028313,-87.11151849216157,2318.329341862626,4.2371230835770965e-13,446.5185344343933,4.2371230835770965e-13,det1,computed_linefit,47.23843369727134,92.59395178193697,0.2748937116552781,179.18719625635708,179.18719625635708,39.19666762762438,26.130798370574954,140.0399717038022,0.0288118060163656,54,"(0, 100]",2002
135.15118938625957,-157.552650434756,2495.9071607191827,4.856703836433968e-13,382.6610033572972,4.856703836433968e-13,det1,computed_linefit,56.03710116078781,20.871284570951914,0.1013200488016712,168.74655503289551,168.74655503289551,103.75364611087409,31.96823552380622,65.19775489405217,0.0378203824631889,212,"(0, 100]",2002
144.38985243578995,168.42871957883193,6179.09717177507,2.3437142008433856e-13,478.9554404843254,2.3437142008433856e-13,det1,computed_linefit,38.16200060150522,349.8985739844169,0.1484917417385731,177.30009852651023,177.30009852651023,161.7946864667859,50.31631584826408,15.677614216271126,0.0553343334525891,132,"(0, 100]",2002
137.50033888655705,112.50765250247215,2043.8705582715115,2.666192676669783e-13,492.0046521538731,2.666192676669783e-13,det1,computed_linefit,50.58109053654771,291.41142685986887,0.1546245083766063,171.8797317056653,171.8797317056653,61.14940762185255,35.49210064885482,110.76031870116766,0.0473151620255415,48,"(0, 100]",2002
134.81356454422996,61.22582460023307,2192.008877990645,2.1268859807002749e-13,373.6706298171829,2.1268859807002749e-13,det1,computed_linefit,54.69171930310312,242.0404415133929,0.1629640123201843,170.4744368909149,170.4744368909149,145.70542406295132,65.13171128697905,24.82801468492211,0.0869043609652128,140,"(0, 100]",2002
130.79159940161458,59.74121515137464,2627.7392708357183,5.392640207733813e-13,348.0284698823063,5.392640207733813e-13,det1,computed_linefit,60.713191691934405,242.04999524388677,0.1273904419430289,168.3422283108901,168.3422283108901,120.94959763014676,78.61055480710542,47.51534381285664,0.0603288178125586,64,"(0, 100]",2002
167.03589084038154,-60.04572513895111,2501.7251804098128,2.360884497795176e-13,506.7896926111263,2.360884497795176e-13,det1,computed_linefit,12.976977599985377,127.57838685388678,0.1469566285856618,178.28991794514485,178.28991794514485,175.1841577761417,21.937128571922777,3.5695461451323247,0.1027547499254078,311,"(0, 100]",2002
147.60770444980062,-2.9674926850545216,5381.509511093654,2.898457019905882e-13,472.2632684791539,2.898457019905882e-13,det1,computed_linefit,32.0111673090169,175.23110650039192,0.3175231133398817,178.96717990915602,178.96717990915602,177.53703099306742,47.276464450981365,2.6041960888632527,0.1570265261514142,106,"(0, 100]",2002
147.1645507869722,24.528406571951404,4510.00705257791,2.898457019905882e-13,436.1609654839241,2.898457019905882e-13,det1,computed_linefit,36.12390460616387,201.41392935208887,0.2283323977308533,176.2696072659598,176.2696072659598,164.03676599792516,42.79841681202133,12.64236319737358,0.0898724933916218,119,"(0, 100]",2002
134.3171228007533,-131.476525195272,6617.135446731206,3.5040636720219573e-13,355.6664884418143,3.5040636720219573e-13,det1,computed_linefit,64.94645837531216,50.18431472742132,0.048221448226251,160.68918582715838,160.68918582715838,,,,,253,"(0, 100]",2002
146.98338939254128,-8.363138888364183,3306.546939115777,2.0544394338345686e-13,478.4698710596659,2.0544394338345686e-13,det1,computed_linefit,34.87520561150259,173.71941052808162,0.2479472805179634,177.8077993632954,177.8077993632954,173.8013059538808,47.10690714464126,4.059747921498872,0.1536606808111886,146,"(0, 100]",2002
133.8496084565566,68.24261569173395,3176.598232087325,3.727472246908974e-13,382.8618337275891,3.727472246908974e-13,det1,computed_linefit,52.73171316860983,247.19716460012967,0.214258209324164,173.3710913945909,173.3710913945909,10.698816319555467,20.189677624240925,162.71148540299058,0.1067896448163309,82,"(0, 100]",2002
164.6293300672752,-18.68570414843845,2729.773377253105,2.360884497795176e-13,503.7540808638995,2.360884497795176e-13,det1,computed_linefit,17.519997123413177,162.73174899740536,0.2658680316548917,177.8136885896314,177.8136885896314,35.23370668812685,14.114239956651945,142.5800102028445,0.0334687896105154,120,"(0, 100]",2002
133.89268387871013,-60.28727874954438,4710.190424529344,2.411662016538279e-13,499.59405460201873,2.411662016538279e-13,det1,computed_linefit,50.04116403820163,121.34854534597017,0.2222177725839172,175.88242946672577,175.88242946672577,154.58995281560885,38.14583203360001,21.29552130499008,0.0656689692203081,188,"(0, 100]",2002
161.96660789902464,137.81854591905113,4032.9720078163978,1.2710574864626038e-13,507.41612520399445,1.2710574864626038e-13,det1,computed_linefit,20.59479897766482,320.62933718953883,0.2245436866945753,177.27580136019992,177.27580136019992,60.36622010109145,11.194040623312668,117.30130710613976,0.0182880139164689,176,"(0, 100]",2002
162.83004194732342,101.63399116625206,5440.859764269806,501.2465649909195,2.842170943040401e-13,2.842170943040401e-13,det2,computed_linefit,11.791661402089677,281.622989120738,0.1296873627679957,174.62170266955354,174.62170266955354,176.02636098927474,22.17154004640829,5.515190677184517,0.0650918187047219,40,"(0, 100]",2002
132.9024156911106,-118.36795731141346,1992.2254724049528,363.5566914557515,4.687428401686771e-13,4.687428401686771e-13,det2,computed_linefit,47.7378275064635,58.75853682445472,0.2689479713811799,177.7896056466973,177.7896056466973,3.246793438943566,9.442325581212495,175.15733594240794,0.0986183822662733,38,"(0, 100]",2002
137.60510039095067,-154.83155710533094,4228.978471251343,390.3836707686862,4.1382633578908325e-13,4.1382633578908325e-13,det2,computed_linefit,43.68038120353091,23.55181332798584,0.2240149788019746,178.30604089239074,178.30604089239074,17.33120254579818,6.7588486276687325,161.13797016761802,0.0273058599647545,80,"(0, 100]",2002
132.90203059068253,28.67524918694832,3374.677885734196,359.0815797205726,3.4576501834057014e-13,3.4576501834057014e-13,det2,computed_linefit,116.88366569129572,202.2132568441104,0.0463684759391894,109.9610681586013,109.9610681586013,,,,,16,"(0, 100]",2002
154.78426593898575,133.31224081445984,3813.368347304559,507.5340482847605,1.1368683772161605e-13,1.1368683772161605e-13,det2,computed_linefit,41.16157557758167,281.7513148916029,0.0850260761611617,156.9327278858456,156.9327278858456,,,,,22,"(0, 100]",2002
131.63405478030452,-11.684882970164306,2231.4408363722137,459.9543319391451,1.7053025658242404e-13,1.7053025658242404e-13,det2,computed_linefit,180.0,0.0,0.015357803463305,48.36594521969548,48.36594521969548,,,,,4,"(0, 100]",2002
153.9827669607236,125.78764077686056,1856.104051455076,506.58895291994565,1.1368683772161605e-13,1.1368683772161605e-13,det2,computed_linefit,19.598183693851603,245.9312621320421,0.0694999620906949,156.99709385456393,156.99709385456393,,,,,15,"(0, 100]",2002
141.5934522404695,160.57290218800986,5587.987038386576,487.274668548189,3.314512409159136e-13,3.314512409159136e-13,det2,computed_linefit,36.1192244133685,338.50197102843947,0.1165304586942818,177.39180218985618,177.39180218985618,48.690191488967365,7.429986287899124,132.33838119271252,0.0147790725186409,52,"(0, 100]",2002
139.32893772481165,71.8212648700025,3373.554027318849,415.1583329905691,2.842170943040401e-13,2.842170943040401e-13,det2,computed_linefit,108.31095873347664,212.14320803076336,0.102767449422566,103.76272551004566,103.76272551004566,102.07014503123035,87.74304998506739,1.7690674037917382,0.1054690537120851,9,"(0, 100]",2002
134.141857842366,60.65145970386443,2719.2376271169896,368.96191683527854,3.639754730461873e-13,3.639754730461873e-13,det2,computed_linefit,146.5485430255862,233.46258828851785,0.0524158410969276,79.1282315972103,79.1282315972103,,,,,11,"(0, 100]",2002
136.39309269416,97.54167607035346,2596.0140974250903,463.3635440515004,2.3437142008433856e-13,2.3437142008433856e-13,det2,computed_linefit,162.11147639548952,165.49325825104717,0.1046752824122168,39.77064378452096,39.77064378452096,39.297398352455545,36.372788265923376,0.4897523544112523,0.1286717542801773,9,"(0, 100]",2002
144.37801603431785,-109.56923740665864,1778.2286331901234,433.1550165312002,3.979039320256561e-13,3.979039320256561e-13,det2,computed_linefit,39.269475073383866,69.07971357611902,0.2784796180267601,176.2613425853411,176.2613425853411,0.8049096318318986,0.9991547376204484,175.53781152242814,0.2671580695344847,31,"(0, 100]",2002
153.24266932856472,35.79414584946995,3017.5212890054327,454.4124612430302,1.797546735911271e-13,1.797546735911271e-13,det2,computed_linefit,149.55169823136234,308.8849311101426,0.0538478838425779,38.54884979268683,38.54884979268683,,,,,12,"(0, 100]",2002
140.17049950923956,27.02798054594889,5248.220232942973,401.0759328148913,8.03887338846093e-14,8.03887338846093e-14,det2,computed_linefit,104.72117039254051,264.4711865311656,0.0522388780084383,97.94458077763034,97.94458077763034,,,,,12,"(0, 100]",2002
137.43640743686174,-22.280713012777326,4197.673304677695,488.1904018832718,4.582862941503293e-13,4.582862941503293e-13,det2,computed_linefit,40.56041647843273,176.50772430110598,0.0588558777539376,167.40926294922147,167.40926294922147,,,,,40,"(0, 100]",2002
152.8698885858728,54.64051428097361,2999.0699748724546,453.86404974988767,2.273736754432321e-13,2.273736754432321e-13,det2,computed_linefit,135.28484763892496,129.16124307943016,0.0625535902900248,44.10574128770072,44.10574128770072,,,,,11,"(0, 100]",2002
163.3366220072759,120.07977116622308,1757.2023992612978,506.3684209452183,4.617981178760124e-13,4.617981178760124e-13,det2,computed_linefit,30.582367543784937,309.0863932082695,0.1707432301392868,165.65883316252155,165.65883316252155,14.677215859638473,41.19863651146661,151.4378719684781,0.1278752057634168,7,"(0, 100]",2002
138.7660646531055,83.42697211307342,5972.147654277458,437.2647114057185,2.049518613753201e-13,2.049518613753201e-13,det2,computed_linefit,137.91010282959218,217.3697260149389,0.0649160872486607,75.43489537662883,75.43489537662883,,,,,24,"(0, 100]",2002
149.01064266900184,-135.98330426904218,5275.716611622508,434.9854769567673,1.1368683772161605e-13,1.1368683772161605e-13,det2,computed_linefit,30.37648687481328,44.463341016078914,0.2484391404566426,179.34612578228453,179.34612578228453,7.617038361311028,21.78948607928993,172.85268270501336,0.0183524446784748,67,"(0, 100]",2002
155.82108272317873,-93.1820881465407,4305.10674249322,484.1504521948964,3.215549355384372e-13,3.215549355384372e-13,det2,computed_linefit,24.504365191046464,89.23696268468474,0.2252452583271006,178.95123266411304,178.95123266411304,1.5968778154551344,4.656678167738461,177.46307609810262,0.1450002465531184,70,"(0, 100]",2002
155.20041817703756,120.19678625623963,3264.582733524337,505.06465061153045,3.215549355384372e-13,3.215549355384372e-13,det2,computed_linefit,21.846217472823533,295.72436425115626,0.1823248953316965,176.5584221468068,176.5584221468068,176.97745152105708,34.622545022487,2.806284068088773,0.1309927372713107,30,"(0, 100]",2002
167.20788851816508,87.59038943447152,6004.900234733578,501.03583922346814,1.2710574864626038e-13,1.2710574864626038e-13,det2,computed_linefit,34.900034328013525,191.5231182462772,0.0782039164717478,146.12935168286953,146.12935168286953,,,,,41,"(0, 100]",2002
151.77367248086168,-157.06013492304487,7117.265258335581,455.221194042114,1.607774677692186e-13,1.607774677692186e-13,det2,computed_linefit,27.15907507796276,22.84180090501163,0.2279348854194625,178.93177531228517,178.93177531228517,2.154986897480338,0.8543646141131753,178.7016154912767,0.1128971604409605,80,"(0, 100]",2002
153.84378061632546,153.04320506658493,6507.618688206704,502.148431972824,3.410605131648481e-13,3.410605131648481e-13,det2,computed_linefit,26.94307868660456,341.0511602232324,0.3244684168521554,176.33782530594715,176.33782530594715,168.58364219167092,31.962096983172348,9.761542817144433,0.0962611949540838,24,"(0, 100]",2002
153.42985645014988,9.492305797962985,1596.353390749959,471.7381868849377,1.2710574864626038e-13,1.2710574864626038e-13,det2,computed_linefit,132.93902755421732,279.3612663979746,0.083818954178294,52.51704221268374,52.51704221268374,,,,,13,"(0, 100]",2002
144.5393400646059,-30.057652854503853,1864.3614464279544,500.95513241654834,3.314512409159136e-13,3.314512409159136e-13,det2,computed_linefit,33.8327997683043,128.9731900542388,0.0816853739640126,168.0157385341394,168.0157385341394,,,,,13,"(0, 100]",2002
163.28653679405133,-150.90485106983084,1886.6065294944603,487.45630963499366,2.411662016538279e-13,2.411662016538279e-13,det2,computed_linefit,16.34854710131632,35.85511983071996,0.2734523272365643,178.04336654844897,178.04336654844897,176.72927162594928,15.910321513805094,1.6430457683235713,0.135431147129233,31,"(0, 100]",2002
141.11701226416423,61.98333298489968,1733.8881439196837,407.46424386401793,1.607774677692186e-13,1.607774677692186e-13,det2,computed_linefit,85.21435936003438,180.82068703650032,0.1007455304381079,111.5096620100154,111.5096620100154,100.7473640244684,96.11865428125404,12.928542185476289,0.1106753231629767,10,"(0, 100]",2002
134.4226098526668,112.46259715406904,2354.1489743460297,490.0702430501855,1.1368683772161605e-13,1.1368683772161605e-13,det2,computed_linefit,52.18659087811427,309.1031518602466,0.1956254005016182,165.86539065669652,165.86539065669652,121.65388891883458,102.08366566313428,49.76207883130949,0.0625187964909264,8,"(0, 100]",2002
155.01493356705114,119.11876797331924,2392.9042255965533,504.62419283672295,2.6048926968973323e-13,2.6048926968973323e-13,det2,computed_linefit,37.34800411219807,287.8832210971621,0.1070608071063054,166.38514417864923,166.38514417864923,156.56746963512154,132.05283374099017,9.928389606588828,0.0950250484816961,9,"(0, 100]",2002
137.6505669940234,-157.02964211275403,2367.0242546690465,394.25668926253695,4.582862941503293e-13,4.582862941503293e-13,det2,computed_linefit,41.251775290242094,19.48459935666804,0.2178510741474815,177.43069587014537,177.43069587014537,3.480314847827389,4.819356292277681,175.04467397955818,0.1218357212618145,53,"(0, 100]",2002
154.30259450629563,-7.278589319676445,3205.20533425158,488.431860980098,8.03887338846093e-14,8.03887338846093e-14,det2,computed_linefit,135.47056020064596,244.0765999205265,0.0796377387398493,56.963952633020725,56.963952633020725,,,,,25,"(0, 100]",2002
152.99615588536832,-150.3659545733628,1490.9480927529055,455.63644064423136,3.06111178766429e-13,3.06111178766429e-13,det2,computed_linefit,26.10758984919809,30.71693495583238,0.2130160257278863,178.98138275887297,178.98138275887297,13.08417378805526,14.645484191288013,167.32346345631026,0.0362276496505641,31,"(0, 100]",2002
152.82228825355284,-3.282355947587681,3094.5338227708003,482.46832242909727,8.03887338846093e-14,8.03887338846093e-14,det2,computed_linefit,139.02919917980887,173.9495416130329,0.0406299903176136,68.12693961449966,68.12693961449966,,,,,17,"(0, 100]",2002
135.44864432495564,116.46260155543376,7060.00236728548,496.29827626205946,4.099037227506402e-13,4.099037227506402e-13,det2,computed_linefit,101.52562635612134,287.9819999287578,0.0953607630817441,122.51357653749268,122.51357653749268,,,,,16,"(0, 100]",2002
158.92489242722823,4.698448736427898,3240.722562765929,487.4582497753085,2.049518613753201e-13,2.049518613753201e-13,det2,computed_linefit,96.84818032887034,149.19552273069428,0.0576910298754888,100.33404419297354,100.33404419297354,,,,,18,"(0, 100]",2002
158.5014531581866,-149.70722993398698,3971.891182455204,474.15872243312975,3.06111178766429e-13,3.06111178766429e-13,det2,computed_linefit,21.07598163204036,29.28908351100933,0.2598338784864231,179.44203895761947,179.44203895761947,4.113693751159453,2.799590011371915,176.41749000450008,0.0656742089291953,34,"(0, 100]",2002
130.6898514425582,-138.20588588742353,2501.4996818890586,331.0233041717898,5.824717144355189e-13,5.824717144355189e-13,det2,computed_linefit,48.80914928830062,41.75569197578292,0.3109205637005718,179.49816075275626,179.49816075275626,177.04439355283736,46.1816903162257,3.4519250498020417,0.0521403827472808,92,"(0, 100]",2002
138.65635322405663,39.91817169441852,3240.068559157928,381.8681663009489,3.06111178766429e-13,3.06111178766429e-13,det2,computed_linefit,128.1831759231935,204.1798659287809,0.0665350706659089,92.04399078786533,92.04399078786533,,,,,20,"(0, 100]",2002
135.01279556937067,-19.887436868385915,2101.955112690178,482.10406223890953,4.617981178760124e-13,4.617981178760124e-13,det2,computed_linefit,123.08750479482993,255.8444599620816,0.0629400234587771,63.559677421512255,63.559677421512255,,,,,16,"(0, 100]",2002
135.97740859391064,85.53595568882257,3471.1114332631755,433.9413253284828,2.842170943040401e-13,2.842170943040401e-13,det2,computed_linefit,58.580626689837786,210.77029645164015,0.0198542231246528,135.80643390461884,135.80643390461884,,,,,9,"(0, 100]",2002
138.39070709041215,33.39149395427909,3912.73108909331,384.51052429449214,1.7053025658242404e-13,1.7053025658242404e-13,det2,computed_linefit,102.26832116515448,243.92940266739112,0.040168030620846,113.57826987623316,113.57826987623316,,,,,7,"(0, 100]",2002
136.0679326627586,-100.44978965620592,3268.0579319652816,419.2216841208203,4.582862941503293e-13,4.582862941503293e-13,det2,computed_linefit,41.17451480462461,77.13318113852607,0.2386788612106781,176.794789493797,176.794789493797,1.450615796108534,1.372671133240806,178.00379023329168,0.259311133793755,62,"(0, 100]",2002
149.21591628206912,-18.639917377994244,8311.77507606902,493.1890368147364,4.1382633578908325e-13,4.1382633578908325e-13,det2,computed_linefit,112.39663681629015,170.61016330681116,0.0513836882434611,98.03123230019504,98.03123230019504,,,,,39,"(0, 100]",2002
138.30807357139565,-157.71514985780095,4146.6813086093725,398.6548904416756,5.147390503530812e-13,5.147390503530812e-13,det2,computed_linefit,42.00412463134511,24.097241219129124,0.2392049302010226,178.75123036469748,178.75123036469748,8.989832558111821,11.143997979767818,170.07551354587173,0.0579580554980541,35,"(0, 100]",2002
147.14162705296133,132.13389184795716,3015.746119032762,507.4735887601784,3.410605131648481e-13,3.410605131648481e-13,det2,computed_linefit,81.94014875909048,253.6980018200639,0.0942769036005428,113.5142672268816,113.5142672268816,,,,,11,"(0, 100]",2002
152.96993532007804,-141.32066111750757,4140.214386739832,452.47963402197735,3.06111178766429e-13,3.06111178766429e-13,det2,computed_linefit,27.21214905119221,37.91326728802518,0.3241009851234581,179.60615428857378,179.60615428857378,178.92993094603872,36.2009511582594,0.8226470767142017,0.2670569967469857,70,"(0, 100]",2002
155.18390371715537,-7.282111902738306,2039.3394454170484,489.6649226081073,1.797546735911271e-13,1.797546735911271e-13,det2,computed_linefit,152.5768113115938,308.9731900542388,0.1139382045132694,19.03662052961625,19.03662052961625,19.007078310937786,17.80256047147135,17.837178562936657,0.2142264868592261,10,"(0, 100]",2002
141.93213000985915,-59.35884122644812,3848.019706659244,2.953670686285155e-13,502.4555185868438,2.953670686285155e-13,det1,computed_linefit,43.64171942479161,124.70919123562048,0.1813366717017986,173.82590556325303,173.82590556325303,151.40048071442075,40.86876755303021,22.549068403058733,0.0653538027710292,209,"(0, 100]",2003
151.09580788203937,77.03867490276784,3084.9256891640102,2.666192676669783e-13,464.2497262581757,2.666192676669783e-13,det1,computed_linefit,33.86103677445453,253.47159335623692,0.1459086760812636,174.7084488882298,174.7084488882298,145.00971800250278,31.67204132600391,29.83338588325469,0.0479670054830361,140,"(0, 100]",2003
135.9652710402532,64.98817154915693,2070.7241453497813,3.314512409159136e-13,386.5607685150368,3.314512409159136e-13,det1,computed_linefit,51.648066073991714,247.96313998053296,0.1714846431668872,172.0752896193936,172.0752896193936,152.17101443002545,90.13719554785256,19.95610720708573,0.089800625330172,84,"(0, 100]",2003
141.84568889608568,-62.79368394452266,2637.594393824847,3.6838745804788353e-13,499.5046993823341,3.6838745804788353e-13,det1,computed_linefit,40.6163525403981,120.79574474031968,0.2493512458375229,176.64682399018776,176.64682399018776,9.42877292498413,9.595824897711733,167.71352649213503,0.1034656922200302,82,"(0, 100]",2003
131.3100988736063,-142.8308602810069,5394.817963452865,6.380657942100825e-13,337.805082555212,6.380657942100825e-13,det1,computed_linefit,58.2830119360813,39.350375746307634,0.1771651885998708,170.249001643088,170.249001643088,152.2948957530363,67.95778076731135,18.02429902115548,0.0823759125412735,135,"(0, 100]",2003
134.83790236846588,-137.2433730702075,1962.780277380696,1.797546735911271e-13,357.78258705462747,1.797546735911271e-13,det1,computed_linefit,45.98523214315608,41.17180462457074,0.1926756236664017,178.60057094737087,178.60057094737087,158.1650196297132,48.22521410744836,20.76875009094608,0.0642678788876808,95,"(0, 100]",2003
131.60565889859328,65.5641524476678,2276.490718438959,2.4777471841961613e-13,365.2326651390607,2.4777471841961613e-13,det1,computed_linefit,56.5569868009843,245.8240388345608,0.2111241848331646,171.83476462404457,171.83476462404457,107.97219114371164,51.21217850670137,64.00189343655478,0.0486216278282441,53,"(0, 100]",2003
142.58305231774315,57.9681413966594,2243.458878956591,2.4777471841961613e-13,410.1895604575107,2.4777471841961613e-13,det1,computed_linefit,38.28279109558227,235.5788555886884,0.2517890298380316,178.29748502369532,178.29748502369532,177.2844585155597,61.328300814975776,1.2946004636534418,0.2188538122790857,104,"(0, 100]",2003
169.76893346197562,157.72729144107032,4153.183677090204,2.0544394338345686e-13,506.208295043982,2.0544394338345686e-13,det1,computed_linefit,10.105266095383987,327.038103981335,0.2222943664943974,178.1114450063407,178.1114450063407,155.74674723622456,7.104156599322347,22.839715676055416,0.015770971346961,186,"(0, 100]",2003
152.591984691522,-43.54616935175702,1901.5519163270048,2.3437142008433856e-13,507.4296749670396,2.3437142008433856e-13,det1,computed_linefit,27.358641008026783,138.10878582428805,0.2879148910320901,179.2372389978989,179.2372389978989,13.196365598137824,34.58800897648727,166.79886749866844,0.0258911021744581,110,"(0, 100]",2003
148.38462968621306,-31.29000109978024,4119.294231798373,2.898457019905882e-13,502.9504306696424,2.898457019905882e-13,det1,computed_linefit,37.525292369507305,155.01171472680736,0.1803986365081755,173.09919528232817,173.09919528232817,32.96753987272476,17.54764598185427,140.26697923207757,0.0743749050225289,206,"(0, 100]",2003
144.45454852388164,-74.60100069128937,4636.713908854776,5.178681919428697e-13,487.6418798711853,5.178681919428697e-13,det1,computed_linefit,39.23417404292185,108.12588367109544,0.1927600625921951,175.95742627303056,175.95742627303056,57.59591057148686,24.36286624196296,118.46409221786796,0.0374563046527713,255,"(0, 100]",2003
153.39950996572475,-54.286896617433136,2181.6365670194627,3.5040636720219573e-13,506.5065297280207,3.5040636720219573e-13,det1,computed_linefit,26.271871171557056,124.15579384885518,0.2604030466641067,179.23277419756317,179.23277419756317,164.87550447271053,31.400638621279636,15.588520337043269,0.057947459359612,96,"(0, 100]",2003
130.9354187383119,112.62038775647912,3628.938806182163,1.392373714442771e-13,488.2279576224617,1.392373714442771e-13,det1,computed_linefit,52.5219765829804,292.11770744331216,0.1991540427036128,176.52075242504745,176.52075242504745,155.60107176759644,55.299225578101925,20.952289202087847,0.0479766049768815,59,"(0, 100]",2003
164.18860401652103,36.96206970908717,3850.844923148397,1.530555893832145e-13,488.6718195725692,1.530555893832145e-13,det1,computed_linefit,18.010787293824627,214.4857799292467,0.1705447635236604,177.6861331432687,177.6861331432687,156.38766623902185,31.75616120418204,21.404841083834924,0.043861434725397,247,"(0, 100]",2003
135.12351041153272,-157.91219884992375,3424.0541293938504,5.392640207733813e-13,383.23911567543314,5.392640207733813e-13,det1,computed_linefit,46.37650156606539,23.210955327549755,0.2611041568076441,178.2987024515347,178.2987024515347,168.1039325403099,61.34773115038316,10.427361191296152,0.0746717946079224,63,"(0, 100]",2003
135.8470597933833,-35.90914522371663,5142.107172308307,2.898457019905882e-13,503.64455091861976,2.898457019905882e-13,det1,computed_linefit,53.92322765171964,148.28180606298267,0.1536638422749695,169.7338844372559,169.7338844372559,80.53171756744007,43.35483773189362,89.2369223304031,0.0444363591805737,176,"(0, 100]",2003
145.433970852059,-84.03888554011694,4939.6449875294575,3.836930773104541e-13,475.6765954828015,3.836930773104541e-13,det1,computed_linefit,37.33099433020869,97.51707478677058,0.2293037792572255,177.08825074051663,177.08825074051663,30.03909049908057,17.427541632568825,147.084086738872,0.0366922050901185,206,"(0, 100]",2003
150.2380483776892,54.71291124011064,1614.6413183266495,2.898457019905882e-13,443.24624447496507,2.898457019905882e-13,det1,computed_linefit,34.14535452398943,233.5717607382355,0.2117373307564288,175.5753645346023,175.5753645346023,165.79009087815504,51.72815171612676,9.785285339943831,0.1218351152677846,126,"(0, 100]",2003
149.70021040459997,-59.93605002085472,3794.320073701738,2.1268859807002749e-13,503.8370063854949,2.1268859807002749e-13,det1,computed_linefit,30.618429345254288,122.614057168459,0.2560558483131557,178.66869213099002,178.66869213099002,120.01852303451432,15.753039749403104,59.17543702168087,0.0133539922111413,157,"(0, 100]",2003
140.9352089709809,5.9559590811720025,3318.9500174686623,2.1268859807002749e-13,440.4044380399421,2.1268859807002749e-13,det1,computed_linefit,39.21055017138293,187.35834498266303,0.1894242494081023,179.10292749458958,179.10292749458958,3.910269518448085,3.752166810534773,175.5392766126288,0.2178475398038672,67,"(0, 100]",2003
154.8670625216408,160.0793217814811,6513.724409521733,1.7053025658242404e-13,498.4752257298136,1.7053025658242404e-13,det1,computed_linefit,26.962045220020823,334.6249689359257,0.1787125665003111,176.98802244900278,176.98802244900278,154.99109138604817,21.618901927186656,22.536511683913584,0.0495580659352903,299,"(0, 100]",2003
146.67180945696472,159.3426905133043,4973.148113278686,2.666192676669783e-13,493.0933125964539,2.666192676669783e-13,det1,computed_linefit,36.748703330284656,338.0701410596154,0.1732060033800884,176.5024939306704,176.5024939306704,129.49909757008606,27.00808793680792,47.01289073751165,0.0391940146119391,208,"(0, 100]",2003
139.80798583753906,40.29605490172169,1541.2964922736332,1.392373714442771e-13,388.3651839547881,1.392373714442771e-13,det1,computed_linefit,48.00570981482368,221.5636996326827,0.191300601065889,172.1369884828524,172.1369884828524,95.05592914783377,41.01495974866976,77.12921537784214,0.0467310212607425,33,"(0, 100]",2003
148.3682682918212,-142.39534901750469,1556.648298211925,3.639754730461873e-13,432.993823139636,3.639754730461873e-13,det1,computed_linefit,31.64239535405957,39.88950879639603,0.2509606506346989,178.801518220411,178.801518220411,173.65387400996164,35.903601701066705,6.488166789695244,0.1023699016899445,70,"(0, 100]",2003
141.4737890026215,79.03761089831394,3355.4462614775325,3.727472246908974e-13,436.9629794087032,3.727472246908974e-13,det1,computed_linefit,40.29341540059748,255.1340441963261,0.2050008698094766,176.95688245900465,176.95688245900465,10.171076338727184,22.38619540310725,168.01656278582917,0.1082591875933811,56,"(0, 100]",2003
142.74368911630876,67.46125960722455,3074.4521524818883,3.113442275577916e-13,422.41600973713975,3.113442275577916e-13,det1,computed_linefit,40.84980990475853,247.7122295389181,0.2240329063566654,176.40303017870465,176.40303017870465,172.2109789251391,170.1305708609968,4.221993427355577,0.1404103755208772,74,"(0, 100]",2003
155.62855874333923,-31.94057597237243,1780.1699466818689,3.639754730461873e-13,504.9442056841364,3.639754730461873e-13,det1,computed_linefit,26.611267371706933,148.62188064969973,0.2481318206777931,177.747154860264,177.747154860264,167.28798923815208,61.30078804010279,10.492081275949197,0.0682428316673388,68,"(0, 100]",2003
151.02259053400184,-62.93794542435272,1924.6889824848356,3.362902011246897e-13,502.52144338638897,3.362902011246897e-13,det1,computed_linefit,29.82699551190817,123.50828997545052,0.2395920599985637,176.72476419668362,176.72476419668362,5.267533262645052,4.293151359861118,172.83616021676258,0.131736086527909,101,"(0, 100]",2003
135.9368848596253,-111.616249226951,3198.513854605763,4.366225850770097e-13,392.9398837992763,4.366225850770097e-13,det1,computed_linefit,47.60456757621255,68.54418924873882,0.1939044730748569,176.45668036956766,176.45668036956766,167.35959353297943,155.23382068992734,9.100526867589808,0.0926624140202003,118,"(0, 100]",2003
137.62938435211902,-92.82257248678764,2121.745487396752,3.7812625054272285e-13,442.2890338328293,3.7812625054272285e-13,det1,computed_linefit,51.73996964356745,95.9248800991923,0.1640244550486184,168.66775018025908,168.66775018025908,115.0213750066658,65.0747069682268,54.07850637729858,0.0453760931569947,56,"(0, 100]",2003
155.5750656501462,-146.23884070137058,3004.717651306102,1.7053025658242404e-13,463.4877233699497,1.7053025658242404e-13,det1,computed_linefit,25.87653330364069,34.40403741634561,0.210178490796919,178.52293133126503,178.52293133126503,41.56261688977179,16.098034066559457,136.99723888196002,0.0161838909902672,76,"(0, 100]",2003
139.46422650168637,-121.18866655169136,3683.40410489551,4.366225850770097e-13,394.89549208470766,4.366225850770097e-13,det1,computed_linefit,44.79787220069088,60.71022742891437,0.2091550281126264,175.54823980079547,175.54823980079547,102.69051935301304,23.189907733190363,72.95275321258735,0.0252169399945609,116,"(0, 100]",2003
149.92132300995468,170.02507660242765,4470.893374049327,2.1268859807002749e-13,484.7574835700498,2.1268859807002749e-13,det1,computed_linefit,32.90661091501079,348.280032604378,0.23270748509443,177.02903280869893,177.02903280869893,113.42786926809318,22.51261840098721,63.64121653708014,0.0253115755038474,260,"(0, 100]",2003
157.16659463701677,-103.87171183066891,2194.6822597960127,2.842170943040401e-13,479.380748769876,2.842170943040401e-13,det1,computed_linefit,23.017568601208243,80.61805692250341,0.2238460567265329,178.2418050449842,178.2418050449842,12.75625895842701,15.244715178590775,166.2650058298848,0.0734459346204923,129,"(0, 100]",2003
130.37893814693604,34.1134830956017,3104.2941552450347,2.411662016538279e-13,335.3881378140369,2.411662016538279e-13,det1,computed_linefit,51.71827233923148,216.4426699147267,0.1929342287673844,177.2354175298509,177.2354175298509,17.02499153824649,36.41178916267708,160.7898712168707,0.053596062312719,123,"(0, 100]",2003
152.07306552625846,34.823038125386326,4582.282320813219,3.314512409159136e-13,450.07529800613145,3.314512409159136e-13,det1,computed_linefit,29.6101139464388,215.72677287290207,0.2463286101939616,178.26157657335722,178.26157657335722,164.02846151788842,36.98349725921664,14.25791617932362,0.0568049471793359,168,"(0, 100]",2003
151.3690742148588,23.515855498679517,4795.469284606755,2.3437142008433856e-13,453.51112179849616,2.3437142008433856e-13,det1,computed_linefit,32.556932790595006,203.75926295650152,0.1955567041450875,176.0720463021335,176.0720463021335,170.13081653015578,46.911989821365,5.941696635113638,0.1356322859565792,226,"(0, 100]",2003
146.31545584292007,-66.59702312622976,8183.90893542247,4.922784477141924e-13,497.8906588002508,4.922784477141924e-13,det1,computed_linefit,42.6709671176712,120.47303345256766,0.1194772780583187,170.01959390370595,170.01959390370595,18.70377589963763,15.91777774508773,151.50625889362854,0.1317263410601132,438,"(0, 100]",2003
166.111149082374,159.9135331925433,5301.134694387833,3.422427021971628e-13,504.683879880328,3.422427021971628e-13,det1,computed_linefit,12.80634570966322,336.612869098387,0.2387166447409161,178.67661442165536,178.67661442165536,8.242624471193443,7.339187914915183,172.47699326268963,0.0684816167289442,239,"(0, 100]",2003
154.51070892355827,-49.32341229648465,6586.841321413755,3.06111178766429e-13,507.3892525767964,3.06111178766429e-13,det1,computed_linefit,30.50911483741616,141.59125856052802,0.1219509572940694,172.84477437888165,172.84477437888165,127.20839797036504,24.03508374107422,46.260634278870725,0.0354867992887009,244,"(0, 100]",2003
137.37452639489965,-97.50794727215772,3693.384409836428,4.1088788676691373e-13,430.644439028056,4.1088788676691373e-13,det1,computed_linefit,43.42332898429044,88.1098897148475,0.145885951257568,176.085677605822,176.085677605822,11.480237192840308,8.16966901166379,165.7958532062366,0.1245567997912401,224,"(0, 100]",2003
164.97124971619547,-179.27406833970412,3451.7031029470363,2.2914314707516465e-13,498.3237123448036,2.2914314707516465e-13,det1,computed_linefit,15.048431161449876,359.24364169233843,0.2490909159430885,179.6148977113265,179.6148977113265,10.659280474067534,8.29153796591887,169.20062260241158,0.0494631051687006,227,"(0, 100]",2003
130.6665244627845,121.1682233976738,2219.571042833539,5.271441804947985e-13,500.4806531968741,5.271441804947985e-13,det1,computed_linefit,60.61212256417012,297.09000256562604,0.1560726786285422,168.2411830551032,168.2411830551032,129.1222383359123,59.8423200852997,39.13549303389236,0.0644153598208654,66,"(0, 100]",2003
151.27314959857702,-40.0209652355277,3777.5808408319417,2.1268859807002749e-13,506.8767379277611,2.1268859807002749e-13,det1,computed_linefit,29.537523139812038,140.0581223999252,0.2836920174325728,179.18841363762294,179.18841363762294,62.33461635557016,26.344440385323367,116.87187702952713,0.0133826193087006,202,"(0, 100]",2003
141.21572480922208,135.47119404933073,2892.0742250242374,2.898457019905882e-13,507.45407428726855,2.898457019905882e-13,det1,computed_linefit,48.33112001546524,314.7792356062326,0.1017150780347556,170.44137434387093,170.44137434387093,37.75478356103615,28.24109368736238,132.75426544501565,0.0894827375376734,342,"(0, 100]",2003
146.63476254241377,76.38679669352693,2483.309845084229,2.1268859807002749e-13,449.7863471961617,2.1268859807002749e-13,det1,computed_linefit,33.831540620372856,256.35319445336273,0.3422709811449818,179.53332626303074,179.53332626303074,7.389959554120588,39.5867793159454,172.15478486675642,0.0933151274884564,49,"(0, 100]",2003
138.51969400412156,-155.81488502637504,2799.34443578597,5.934627159212227e-13,396.5758006993392,5.934627159212227e-13,det1,computed_linefit,41.65728812189217,24.05425627291133,0.2788929307131276,179.8028665227874,179.8028665227874,2.9386176818684677,12.463698345084197,176.88179611654903,0.1193702235521085,102,"(0, 100]",2003
131.67332303701912,-45.78632455282217,3793.221563467301,1.797546735911271e-13,507.5320618980669,1.797546735911271e-13,det1,computed_linefit,56.74962727395133,138.00842589644648,0.1652676642278426,171.05726421867266,171.05726421867266,168.2988351937025,158.8819207331902,2.839485413806589,0.1541972726662292,188,"(0, 100]",2003
144.53332245981272,68.42618034099868,3068.0334680799974,2.4777471841961613e-13,431.2426844581351,2.4777471841961613e-13,det1,computed_linefit,41.05334709623393,248.05233472318065,0.1773384618154003,174.40855832834177,174.40855832834177,8.601352682675135,8.277685956912832,165.81019855021933,0.1127868265664738,92,"(0, 100]",2003
145.69906696322911,88.62523846213546,2374.8445233307057,465.24096562860393,1.2710574864626038e-13,1.2710574864626038e-13,det2,computed_linefit,69.32397754358414,271.77098610630384,0.0729220434528072,144.89771849352655,144.89771849352655,,,,,10,"(0, 100]",2003
136.94741531086487,49.64688548190102,4263.681143084369,372.6641832626602,2.6048926968973323e-13,2.6048926968973323e-13,det2,computed_linefit,158.00910177336263,255.16079702265296,0.0872083268122937,63.45763853584605,63.45763853584605,,,,,30,"(0, 100]",2003
152.9659576146474,-2.894469239513705,6535.852533035717,482.3473883281596,2.842170943040401e-13,2.842170943040401e-13,det2,computed_linefit,93.79374909304948,308.9731900542388,0.115565781970728,68.80009582017308,68.80009582017308,24.658307383871435,27.660134724586023,52.37574189946773,0.1649617603326947,9,"(0, 100]",2003
131.01222713120617,-157.4007078995307,1946.000256803388,360.6735899870884,2.6048926968973323e-13,2.6048926968973323e-13,det2,computed_linefit,49.11943259055415,23.175628458237764,0.2776899851232721,179.54520671645932,179.54520671645932,0.7401192994684211,0.531660222007096,179.1955496728544,0.2497131431326417,49,"(0, 100]",2003
134.431961223342,-103.99111088276226,2739.461359761881,404.2010352408965,3.979039320256561e-13,3.979039320256561e-13,det2,computed_linefit,46.39490512786328,77.94502701345994,0.2629101359359522,178.38073870903864,178.38073870903864,2.506474224668014,2.3454913169063776,176.05417343594974,0.1531549949992763,46,"(0, 100]",2003
145.58328620101312,-173.85597081919545,2367.640360390855,453.8705758847807,3.410605131648481e-13,3.410605131648481e-13,det2,computed_linefit,35.05681989665398,7.656577165662735,0.2744557722760558,178.92647585366697,178.92647585366697,3.408166602044562,4.688098214808987,175.91589457137337,0.0922556428297469,35,"(0, 100]",2003
130.4497599886735,162.04860972071288,4263.369245971724,473.5235385227565,2.1268859807002749e-13,2.1268859807002749e-13,det2,computed_linefit,59.005903417555714,340.836479555211,0.0835923077779366,170.4935624475128,170.4935624475128,,,,,44,"(0, 100]",2003
134.8893453579053,-154.11702324973038,2165.8609123252286,374.8241311563259,3.314512409159136e-13,3.314512409159136e-13,det2,computed_linefit,44.2621565866819,26.89869082019374,0.2296259249956938,178.89090338180583,178.89090338180583,1.6953822269416263,0.6379784320661812,178.8316276640763,0.115009769963195,77,"(0, 100]",2003
135.25372851490667,-146.3540104119997,4111.243212142789,365.83404235245496,4.856703836433968e-13,4.856703836433968e-13,det2,computed_linefit,44.317814945551696,35.0096950235461,0.2211430101505361,178.9520526278081,178.9520526278081,1.1520502710749634,1.1823370208646151,178.7478484660953,0.2169859192078024,77,"(0, 100]",2003
155.04077737560044,78.40823814197422,2849.331322607147,475.9797490764518,1.607774677692186e-13,1.607774677692186e-13,det2,computed_linefit,149.87695414823466,248.8442412828981,0.0464858597351286,54.8763338196114,54.8763338196114,,,,,16,"(0, 100]",2003
145.46968616832487,109.49751971827364,1482.2918752907333,493.5265579868103,1.2710574864626038e-13,1.2710574864626038e-13,det2,computed_linefit,45.01837309167184,309.1041383854202,0.248301205345769,163.7491015620443,163.7491015620443,132.41311071451253,93.19181634157276,34.54305039183496,0.1082174374542545,10,"(0, 100]",2003
151.33189794505674,-3.6478372575817377,5275.0703416057695,480.1955163180224,2.898457019905882e-13,2.898457019905882e-13,det2,computed_linefit,144.1782891746845,250.42471608048407,0.0863090817712289,50.62492840115202,50.62492840115202,,,,,27,"(0, 100]",2003
146.6888576592806,9.60553972609583,2873.2752446381783,452.3026377532298,1.2710574864626038e-13,1.2710574864626038e-13,det2,computed_linefit,114.62975374617366,190.21475039041644,0.074236114099211,98.6797530059763,98.6797530059763,,,,,9,"(0, 100]",2003
133.66683303063385,-56.749694370112095,4665.761692786255,503.00978524892713,4.721768995590352e-13,4.721768995590352e-13,det2,computed_linefit,100.4716021024626,175.90310999410116,0.0584744618000018,107.81994313981242,107.81994313981242,,,,,64,"(0, 100]",2003
137.94236584277124,-155.1184933740238,2214.854745871592,392.56546954043847,2.3437142008433856e-13,2.3437142008433856e-13,det2,computed_linefit,42.51778794209934,24.055180873121625,0.2552082358676125,179.27829163546158,179.27829163546158,1.6234398098416123,2.286513306988492,177.69482865832774,0.1832125109299879,45,"(0, 100]",2003
139.26902079844723,146.7564898473452,2463.0479304649007,502.0895294700337,3.595093471822542e-13,3.595093471822542e-13,det2,computed_linefit,141.51755396047116,276.0162384475857,0.0969265135157666,70.35241936120876,70.35241936120876,,,,,9,"(0, 100]",2003
147.22021503201964,-137.77599842142044,7620.637559438266,426.6729230594216,6.12222357532858e-13,6.12222357532858e-13,det2,computed_linefit,32.98637892571574,41.44664552465286,0.2659191024761122,179.53010490190522,179.53010490190522,4.364193784866407,11.642313698030964,175.40547692587884,0.0865266853637762,67,"(0, 100]",2003
158.7551937136347,112.0953965398262,3163.993297699928,502.96827256660015,1.7053025658242404e-13,1.7053025658242404e-13,det2,computed_linefit,51.150280877319545,253.9520176131884,0.0618403871711471,143.76414390010223,143.76414390010223,,,,,46,"(0, 100]",2003
136.47670040169302,-113.042846590104,2991.291002179453,392.63146072677694,4.823324033076558e-13,4.823324033076558e-13,det2,computed_linefit,44.53716796601342,74.5193152567625,0.1769481493133462,174.64933919198972,174.64933919198972,1.3922298647748794,1.551347796428718,175.1307931285818,0.2796437908848312,63,"(0, 100]",2003
155.43511045743142,176.22398072456187,3645.323377869212,487.14805881245314,1.607774677692186e-13,1.607774677692186e-13,det2,computed_linefit,25.392533399475045,353.59692721594274,0.2702653643920172,178.61610300084507,178.61610300084507,1.297391481868574,0.8177353589842542,177.5895407694546,0.1720348979281185,42,"(0, 100]",2003
157.68367116779075,154.51875049819125,1653.4131203812349,502.9292411687271,2.7847474288855413e-13,2.7847474288855413e-13,det2,computed_linefit,17.852648640308086,306.02678663813094,0.148539824063135,169.3789402833465,169.3789402833465,132.63635778046583,32.79591776058382,37.82510350547824,0.0291975993653315,31,"(0, 100]",2003
159.20382764589542,6.111048439586727,4522.290622992382,487.17541954256575,1.7053025658242404e-13,1.7053025658242404e-13,det2,computed_linefit,34.97054802869418,198.16630405999763,0.0502962443837948,164.81108418770523,164.81108418770523,,,,,20,"(0, 100]",2003
153.43103621123944,-101.2081622165746,3762.6080213511927,472.1238986277782,3.639754730461873e-13,3.639754730461873e-13,det2,computed_linefit,27.08004504274396,78.88815446829729,0.2510952860325139,179.48707408941527,179.48707408941527,3.677010975683338,4.113370642724248,175.8216232683811,0.1282472425639986,54,"(0, 100]",2003
153.6050541056625,67.75765190294779,3181.2578303687555,463.819304976005,1.2710574864626038e-13,1.2710574864626038e-13,det2,computed_linefit,126.68323097429916,267.85549126287225,0.0554432185600643,78.44490919428017,78.44490919428017,,,,,16,"(0, 100]",2003
141.24454322024468,95.52926529315616,2726.071246739481,467.8225683666817,2.7847474288855413e-13,2.7847474288855413e-13,det2,computed_linefit,155.4994574594499,308.9731900542388,0.0942285879208294,60.462806132557766,60.462806132557766,,,,,9,"(0, 100]",2003
135.36433051208107,131.38106164666092,3287.520217760109,507.31039345051886,1.1368683772161605e-13,1.1368683772161605e-13,det2,computed_linefit,62.90892725229767,277.42669208450786,0.0752073668368532,147.44886915253588,147.44886915253588,,,,,43,"(0, 100]",2003
150.56805221242973,-57.03802418521347,3046.364948621508,505.3315730693731,4.687428401686771e-13,4.687428401686771e-13,det2,computed_linefit,29.956481143438484,131.0091050320407,0.2280915822956154,175.9819171155818,175.9819171155818,30.46436928697835,22.64851111658211,147.33087228101652,0.0332720515309602,47,"(0, 100]",2003
155.189561961906,-134.12547795740736,1963.0604235198257,460.665840833789,3.595093471822542e-13,3.595093471822542e-13,det2,computed_linefit,22.891474879222805,45.71184132099035,0.2998488820885179,178.0799114132617,178.0799114132617,144.26511403214764,23.56691542134699,34.20779680173296,0.0053938939693333,34,"(0, 100]",2003
149.6809214260611,-58.96235058279312,2571.99970713853,504.3294796411426,2.7847474288855413e-13,2.7847474288855413e-13,det2,computed_linefit,29.426254761436116,121.67359983320402,0.3020480305282335,179.05266482175745,179.05266482175745,129.58727445310188,26.461077326388967,51.08273127993674,0.0116769723286494,51,"(0, 100]",2003
150.24896040501758,59.54051699072935,4207.7990635566,445.9748657676941,3.410605131648481e-13,3.410605131648481e-13,det2,computed_linefit,119.04246110957864,142.9896184372229,0.0887147087959163,61.903114372921785,61.903114372921785,,,,,12,"(0, 100]",2003
147.12485532028123,12.03229726200578,3638.122086633597,450.4086651695422,3.314512409159136e-13,3.314512409159136e-13,det2,computed_linefit,137.09376647679497,308.9731900542388,0.2042340851115502,38.50090865477014,38.50090865477014,33.193322223586094,30.30264342167238,9.57235059896061,0.2458115062774871,6,"(0, 100]",2003
146.0356245523176,156.22379961985772,3676.9111630645807,495.8842468149464,2.273736754432321e-13,2.273736754432321e-13,det2,computed_linefit,34.74187540014115,334.2360006290656,0.1490839892655593,178.63527120834294,178.63527120834294,8.584191715742481,7.666942187532081,170.09635035244378,0.1350365529614075,47,"(0, 100]",2003
157.9532720860662,-60.186055426426414,3610.209553484988,505.4136581563316,3.595093471822542e-13,3.595093471822542e-13,det2,computed_linefit,22.85984613706369,128.72663507696694,0.2260375352241679,176.50357495537693,176.50357495537693,175.81420137086087,40.50333835452812,1.1614465906865483,0.192703719344064,54,"(0, 100]",2003
145.20555228311355,160.64342874091378,2003.3134608187368,490.4060099953529,2.842170943040401e-13,2.842170943040401e-13,det2,computed_linefit,36.72829394694864,325.1669053380261,0.1331482872723619,170.77151128120835,170.77151128120835,17.844648953141245,23.596084662316997,153.3891267620939,0.0663879875201792,14,"(0, 100]",2003
164.86579257278495,-162.51479338343373,2698.677757287995,493.40527155654246,3.314512409159136e-13,3.314512409159136e-13,det2,computed_linefit,17.241237194203446,343.85547477373734,0.1679994248472076,170.53023876971037,170.53023876971037,9.129142134414291,13.44931184936349,161.40746563815495,0.099389570019544,36,"(0, 100]",2003
148.24810629118394,-158.3097487476875,1900.1528426601212,443.0733242396978,3.215549355384372e-13,3.215549355384372e-13,det2,computed_linefit,31.397451359509876,21.43577984092048,0.2996418216026241,179.6213409036478,179.6213409036478,2.2531458361326626,16.64959750000315,177.94033002688985,0.0246136162513897,26,"(0, 100]",2003
145.84573023828935,-135.86134843674674,2730.8932366844947,419.8864240389692,2.542114972925208e-13,2.542114972925208e-13,det2,computed_linefit,32.34886992132628,45.01124123659968,0.2598450838367932,178.13231866958614,178.13231866958614,1.134301908534887,1.891982004842012,178.28952860932216,0.1892735424235584,45,"(0, 100]",2003
147.1891582544432,84.50245404736026,2874.1265634118363,462.7537097706161,1.2710574864626038e-13,1.2710574864626038e-13,det2,computed_linefit,118.00555482483176,218.4072716055678,0.0482544010271396,86.39471322361855,86.39471322361855,,,,,18,"(0, 100]",2003
135.71745307747608,173.01627647731948,2646.4716415959915,455.4397580360063,1.2710574864626038e-13,1.2710574864626038e-13,det2,computed_linefit,48.03686475115745,350.3678768082174,0.1802039949752129,175.78827684725206,175.78827684725206,25.210506495371416,20.788598690035247,150.6249171116023,0.0574043423402531,22,"(0, 100]",2003
137.83089048977604,-158.7143935342607,3198.826140742086,398.1087501812553,5.934627159212227e-13,5.934627159212227e-13,det2,computed_linefit,42.70035455217037,24.64048946308868,0.2928426703132651,177.67500009209314,177.67500009209314,0.9479028101416492,0.842441761625586,177.35427643225495,0.2791953980432038,32,"(0, 100]",2003
153.82853355767654,58.863952771136,2795.7817188934155,459.2717083257423,1.607774677692186e-13,1.607774677692186e-13,det2,computed_linefit,50.31529674589802,192.6799196810764,0.0532161796287577,143.91024895393704,143.91024895393704,,,,,7,"(0, 100]",2003
137.3867490929974,4.167079607864102,5096.174217576883,433.277432202376,2.3437142008433856e-13,2.3437142008433856e-13,det2,computed_linefit,96.52331025552924,196.19849993018715,0.0705657109791215,125.04911382026827,125.04911382026827,,,,,15,"(0, 100]",2003
168.1656623161851,-170.13180267999093,2960.4143018312748,500.1080151680151,2.6048926968973323e-13,2.6048926968973323e-13,det2,computed_linefit,12.43462611567884,8.343672304125217,0.2610097698705821,179.31957598684562,179.31957598684562,1.1167125891328311,0.5822284392409706,178.26875800596753,0.1837894830666078,40,"(0, 100]",2003
159.49371074424712,175.09347151740084,2460.369436071441,493.7668546221488,3.410605131648481e-13,3.410605131648481e-13,det2,computed_linefit,20.441967996922955,348.36926430330954,0.2923554559402255,177.6482848790131,177.6482848790131,174.81066008584375,20.31858415458464,3.166819417745592,0.1044868148745474,47,"(0, 100]",2003
133.51888313438678,175.7138702698931,1891.83395547372,444.0517032383782,2.6048926968973323e-13,2.6048926968973323e-13,det2,computed_linefit,47.16429520984384,358.6347708336094,0.2394678157433272,177.76323116162203,177.76323116162203,6.703492892472132,5.192931021002903,173.36432635539202,0.0962816072047186,45,"(0, 100]",2003
133.21558730734415,-62.90952597177517,3390.1208390017523,496.1807227924986,4.582862941503293e-13,4.582862941503293e-13,det2,computed_linefit,48.86998842072077,116.95442646145392,0.2173678566288335,177.91198933865527,177.91198933865527,60.51977546564209,41.22958263836545,117.40370583597048,0.0312522232044349,28,"(0, 100]",2003
163.59687341044824,138.27646451645558,4031.849046560648,507.4119791619614,2.049518613753201e-13,2.049518613753201e-13,det2,computed_linefit,11.73121270323474,311.5627596249072,0.3168415023069977,175.058862618024,175.058862618024,21.058402780349574,11.925982610613708,158.70945113998974,0.0303476429099391,29,"(0, 100]",2003
135.098136102133,-43.49370679239399,3665.241392739506,2.1268859807002749e-13,507.2692789382656,2.1268859807002749e-13,det1,computed_linefit,47.28769842062191,137.68139771942225,0.2140742374958825,177.46847541449517,177.46847541449517,1.8044350593732623,1.2048838278547167,175.66839137228732,0.2445027729435708,97,"(0, 100]",2004
138.0374334157446,-171.85587411058637,2982.516307403993,2.7408903977723625e-13,426.0959694826042,2.7408903977723625e-13,det1,computed_linefit,42.8845726050226,11.01428352246211,0.215948495672994,177.8556429876479,177.8556429876479,12.647331946764933,12.490747204763098,166.69784359263977,0.0483533806519877,100,"(0, 100]",2004
143.02388106541733,-37.39332820549768,3316.9478551368884,3.639754730461873e-13,505.4175437857427,3.639754730461873e-13,det1,computed_linefit,42.64988468927962,147.07207644311842,0.1485463621767892,173.64954792410464,173.64954792410464,155.0157867863384,44.82770581683787,18.8799646990006,0.084852319911622,314,"(0, 100]",2004
130.4405770008811,-156.18553311674825,3162.37899986461,7.031142602530156e-13,354.6685501975836,7.031142602530156e-13,det1,computed_linefit,50.23876146918352,25.340309570899123,0.2037812671540962,178.6495854050048,178.6495854050048,1.9766411794263767,2.1480459634071245,177.03623807388624,0.2020380904476794,25,"(0, 100]",2004
151.38526743282057,-67.14078897119475,5464.287708735809,3.5040636720219573e-13,499.9846399038365,3.5040636720219573e-13,det1,computed_linefit,31.094140426992045,114.12097238496304,0.2430267639588711,177.44239528906502,177.44239528906502,169.75772459448405,47.31841896624464,7.684803821570843,0.1008928861042753,103,"(0, 100]",2004
139.92583838123812,112.960513313236,1858.499132241924,1.885282921623116e-13,494.0298086178321,1.885282921623116e-13,det1,computed_linefit,59.29217219949377,297.2995824833836,0.0953627519109102,160.50772063806335,160.50772063806335,,,,,72,"(0, 100]",2004
144.07470110291732,-37.551174332121946,6599.028130246535,4.43961293735052e-13,505.5928741725589,4.43961293735052e-13,det1,computed_linefit,38.98110655286911,144.5049386207421,0.2110699610827407,176.69864224596893,176.69864224596893,104.9985640406222,30.813510911861965,71.77780360140257,0.0230306631529672,196,"(0, 100]",2004
151.13367580372906,92.34111251517652,6472.081537835858,1.9462257121179987e-13,480.927206001461,1.9462257121179987e-13,det1,computed_linefit,51.536998261628405,260.7940812901102,0.0831181009490772,156.2177726263463,156.2177726263463,,,,,267,"(0, 100]",2004
157.13559133965416,-37.813539995047,3280.370043920685,1.392373714442771e-13,506.7410526188336,1.392373714442771e-13,det1,computed_linefit,23.612642733641657,143.88395369637328,0.2426914384055375,178.99585922113445,178.99585922113445,14.266666230925402,9.683576110813062,164.7543898358267,0.0480489895578184,182,"(0, 100]",2004
133.15181213214234,-176.77859948815333,4126.231062894042,2.49399488080602e-13,422.5274900158013,2.49399488080602e-13,det1,computed_linefit,54.88244109506763,359.4717187869267,0.1103247787723882,171.4579908002728,171.4579908002728,146.16466730415814,42.29883593656807,25.470635833181664,0.0522900987065913,154,"(0, 100]",2004
140.39989229328432,-172.47664637946832,4561.001905221645,6.102399809601561e-13,435.3904408112076,6.102399809601561e-13,det1,computed_linefit,41.33218371780428,5.094635945014321,0.239272809623345,177.65833013444313,177.65833013444313,131.07378884035668,30.55235057576015,46.85458288806761,0.0318655320121966,120,"(0, 100]",2004
156.17309999340463,-87.45696988096297,2504.06079953856,2.8430589827255737e-13,489.1108169296758,2.8430589827255737e-13,det1,computed_linefit,24.65974001582559,92.0537040153661,0.2599665017306126,179.14327292619154,179.14327292619154,28.4943313353366,22.64529255882724,150.7436183899298,0.0252644613431102,117,"(0, 100]",2004
162.44542087585685,75.12776392421021,3679.3870644033527,2.206117911819664e-13,490.44027554325856,2.206117911819664e-13,det1,computed_linefit,20.95060468984942,247.55445319843477,0.2303660575712147,175.7911888440907,175.7911888440907,3.774135258373933,4.2890758253096015,172.69601966962765,0.1713902737343723,140,"(0, 100]",2004
136.46795900160637,-172.27374564346545,2990.589797181756,1.530555893832145e-13,421.62323572903983,1.530555893832145e-13,det1,computed_linefit,99.41122466152515,343.8470188874072,0.0322510481403891,120.1838287673565,120.1838287673565,,,,,204,"(0, 100]",2004
131.18231628068958,-125.31687468882188,4201.970351579385,3.8553082408300657e-13,341.67253813953204,3.8553082408300657e-13,det1,computed_linefit,55.33092402518421,54.812326854753685,0.1233366792641504,173.48596481272995,173.48596481272995,89.54428219802116,24.95484730286106,83.95191351690625,0.0321366251678376,151,"(0, 100]",2004
134.7054560566767,-52.63983580389745,1957.130074480799,6.868416433914362e-13,505.888105807471,6.868416433914362e-13,det1,computed_linefit,47.552897259183055,127.01945021992546,0.2281196631161798,177.7282040815816,177.7282040815816,166.43669206094617,43.36405984320139,11.332075154965011,0.0864594704448129,132,"(0, 100]",2004
148.37473896161663,120.75796493312856,3562.158792639472,1.797546735911271e-13,503.969037143351,1.797546735911271e-13,det1,computed_linefit,34.03786307616362,295.147367878913,0.22753474278547,176.11961462861242,176.11961462861242,160.96337967721806,15.0030824657096,15.413939512877027,0.0639142435012773,74,"(0, 100]",2004
146.5433241950106,5.124901195956294,5274.322558193367,2.898457019905882e-13,458.26870729346143,2.898457019905882e-13,det1,computed_linefit,34.20832830461521,184.9926065902115,0.2742848150265452,179.2447475435163,179.2447475435163,9.050608008172787,7.520521196054329,170.1993302745303,0.0349085545098325,128,"(0, 100]",2004
133.90326689545088,110.75192750219152,5501.247384092141,4.177121143328313e-13,486.8930096747538,4.177121143328313e-13,det1,computed_linefit,69.09858464015309,280.84756485177746,0.1130561227533013,155.5690695121951,155.5690695121951,45.22453259102444,38.28379268240373,110.59476111198626,0.0845353374940656,108,"(0, 100]",2004
135.85455565406414,12.41576982856669,1642.3980647594983,2.0691316789454162e-13,408.2934866514268,2.0691316789454162e-13,det1,computed_linefit,48.32524792940047,198.89923404974604,0.1394863521174893,173.72730044491516,173.72730044491516,163.28229392347222,121.11939427889936,11.317711587483316,0.0864053253387091,58,"(0, 100]",2004
135.40144179423595,50.59278459247721,2653.3001349979827,1.797546735911271e-13,363.9524762266479,1.797546735911271e-13,det1,computed_linefit,52.83355263049415,231.7295545443832,0.1805470007926836,171.72107158089344,171.72107158089344,59.066098144376426,28.77060351265315,112.66018081465148,0.0464158974667667,88,"(0, 100]",2004
153.32686666285045,4.053198788170097,2193.249362258148,2.6699771962137133e-13,476.4581579201332,2.6699771962137133e-13,det1,computed_linefit,28.74023264509628,183.8214606600421,0.2589103990766923,177.93009814637227,177.93009814637227,150.19609024152695,21.862297061076244,27.73896514800186,0.0343220840514798,144,"(0, 100]",2004
169.35429205504536,137.0248490305113,2484.5432911455573,1.7520318360109786e-13,507.5084787154046,1.7520318360109786e-13,det1,computed_linefit,12.53540626156178,324.561517617544,0.187747855082534,177.58221144066897,177.58221144066897,5.3905930986195,5.528189495984582,173.08078439594033,0.1890327084119881,181,"(0, 100]",2004
139.73946037520366,155.56816903797284,2481.164580734085,1.7053025658242404e-13,492.7632910722868,1.7053025658242404e-13,det1,computed_linefit,64.29912279500982,331.45968801518296,0.1054324264615022,155.75179011589108,155.75179011589108,53.48915796574957,42.223055311405375,102.27432879927952,0.0889086366217112,114,"(0, 100]",2004
131.84326123076883,-25.751113914602737,7074.19871484229,3.06111178766429e-13,490.1561798544943,3.06111178766429e-13,det1,computed_linefit,78.04015554324342,158.74058051161882,0.0724290025620464,149.860174735242,149.860174735242,,,,,103,"(0, 100]",2004
146.71639915921955,-91.94363939490444,2281.696275481237,3.94847006346305e-13,466.54971788825486,3.94847006346305e-13,det1,computed_linefit,37.81655784903708,92.47779931471248,0.167117558504283,174.79132833008373,174.79132833008373,15.043960050797857,10.625157417988587,159.95136012860283,0.1021745030635649,172,"(0, 100]",2004
154.38255103671293,-72.12186379725587,3384.4372867538204,2.4777471841961613e-13,498.3238237707477,2.4777471841961613e-13,det1,computed_linefit,26.37937777398125,109.92275911019529,0.2604850148549534,178.82374552409942,178.82374552409942,168.12526542687763,26.03973166792165,10.938230806386182,0.0578510944041979,153,"(0, 100]",2004
143.4007585917337,160.1790165929037,3359.0052468401545,2.666192676669783e-13,489.4166288364836,2.666192676669783e-13,det1,computed_linefit,43.93736763679067,337.4562042544798,0.1977355554885232,172.4552547466215,172.4552547466215,95.38581381336904,39.81789862897812,77.08626528404903,0.043877610398692,40,"(0, 100]",2004
153.9819701630449,-61.980893691757686,7613.626902724805,3.639754730461873e-13,503.8702476090254,3.639754730461873e-13,det1,computed_linefit,28.33485690416516,124.8523350633627,0.2233343116338513,176.11638144235116,176.11638144235116,1.846557052516956,1.6959535113913895,175.6249701141088,0.2424524365622995,161,"(0, 100]",2004
144.27729511223802,-88.53424821022627,3467.4663947122176,3.6680800971965673e-13,466.5105078777798,3.6680800971965673e-13,det1,computed_linefit,38.60372543097476,92.1245587205111,0.2254506553330523,177.0916574492746,177.0916574492746,61.55825155799593,14.390562441100217,115.53419661685568,0.0256335485666598,218,"(0, 100]",2004
137.71658848371274,-70.32234017144249,1891.331531189065,3.8553082408300657e-13,487.8609869550238,3.8553082408300657e-13,det1,computed_linefit,43.08239481255714,108.3516856265384,0.1620933051792218,178.7973474293434,178.7973474293434,133.27022897968962,36.705787318728326,45.96118757424473,0.0274776986468941,102,"(0, 100]",2004
165.37573609399593,-102.66795640764518,3407.1991029059977,2.4777471841961613e-13,496.1141068196651,2.4777471841961613e-13,det1,computed_linefit,13.10580691551835,75.50103057832796,0.2379233714029934,178.41960309521252,178.41960309521252,173.64511304711766,18.509210718778352,7.728315996036774,0.0376338898383984,116,"(0, 100]",2004
134.35191291416882,156.18205441873812,4832.212372012277,3.639754730461873e-13,488.3928917748982,3.639754730461873e-13,det1,computed_linefit,50.49164084959945,332.73110730792894,0.1849163317610935,174.5193918314624,174.5193918314624,105.65543141692416,63.94166456269653,69.06213024095132,0.0334379796641544,112,"(0, 100]",2004
141.30997178653084,-37.64330210139821,3497.550951419384,3.979039320256561e-13,505.3749731566506,3.979039320256561e-13,det1,computed_linefit,42.47804422620273,143.34617548369866,0.2416975732544145,176.15777890867,176.15777890867,143.65144130838007,62.67424845772185,32.51235952503203,0.0407875923150663,100,"(0, 100]",2004
145.73269906558727,34.47407810516872,2366.870305562696,2.411662016538279e-13,422.12733155230205,2.411662016538279e-13,det1,computed_linefit,35.506341575594654,214.84024989190848,0.2694411395230353,178.74338860348396,178.74338860348396,175.08365306092313,145.90402441483266,3.668715727589528,0.1558610795926812,116,"(0, 100]",2004
152.3650997749558,68.12968560936801,4364.538566545172,3.5040636720219573e-13,460.031281993024,3.5040636720219573e-13,det1,computed_linefit,32.71450799550424,246.8046869923077,0.195838508289009,174.87720004094274,174.87720004094274,149.92700624529903,31.98649149974886,24.950364038112937,0.068526592622224,185,"(0, 100]",2004
130.25645600195585,0.3697577577149546,1868.70349923652,6.355287432313019e-14,422.68696079284376,6.355287432313019e-14,det1,computed_linefit,61.11401208841049,184.3101468006497,0.1447927547110851,168.1792689464854,168.1792689464854,32.46750255333088,46.387871256891344,135.73427629919735,0.0625574788388556,92,"(0, 100]",2004
130.34347757167663,135.99111958178477,5163.725093232744,1.797546735911271e-13,507.32644156094767,1.797546735911271e-13,det1,computed_linefit,59.22836436724668,313.63501207761345,0.1401813835667845,170.23924665105318,170.23924665105318,149.38015275800385,65.68454766956482,20.861266650764584,0.0659690703991596,78,"(0, 100]",2004
135.3840563339683,-75.11401308287049,4052.079206106791,4.177121143328313e-13,477.2364650320384,4.177121143328313e-13,det1,computed_linefit,49.28036501240144,107.3099501676684,0.172093114946809,175.0112364759653,175.0112364759653,158.2933733269729,49.67184375476359,16.732622872489422,0.0774656236604677,153,"(0, 100]",2004
155.0178496919814,-172.70736909596815,4243.951476503337,3.168096442551581e-13,477.3657175553292,3.168096442551581e-13,det1,computed_linefit,26.0138249423738,6.049978974617107,0.2319528787456618,178.8379370538436,178.8379370538436,13.318462074616583,10.612559545408317,165.58065297981938,0.0963996239572198,228,"(0, 100]",2004
141.9869087305953,-107.88573855064963,4372.751816283463,4.059432074281432e-13,426.2900883303359,4.059432074281432e-13,det1,computed_linefit,44.71024087151836,71.33616306120821,0.1299789662989534,173.28325084798053,173.28325084798053,158.55714676323086,41.415900247349065,14.803365458482403,0.0793426610367483,205,"(0, 100]",2004
169.32948820722143,-52.66050314957179,3293.549387316146,2.3437142008433856e-13,507.42126639923646,2.3437142008433856e-13,det1,computed_linefit,9.35456690270149,122.60805411817358,0.2213747417721983,178.44914200997636,178.44914200997636,179.62125015952316,72.9104001488546,1.1722108154211832,0.1489264624860586,167,"(0, 100]",2004
132.3727088286375,31.432567498577612,1619.5158746296277,2.411662016538279e-13,351.5679719074004,2.411662016538279e-13,det1,computed_linefit,52.542801004752135,211.22487448146725,0.2212366178378297,175.08191448258515,175.08191448258515,16.01878999496584,19.47842944319178,159.0631262600147,0.0858414117096269,71,"(0, 100]",2004
139.6856364438763,-107.45772460408912,2474.849238556289,3.8553082408300657e-13,417.780040887382,3.8553082408300657e-13,det1,computed_linefit,41.09294335906716,71.46373756211796,0.226482368272068,178.9507803496184,178.9507803496184,104.66442046876048,33.71122364579067,74.65560877355959,0.0225766540091299,95,"(0, 100]",2004
135.87265937104587,-154.5283705048191,2655.5891018562334,4.3290658060549894e-13,380.820808734166,4.3290658060549894e-13,det1,computed_linefit,45.35282505888155,22.99533191725727,0.2406510864336081,177.86943398939002,177.86943398939002,171.4968387127104,54.131284469789854,7.005955635002756,0.1197115026652106,95,"(0, 100]",2004
133.1333641301495,-157.0064594019552,3257.4669810172663,9.79621742067939e-13,371.0670757851559,9.79621742067939e-13,det1,computed_linefit,51.3397022796489,15.898077147174364,0.1504119520759807,173.02067542597422,173.02067542597422,7.813665076402553,10.56349962301351,167.0940205466349,0.120524637506256,160,"(0, 100]",2004
141.03494662830374,-46.389447893472365,1630.9255366408022,3.5040636720219573e-13,507.5351891748567,3.5040636720219573e-13,det1,computed_linefit,40.47363926128725,135.7823664833062,0.2242645399690707,177.9503108548447,177.9503108548447,161.32133147796665,38.98952048005604,16.993816316887106,0.0449261254497541,59,"(0, 100]",2004
133.59133914513458,-101.2557322128357,2350.932602948239,4.366225850770097e-13,408.1835098086841,4.366225850770097e-13,det1,computed_linefit,46.61871767556608,77.46652568103022,0.2567597567960062,179.04945914998666,179.04945914998666,13.41441571370336,10.96372296362134,166.44128397864262,0.0663929516794729,44,"(0, 100]",2004
149.8173369314552,-125.98357858846248,2572.389555987173,4.0194366942304643e-13,440.93395570215216,4.0194366942304643e-13,det1,computed_linefit,33.34333330777864,54.19811083020208,0.1656909168488266,176.8378862490702,176.8378862490702,134.13622231605177,25.997606503577213,42.70891041773224,0.0236703439974631,176,"(0, 100]",2004
147.49172359102946,-69.86172464218589,3249.916135511649,4.922784477141924e-13,495.5095344495792,4.922784477141924e-13,det1,computed_linefit,33.36008158134757,112.66894516247618,0.2249817598775883,178.3819553046419,178.3819553046419,173.4366336656624,33.14953029076596,5.3885351777562285,0.1221812950514801,115,"(0, 100]",2004
148.52431744736467,134.64972760185526,2902.543955940578,507.5222749415811,2.273736754432321e-13,2.273736754432321e-13,det2,computed_linefit,37.45816135220991,307.7654010415827,0.1598552570223357,172.86871605453388,172.86871605453388,149.0463237192987,49.02031437008775,24.262522281935706,0.0502351601037939,16,"(0, 100]",2004
158.633059544238,121.70002440896543,2421.24841776391,506.0593065461716,3.06111178766429e-13,3.06111178766429e-13,det2,computed_linefit,26.568562655390352,303.8939270342548,0.2557906712627896,174.72342721126816,174.72342721126816,19.198132593959443,20.46338378692275,156.24733733412415,0.0681592582114513,17,"(0, 100]",2004
133.66934163600192,40.35036579101096,1999.2041254884705,351.31682975112363,2.049518613753201e-13,2.049518613753201e-13,det2,computed_linefit,92.28119397037848,309.0456554631465,0.0989594295329758,89.36816472916043,89.36816472916043,,,,,5,"(0, 100]",2004
137.21634154721897,-138.30112000545907,2759.1028064252228,372.5745727218067,4.687428401686771e-13,4.687428401686771e-13,det2,computed_linefit,42.40451968873638,40.82770333064511,0.2470727192434678,179.29901528467886,179.29901528467886,170.49684167977523,26.101409730229864,9.876103221299076,0.031315738516212,74,"(0, 100]",2004
133.14310849719266,160.2722504149557,3131.4752228941607,479.9796149015971,1.2710574864626038e-13,1.2710574864626038e-13,det2,computed_linefit,52.18156946511377,322.9666631169968,0.1173546175896535,165.83444061047138,165.83444061047138,7.948210370807333,3.3424956930872995,158.5365661704712,0.1576161428932267,18,"(0, 100]",2004
133.68722548702945,65.31430677964639,3863.434268078692,375.5548030669492,4.687428401686771e-13,4.687428401686771e-13,det2,computed_linefit,150.16963850369805,129.16124307943016,0.0280398527014906,40.73381338810329,40.73381338810329,,,,,9,"(0, 100]",2004
139.95885849542992,177.7404738370399,1771.9386725216625,454.1666659476185,2.6048926968973323e-13,2.6048926968973323e-13,det2,computed_linefit,38.69344705504045,357.086628693174,0.2772511792731235,178.58995233582817,178.58995233582817,177.51230053320688,29.7838808393756,3.27749864180263,0.1096545428785941,66,"(0, 100]",2004
131.214259452639,-135.93147867138285,6903.292017574123,334.2498466177782,3.410605131648481e-13,3.410605131648481e-13,det2,computed_linefit,48.446053722884514,45.34022604301131,0.2690373715526736,178.9871969399906,178.9871969399906,1.3160635646129286,1.2484989788201888,179.34673901877073,0.2525225953345829,98,"(0, 100]",2004
131.79747275468122,35.63603406428,2506.337047806036,342.71242070630205,1.2710574864626038e-13,1.2710574864626038e-13,det2,computed_linefit,160.55525394398893,236.59495440423757,0.0792108683237007,66.62624066028627,66.62624066028627,,,,,13,"(0, 100]",2004
167.34954027583044,-29.80409258232546,1797.1909266662833,506.5842762972977,2.898457019905882e-13,2.898457019905882e-13,det2,computed_linefit,11.76182981591064,142.21852015843209,0.2569950907484059,178.09569540950537,178.09569540950537,8.447528064514096,10.09950441434534,173.4261306827756,0.1362193640119103,40,"(0, 100]",2004
136.47529434452278,53.39527100048055,2583.465211882013,372.68670789876535,2.6048926968973323e-13,2.6048926968973323e-13,det2,computed_linefit,141.07464667701575,280.6287466094098,0.0538106329667485,74.31907552658963,74.31907552658963,,,,,13,"(0, 100]",2004
136.03886904730007,91.25371893672116,2596.877119416549,448.1257347006245,2.542114972925208e-13,2.542114972925208e-13,det2,computed_linefit,151.35595735831652,267.2175441368407,0.0533243555382297,72.55561370750466,72.55561370750466,,,,,11,"(0, 100]",2004
137.39924314744917,-0.6240581988858762,5462.626014725148,444.4804062126883,4.617981178760124e-13,4.617981178760124e-13,det2,computed_linefit,96.8611283109929,172.41404462009365,0.0927328434307889,125.39062538085108,125.39062538085108,,,,,11,"(0, 100]",2004
162.9135693032043,23.83249261709705,1700.2074007495069,487.87010494321146,1.1368683772161605e-13,1.1368683772161605e-13,det2,computed_linefit,0.0,0.0,0.31062378364692,162.91356930320433,162.91356930320433,17.086430696795695,17.086430696795695,180.0,0.0702082049509655,6,"(0, 100]",2004
147.99651917676584,-171.53298372595813,3489.2110244390497,457.6207011037211,3.8131724593878125e-13,3.8131724593878125e-13,det2,computed_linefit,32.17664350949581,4.333944536073986,0.2280647328390434,177.7978291264139,177.7978291264139,174.18079548884708,29.583127031692328,4.685606240601516,0.1417411089494854,85,"(0, 100]",2004
133.84428718665558,-29.11390608224799,3365.9153757159424,496.1013040356699,3.06111178766429e-13,3.06111178766429e-13,det2,computed_linefit,83.46696649815036,144.18769384633725,0.0532577888518803,142.22882503455557,142.22882503455557,,,,,17,"(0, 100]",2004
165.44106007875956,-119.84152586764256,1899.5935542010748,492.49508907245536,3.410605131648481e-13,3.410605131648481e-13,det2,computed_linefit,56.26390484024099,141.1800884380464,0.0283399372490316,124.76133460529245,124.76133460529245,,,,,49,"(0, 100]",2004
132.29869108431382,-61.92745404198458,2127.292358284651,497.1461983918401,2.3437142008433856e-13,2.3437142008433856e-13,det2,computed_linefit,40.78775259793464,116.41535360566029,0.1261719892588787,172.99090655528494,172.99090655528494,176.14260536339853,61.16360883980768,6.9378218028376,0.0266987081553932,30,"(0, 100]",2004
168.49128485353128,-126.48916549351068,3722.822440380451,497.5822133989453,1.7053025658242404e-13,1.7053025658242404e-13,det2,computed_linefit,11.125001311492833,53.74008067910552,0.3463603887737469,179.61365886226338,179.61365886226338,179.74386695397624,13.867764235587757,0.6405110529875762,0.2817525852211539,66,"(0, 100]",2004
154.42082618453873,43.59672956331536,5064.050851445444,457.8849342181789,2.898457019905882e-13,2.898457019905882e-13,det2,computed_linefit,109.05889422644476,206.10805700648,0.0275862698677784,95.43356177887996,95.43356177887996,,,,,19,"(0, 100]",2004
137.80047811494296,-0.4898246862260459,2097.333997289539,445.20284913421966,1.797546735911271e-13,1.797546735911271e-13,det2,computed_linefit,90.17152629843268,309.0087314748625,0.05827073851089,64.56634385380434,64.56634385380434,,,,,5,"(0, 100]",2004
151.27057411425344,-15.97326662811586,3489.2814622003984,492.5398471616221,2.3437142008433856e-13,2.3437142008433856e-13,det2,computed_linefit,154.44680756831275,273.0360722171908,0.1630291605159927,30.833503088519254,30.833503088519254,28.002362993828264,30.00882736216322,5.650830096755199,0.1868739281554157,16,"(0, 100]",2004
130.30925842805073,-17.56884252351868,3140.319402910736,472.5976665525879,4.98798976161204e-13,4.98798976161204e-13,det2,computed_linefit,94.97274377294076,176.13218634299952,0.08994426818484,133.00018832713607,133.00018832713607,,,,,17,"(0, 100]",2004
137.4573569608891,-113.0658151817014,2970.849068480423,397.2985636283518,5.684341886080801e-13,5.684341886080801e-13,det2,computed_linefit,42.97724893108498,69.23495370150393,0.2944743863469914,178.378681241608,178.378681241608,4.617077448950999,8.035735420203347,174.8965419148052,0.1011749574584366,69,"(0, 100]",2004
147.57679076408772,-105.50440219844216,2058.9175125965703,450.2286254138484,3.639754730461873e-13,3.639754730461873e-13,det2,computed_linefit,32.620195766486624,72.74747378228852,0.2616200497851968,179.0397821975469,179.0397821975469,172.56822379235422,52.10785571346816,7.375500410183063,0.054431761273901,39,"(0, 100]",2004
139.47299308116274,-64.63012296591536,2357.247500749882,496.6277620257189,4.291584011338472e-13,4.291584011338472e-13,det2,computed_linefit,40.13213412463176,118.49266212492206,0.2573449892003947,177.94093405313245,177.94093405313245,147.60389547755378,38.24728588520177,30.95259636848505,0.0187707241888149,42,"(0, 100]",2004
141.24107892131732,64.62356764151957,3204.7463764536524,411.6297959165624,2.6048926968973323e-13,2.6048926968973323e-13,det2,computed_linefit,79.80722173130481,193.9393608438058,0.1072461407686246,121.89673376223143,121.89673376223143,107.0840831571417,106.558041520024,15.057425390197004,0.1140525951679992,7,"(0, 100]",2004
156.9044451503039,71.21749892084122,3314.678117987232,475.82049643732006,2.6048926968973323e-13,2.6048926968973323e-13,det2,computed_linefit,103.43494834342462,229.98795066257964,0.0412147824965089,98.15895465365767,98.15895465365767,,,,,19,"(0, 100]",2004
137.734210087858,72.30476035037117,8725.659626397694,409.4231895853917,2.542114972925208e-13,2.542114972925208e-13,det2,computed_linefit,159.15828912847977,195.42904066259868,0.0572979454820573,55.88558637982343,55.88558637982343,,,,,26,"(0, 100]",2004
132.5579877533115,-67.82920370585337,1942.120376532592,488.3567756368283,4.582862941503293e-13,4.582862941503293e-13,det2,computed_linefit,48.26844211202426,116.84300315511877,0.1427845737082968,176.4390923514728,176.4390923514728,26.07907316425137,7.720510839515218,150.78287340331573,0.0384365295442377,28,"(0, 100]",2004
136.0076515681642,-73.5458479889146,4931.867937442321,480.8794963589352,4.43961293735052e-13,4.43961293735052e-13,det2,computed_linefit,43.10617435449091,105.8445541736574,0.2441317203906893,179.01934307818212,179.01934307818212,6.385256533306858,7.062215901087709,174.57129053235158,0.0539442871857657,69,"(0, 100]",2004
139.1217836455892,47.93015000153444,4730.966504363624,384.6161215854016,6.042538309847401e-13,6.042538309847401e-13,det2,computed_linefit,115.1398251985982,162.64797506645735,0.046761433730201,85.78626455641799,85.78626455641799,,,,,18,"(0, 100]",2004
139.1512833005777,46.62961693393502,1708.4766866898433,384.3969534710079,4.582862941503293e-13,4.582862941503293e-13,det2,computed_linefit,149.3777674313955,189.21151543664143,0.1147913486229321,67.27285578551853,67.27285578551853,66.04144825700419,63.64341974162194,1.3660201269103147,0.1279152440065684,6,"(0, 100]",2004
150.84020144473013,-54.13588203041863,3840.002273299981,506.3623753601518,4.2537719614005497e-13,4.2537719614005497e-13,det2,computed_linefit,28.80963603020894,134.5594682670858,0.2212602859540517,175.77506919395006,175.77506919395006,11.79825973750305,9.036554335645148,164.87976464428127,0.0711835052492865,43,"(0, 100]",2004
131.0266209200515,126.25576587167458,1737.6629770234108,505.02626644056016,3.215549355384372e-13,3.215549355384372e-13,det2,computed_linefit,69.30963159607364,289.930583368525,0.1357624962300321,155.39706243087008,155.39706243087008,17.557639298854287,7.403217468959652,137.8984924948903,0.1577088589656647,18,"(0, 100]",2004
142.34355891742857,165.10735883772932,4943.432958496113,481.2967380835431,1.797546735911271e-13,1.797546735911271e-13,det2,computed_linefit,41.46104162616432,337.2054969688414,0.1858339371936609,173.697106805671,173.697106805671,5.379495549819162,6.138714483377928,168.39051666448952,0.1731554166459556,33,"(0, 100]",2004
166.2513375129594,90.93864809212027,1817.658517120689,500.88327987959394,3.6838745804788353e-13,3.6838745804788353e-13,det2,computed_linefit,49.05291686186687,308.9731900542388,0.0894113917679033,141.07542207947694,141.07542207947694,,,,,6,"(0, 100]",2004
149.0965864698821,-101.3731160148299,2244.702023748989,460.0889548586017,3.639754730461873e-13,3.639754730461873e-13,det2,computed_linefit,30.29262644047796,81.27305393085851,0.2773467902873758,178.52118914852696,178.52118914852696,178.47550002496712,29.04782334320146,0.8328499913820298,0.2227099708434773,51,"(0, 100]",2004
140.41474169937587,135.38187195214667,1947.270437957353,507.460287407956,3.410605131648481e-13,3.410605131648481e-13,det2,computed_linefit,44.6286581405388,313.4003162367278,0.2114052346878948,174.78503978129868,174.78503978129868,16.05455034921124,9.612278333080766,158.8845740882999,0.1597759338795655,13,"(0, 100]",2004
141.95936081550076,-1.6559513648612816,1886.671380977349,457.8344681679411,1.797546735911271e-13,1.797546735911271e-13,det2,computed_linefit,119.28258245221738,229.0284477252193,0.0321259886126466,87.4395014571167,87.4395014571167,,,,,20,"(0, 100]",2004
151.95653465800413,-9.029095219992069,5075.982971010702,486.72866484470353,3.314512409159136e-13,3.314512409159136e-13,det2,computed_linefit,108.97020878277746,201.51404306189767,0.037257759563501,95.50925521121722,95.50925521121722,,,,,11,"(0, 100]",2004
162.79999344987678,-21.186925596828434,2115.352048744444,503.5928240282568,3.314512409159136e-13,3.314512409159136e-13,det2,computed_linefit,10.20861878016608,150.70146676177853,0.1795712507470766,172.76598061143136,172.76598061143136,21.42452985455131,14.856550542449902,159.47279167135827,0.0596588253438941,23,"(0, 100]",2004
152.38293251462974,178.2516456040081,4362.643474020852,480.0293493186629,2.6048926968973323e-13,2.6048926968973323e-13,det2,computed_linefit,28.44225977753272,355.6778234860032,0.2626136476013181,178.53597176834742,178.53597176834742,176.07634862728335,22.495876610234276,2.5549422666322608,0.1285550447201807,52,"(0, 100]",2004
150.46185139428565,-63.96191636579798,3784.345551021217,501.70863918849295,4.43961293735052e-13,4.43961293735052e-13,det2,computed_linefit,29.11406681351978,117.4908625753719,0.2198800979778339,179.17169322553968,179.17169322553968,2.032391740227338,2.1523805301010697,177.64657058190025,0.1162674893297882,82,"(0, 100]",2004
135.68701522931644,-164.9716549015673,2634.394267046749,401.24371062007725,3.06111178766429e-13,3.06111178766429e-13,det2,computed_linefit,43.36488774501871,15.76524715750168,0.2279111024489925,178.92325857707925,178.92325857707925,0.9984823390939868,3.424800758677992,179.5631368465037,0.1585055452047702,42,"(0, 100]",2004
131.4414058725966,-72.8638021784928,3831.0609267452055,477.8142043272273,5.481780795544725e-13,5.481780795544725e-13,det2,computed_linefit,52.23454010592775,107.87522419428312,0.2141174410484563,176.28026139914738,176.28026139914738,7.130976862775393,5.082723231363716,169.15076160578107,0.1460726884803942,48,"(0, 100]",2004
163.9114006109136,-174.70525975547324,4852.311355929022,495.42904675485926,3.410605131648481e-13,3.410605131648481e-13,det2,computed_linefit,15.688377404246088,12.08568977342303,0.2649824131322342,178.09940273475925,178.09940273475925,12.387649136121224,7.743245179516415,166.30362206319708,0.0305024192192206,57,"(0, 100]",2004
152.1349571372242,14.225545912758143,2907.865141403064,463.83520885013314,2.049518613753201e-13,2.049518613753201e-13,det2,computed_linefit,69.6983387112576,278.6817392588732,0.0568304564330203,110.43111321592392,110.43111321592392,,,,,18,"(0, 100]",2004
137.42657981317276,8.49340567308321,1706.7115464301814,2.360884497795176e-13,423.37667583969153,2.360884497795176e-13,det1,computed_linefit,42.34649569326495,188.42692661609027,0.2640649673679789,179.76868035416103,179.76868035416103,171.42484060046564,58.59785035059383,8.80279884321604,0.0760160886607902,67,"(0, 100]",2005
142.08227156704217,-52.04935085082474,1827.2353617413885,4.617981178760124e-13,506.5154266898364,4.617981178760124e-13,det1,computed_linefit,40.182712745986535,128.18104977687992,0.2527969048112624,177.73037272340866,177.73037272340866,154.35060159407013,28.82861019617636,23.509154808208702,0.0508905946921597,89,"(0, 100]",2005
166.32031072935953,121.95399803411192,4749.933082243035,1.392373714442771e-13,506.9443562828389,1.392373714442771e-13,det1,computed_linefit,15.91290585448484,282.3928590378358,0.1607052879337016,174.5613087102732,174.5613087102732,11.119559467942691,9.888224963911329,164.67124497704344,0.1341733190274702,151,"(0, 100]",2005
144.8542883667919,-147.79199047358532,3608.878886644217,3.5040636720219573e-13,419.0541282946202,3.5040636720219573e-13,det1,computed_linefit,36.8048997777554,32.67618569162381,0.2194344429374951,178.31818320937643,178.31818320937643,14.00654346463297,14.488663759643009,164.3478460248271,0.0532793028466099,94,"(0, 100]",2005
161.03252630852043,-12.566675118460754,2318.8720618205843,3.26540580689313e-13,499.3005706775802,3.26540580689313e-13,det1,computed_linefit,25.44136698247045,173.88471501602126,0.1484064502224208,173.09132279663916,173.09132279663916,54.22673925589218,28.398410491357296,119.04575178172144,0.0367579560061083,115,"(0, 100]",2005
135.75351292369533,76.3392290917737,2983.241506049348,2.4777471841961613e-13,410.4501139102844,2.4777471841961613e-13,det1,computed_linefit,58.613612804547046,254.44963084726768,0.1541006633299288,165.55827265494136,165.55827265494136,126.26138318019224,81.69675446594992,39.29841240881008,0.0649039193267205,139,"(0, 100]",2005
136.12218670034306,-102.51668065221436,2214.6594402642227,4.1088788676691373e-13,414.4018985047877,4.1088788676691373e-13,det1,computed_linefit,51.82439537196515,76.9297665252362,0.1634048080437728,172.04288592749677,172.04288592749677,81.72598165065982,39.21279056626395,90.46605055085963,0.041046851967195,105,"(0, 100]",2005
137.28794775382394,77.41727061590299,5337.982411147214,9.845568954283849e-14,418.81525390735214,9.845568954283849e-14,det1,computed_linefit,49.77138364615932,257.58965535366843,0.1387464293698813,172.93957591603132,172.93957591603132,24.40764293265312,25.19852015521353,148.56089144182462,0.0769809038726797,125,"(0, 100]",2005
131.19423783155986,-142.80847790512834,2664.396533699658,1.392373714442771e-13,337.03074645499464,1.392373714442771e-13,det1,computed_linefit,54.0824001666531,31.916793119442826,0.1477809124987237,173.30540703912848,173.30540703912848,149.5589085709653,48.35040312365594,24.15440221001853,0.0680639127450098,122,"(0, 100]",2005
140.1425933706085,115.88200052937611,6794.099113007696,1.797546735911271e-13,497.5585565763394,1.797546735911271e-13,det1,computed_linefit,44.378410427583866,296.3612824654009,0.1711264620827613,175.4676115896226,175.4676115896226,131.47538170381134,30.50664572844182,44.10411367039351,0.0402192836953838,100,"(0, 100]",2005
156.99025552101938,-89.39541591298912,1997.31246494082,2.815623652605064e-13,488.9487091674326,2.815623652605064e-13,det1,computed_linefit,23.659151765867644,93.5758594985464,0.2126723419459376,178.65599719248266,178.65599719248266,40.38536196199416,8.105134226777617,138.60319840601662,0.0220015652489418,134,"(0, 100]",2005
146.95350994010658,109.11769263784392,3933.224239505318,4.0194366942304643e-13,494.19879185251045,4.0194366942304643e-13,det1,computed_linefit,51.8047539912596,288.1847811177745,0.0905979132099431,161.23161690001842,161.23161690001842,,,,,201,"(0, 100]",2005
158.41394783174394,-118.32717631872616,2910.6006704273277,2.953670686285155e-13,475.318694510705,2.953670686285155e-13,det1,computed_linefit,21.628794395366224,61.27367769001054,0.3527145151104469,179.846928260097,179.846928260097,179.31351655548573,29.366128491164027,0.614009506479147,0.2864433013621253,115,"(0, 100]",2005
134.76209149842109,-5.339227194886539,2789.4964320170434,9.099386826154684e-14,449.64275290970994,9.099386826154684e-14,det1,computed_linefit,48.826326578324704,173.47951808710866,0.2123507571226431,176.3090676951646,176.3090676951646,134.6302143879869,38.97389249025994,41.7078457084775,0.0340099476004693,98,"(0, 100]",2005
132.4726716699217,-98.16102389113615,5154.85236376846,4.338385657113618e-13,412.8848620795854,4.338385657113618e-13,det1,computed_linefit,48.70818228464135,82.37699554511008,0.1907499715242282,178.75306423592676,178.75306423592676,109.1649883718922,16.6386845264101,69.61386730000713,0.0128297427506354,101,"(0, 100]",2005
142.1827401741203,162.05005176131755,5836.150613855624,3.06111178766429e-13,485.7074039066748,3.06111178766429e-13,det1,computed_linefit,39.34666379395912,342.0280219960213,0.2130998152549071,178.47053434823718,178.47053434823718,49.6748483083081,30.42205964704656,128.88835769059278,0.0202000106327688,77,"(0, 100]",2005
135.35817797228083,-93.01687749894708,7227.804622523377,4.366225850770097e-13,435.654568011318,4.366225850770097e-13,det1,computed_linefit,55.47951423363536,92.31898313092292,0.0888882894330209,168.42274778142755,168.42274778142755,,,,,237,"(0, 100]",2005
130.6664227914673,9.229334251517054,1746.8901602812075,3.06111178766429e-13,396.6092776209675,3.06111178766429e-13,det1,computed_linefit,54.7473813782024,185.4785536060264,0.1938973251856962,173.83272851241972,173.83272851241972,163.6737302501769,49.89164004289999,10.423078099103323,0.0896073573479335,55,"(0, 100]",2005
137.51423241371157,-84.43280059337775,1974.395251380805,3.981576164199481e-13,460.9085041123244,3.981576164199481e-13,det1,computed_linefit,79.73784067947271,105.24390343709187,0.0677462626678998,141.86185628743527,141.86185628743527,,,,,357,"(0, 100]",2005
147.15075862589455,-134.4680701934672,2606.783258988697,1.2710574864626038e-13,426.3456849503761,1.2710574864626038e-13,det1,computed_linefit,33.27292754373032,46.27388894136287,0.2506875145541288,179.4140516374837,179.4140516374837,30.445659238133217,8.17000665044394,149.22263147908276,0.0313800270123931,93,"(0, 100]",2005
141.30949805536537,60.2082464240769,2218.450726925102,2.4777471841961613e-13,406.23255883835833,2.4777471841961613e-13,det1,computed_linefit,52.03425110797453,238.01352349794757,0.1359081988969235,166.56679713887124,166.56679713887124,158.9860009761639,91.33479562666876,7.592249099176411,0.1109350189846782,142,"(0, 100]",2005
141.4915012991431,-74.00691677151484,2970.894451044834,4.922784477141924e-13,485.541711398271,4.922784477141924e-13,det1,computed_linefit,40.52619234697733,106.38778194816824,0.1937886891333484,177.96674416594084,177.96674416594084,69.08942563492937,20.1152605910147,108.87821232685698,0.0267230402770744,239,"(0, 100]",2005
138.69053792913417,140.74042813255542,5012.751428519819,2.1268859807002749e-13,505.9278501380815,2.1268859807002749e-13,det1,computed_linefit,57.17998556719585,313.74617351850486,0.1112666522933646,163.28631723911704,163.28631723911704,95.82680362377326,33.93724744542295,67.6787793511773,0.0455961903865449,152,"(0, 100]",2005
154.67197511564126,142.9342396243418,4670.528219145222,2.1268859807002749e-13,506.3638408532086,2.1268859807002749e-13,det1,computed_linefit,28.0520835494048,321.88477323701363,0.2491506429368136,177.2355555206138,177.2355555206138,25.39720104888726,15.677831765352463,151.8478146191542,0.0438103980507138,109,"(0, 100]",2005
153.16508720697476,-109.10516631145494,5257.147981320895,4.177121143328313e-13,464.6305965047872,4.177121143328313e-13,det1,computed_linefit,27.171378358327456,70.11047787096618,0.2471001135523483,179.51007101805115,179.51007101805115,14.405218113869037,16.48070727069526,165.24829428967462,0.0320062757601875,183,"(0, 100]",2005
142.86717117013924,43.38857762926008,3975.164575952519,3.5040636720219573e-13,404.7621712179874,3.5040636720219573e-13,det1,computed_linefit,41.27010737513007,222.99042486394424,0.2099062354697075,175.85509339892684,175.85509339892684,165.53748679233323,46.141219881078506,10.3240534633664,0.1127978352962318,222,"(0, 100]",2005
146.82104358894074,-33.93295389861116,4387.822910787898,3.4576501834057014e-13,504.1395901708302,3.4576501834057014e-13,det1,computed_linefit,38.422529680571344,151.80903171275344,0.1737478177360717,173.77765217055364,173.77765217055364,154.07432897150062,37.86112132910059,19.92213963705842,0.0775061212973037,232,"(0, 100]",2005
152.07946123527117,173.1282368572714,2671.9808341789194,1.6140428288623168e-13,484.6605625376336,1.6140428288623168e-13,det1,computed_linefit,68.02636870834971,330.42221909683053,0.0277325508942119,136.98724536037602,136.98724536037602,,,,,214,"(0, 100]",2005
149.70114410284776,22.20862598139944,2450.3758671346527,1.2710574864626038e-13,448.3611541512544,1.2710574864626038e-13,det1,computed_linefit,33.39209918283043,201.59603374202405,0.2504854963168736,176.88995126394474,176.88995126394474,44.291522010094425,61.40347004872496,132.61642120903198,0.0259145522074548,83,"(0, 100]",2005
144.48493474734445,127.24170868045871,2403.4024834437755,2.898457019905882e-13,506.4153244496576,2.898457019905882e-13,det1,computed_linefit,54.54263925198535,306.3428701087824,0.0797647948236679,160.96219609830317,160.96219609830317,,,,,142,"(0, 100]",2005
139.2721551661287,-82.09193931288496,3051.141676818335,4.1088788676691373e-13,468.7874937363214,4.1088788676691373e-13,det1,computed_linefit,44.11011270469669,96.91995848777071,0.1879376368726757,176.5527709773316,176.5527709773316,151.29916145707224,47.91971536306461,25.470406974475612,0.0586947211878478,119,"(0, 100]",2005
161.1158741206204,-52.473567229213714,1855.9890021614808,2.411662016538279e-13,507.2081907116181,2.411662016538279e-13,det1,computed_linefit,20.840943517292523,127.9025185288058,0.2052852204520449,178.03902446888014,178.03902446888014,172.7211831624167,37.31579378772236,5.410893039676156,0.1099441807651086,109,"(0, 100]",2005
140.2372337059306,86.9941744725469,2169.737186586453,2.729816047846405e-13,448.9760113280453,2.729816047846405e-13,det1,computed_linefit,122.66025058039732,253.3109941060355,0.0579042046331851,96.22091645723594,96.22091645723594,,,,,16,"(0, 100]",2005
148.18318720643526,-22.2674196998608,4701.222318292118,3.8131724593878125e-13,495.8744301684828,3.8131724593878125e-13,det1,computed_linefit,32.223442594625006,160.67661683757632,0.2333635068262051,178.3870746850178,178.3870746850178,163.07383001733646,36.366150500100446,16.10475345446873,0.0576648046551276,133,"(0, 100]",2005
134.8909046808489,-32.56277307329216,2879.971007989659,4.1382633578908325e-13,500.4774098770641,4.1382633578908325e-13,det1,computed_linefit,45.90594737394512,148.20674902047878,0.2527657735289194,179.03238476325518,179.03238476325518,175.61001098297584,97.7250972970629,3.495081321095179,0.175042447195317,81,"(0, 100]",2005
136.37643974039187,90.91651217525272,4503.137519826184,1.4806762737986437e-13,448.09838102691367,1.4806762737986437e-13,det1,computed_linefit,60.017251717183605,264.78322290200293,0.0890544502146231,162.9256343501354,162.9256343501354,,,,,112,"(0, 100]",2005
151.80335700205626,49.465129560479376,2817.826902154204,1.885282921623116e-13,448.02331362112704,1.885282921623116e-13,det1,computed_linefit,33.32148815128394,223.8200016638198,0.234884386024879,174.12278395910002,174.12278395910002,159.84440061112377,37.49109503904942,14.591855212922797,0.0959890320263119,126,"(0, 100]",2005
147.65697748294338,17.574579912997645,4250.88163973647,3.738292218135344e-13,445.4170965021405,3.738292218135344e-13,det1,computed_linefit,34.951638405760384,197.92477127219453,0.225229544634626,177.3841874406234,177.3841874406234,165.72808613108714,46.2485163393282,11.65983456273897,0.0778324022985341,151,"(0, 100]",2005
135.65007009652498,137.6665187635848,4578.1520444504295,3.314512409159136e-13,506.9788638183896,3.314512409159136e-13,det1,computed_linefit,99.15154319955376,301.29961893013785,0.0503768446168611,123.26023996721852,123.26023996721852,,,,,185,"(0, 100]",2005
157.94992160306825,2.7832979514158263,2154.345818048553,2.382173337059642e-13,486.83614897470255,2.382173337059642e-13,det1,computed_linefit,25.008398272605124,180.9185066603121,0.2266768629448609,176.9497936198283,176.9497936198283,166.27032690964344,34.55458730829194,10.717568070759924,0.0814060698374918,77,"(0, 100]",2005
135.20071861359125,-26.767160646731284,2927.158403159947,4.856703836433968e-13,493.492053937006,4.856703836433968e-13,det1,computed_linefit,49.49483654174019,155.24715352915126,0.1856816968449324,175.0781715386777,175.0781715386777,147.86063409315406,78.53978089643373,27.217761384598315,0.0466897613217131,140,"(0, 100]",2005
151.38062353911866,-179.36435754087992,2268.0601162978023,3.6838745804788353e-13,475.533406830472,3.6838745804788353e-13,det1,computed_linefit,30.592579123457345,359.9899927260385,0.2301993369498202,178.0012084721308,178.0012084721308,159.046531433709,34.960886838673204,18.95507405057584,0.0496538441031184,154,"(0, 100]",2005
150.06672493617165,123.99184151443194,2497.950217655866,3.314512409159136e-13,505.6995242032995,3.314512409159136e-13,det1,computed_linefit,33.16559507997793,297.0002637174964,0.1982467486991655,175.1228383001085,175.1228383001085,15.339108518571718,14.399763182468265,160.75959752242696,0.1162741312164297,150,"(0, 100]",2005
145.6062689086294,-51.95467646620047,4207.477374119039,3.5040636720219573e-13,506.70011539303886,3.5040636720219573e-13,det1,computed_linefit,37.42832547158221,128.86570913228252,0.2156090616448148,176.9275530598209,176.9275530598209,159.58277875756517,32.37142660736167,17.361357227670535,0.0768329237736618,222,"(0, 100]",2005
144.96316630571295,106.8369042552386,4960.510158250101,2.953670686285155e-13,490.0328424370738,2.953670686285155e-13,det1,computed_linefit,37.60368037624401,284.2491860765911,0.1717376978853972,177.0108464143523,177.0108464143523,146.379392346055,37.690893193776745,30.813744984154123,0.0487770622017629,124,"(0, 100]",2005
154.2600129735146,1.4047135464230731,2846.8752662544925,3.168096442551581e-13,480.8277431324445,3.168096442551581e-13,det1,computed_linefit,28.34274727376185,183.4995429721808,0.2465652853436371,177.2288348484509,177.2288348484509,6.100935350887178,13.67866137568319,171.1937311202028,0.1183400918095806,178,"(0, 100]",2005
135.53378459725982,86.07713749922827,5314.4784956364765,3.228085657724633e-13,434.0274728203692,3.228085657724633e-13,det1,computed_linefit,62.25415144255612,258.9281720746284,0.0657922225538619,161.3293220339684,161.3293220339684,,,,,209,"(0, 100]",2005
148.0353764936089,118.8682050159142,2078.0380896177394,3.314512409159136e-13,502.7902099464905,3.314512409159136e-13,det1,computed_linefit,37.06500959953702,295.50380603800653,0.2054276589274671,174.55668264012502,174.55668264012502,144.21458286764792,25.211823262380683,30.385711489403704,0.0494010977412929,110,"(0, 100]",2005
133.38427945377424,-49.30826604322456,4028.6633341416423,4.177121143328313e-13,507.1260261789888,4.177121143328313e-13,det1,computed_linefit,48.76634263601823,130.88194800568564,0.251821090931514,177.8447842787986,177.8447842787986,122.04296393319352,46.76666686185113,55.84648362402962,0.0245116144583779,96,"(0, 100]",2005
131.80745535471158,-131.86684062119883,1866.589147081914,3.8553082408300657e-13,339.3647120201664,3.8553082408300657e-13,det1,computed_linefit,48.02629804884406,47.05536136904944,0.148755305942011,179.180627837015,179.180627837015,13.331247543708844,12.623622265790331,166.69833007830832,0.071279891870924,67,"(0, 100]",2005
132.39712038555567,-146.59355917141826,1686.5615924743145,348.7367523078422,1.2710574864626038e-13,1.2710574864626038e-13,det2,computed_linefit,47.6800024201284,31.91378931581734,0.2636698083799694,178.8943372394969,178.8943372394969,0.5547075377909794,1.226193070459384,178.4884984353775,0.2274143422436367,49,"(0, 100]",2005
134.91161662902422,-141.66309058065335,5753.791857154987,359.8381783088877,2.273736754432321e-13,2.273736754432321e-13,det2,computed_linefit,45.84097835633006,38.95493260787389,0.3006016694718925,179.12795567566056,179.12795567566056,176.2434929966911,44.114181357563005,2.9515411794410387,0.0915035710357589,83,"(0, 100]",2005
168.63214335184202,114.47442392963754,2341.475996135256,506.4650772770622,3.26540580689313e-13,3.26540580689313e-13,det2,computed_linefit,12.64414294517999,284.76712425195046,0.1475528541877858,177.61554045447835,177.61554045447835,164.89891054704995,21.035379274818013,13.206992191919372,0.0549576903150208,37,"(0, 100]",2005
155.52326299417982,18.030034967213894,5098.669889056814,470.99002682566,1.2710574864626038e-13,1.2710574864626038e-13,det2,computed_linefit,169.4558167357401,259.8914038800755,0.0660853084519945,30.79499382937292,30.79499382937292,,,,,14,"(0, 100]",2005
137.69626324997583,139.76711195795477,5556.200210228897,506.30080248590514,2.542114972925208e-13,2.542114972925208e-13,det2,computed_linefit,52.59667897202537,297.523212959902,0.0753402965374388,160.75498106922245,160.75498106922245,,,,,28,"(0, 100]",2005
154.12272291362672,44.413142085584525,2611.8302728206136,456.743921040124,3.314512409159136e-13,3.314512409159136e-13,det2,computed_linefit,142.84515991109205,189.21151543664143,0.2303203891106271,59.887734980606034,59.887734980606034,49.99113621651689,50.72376492860749,10.40362692373249,0.2775115412237459,5,"(0, 100]",2005
142.38205096112017,-58.75038557801523,2172.750827350055,502.99949579132783,4.98798976161204e-13,4.98798976161204e-13,det2,computed_linefit,36.4235624230186,118.6905041232708,0.3657351625620744,178.0506434439569,178.0506434439569,176.07113298955784,41.240164954326815,3.863961007934283,0.0663992819103277,25,"(0, 100]",2005
154.4501724270963,-163.56416813766495,5716.9448809819605,468.7828706260336,1.607774677692186e-13,1.607774677692186e-13,det2,computed_linefit,25.515358714288908,11.325768446835424,0.2408711093298114,177.7977627514034,177.7977627514034,7.17853196776432,4.882606487092327,172.23004584040854,0.070532040059737,67,"(0, 100]",2005
136.05624860745058,9.180529688592776,3034.8214601004447,416.8455866359968,3.26540580689313e-13,3.26540580689313e-13,det2,computed_linefit,104.41513139324724,129.1410314079865,0.1071275756333298,98.99827222463225,98.99827222463225,75.68000392717666,77.04199480697925,29.333746274855844,0.1222374334454216,10,"(0, 100]",2005
160.70464349502487,-62.89668706838139,3134.133370415934,505.2141392233261,2.898457019905882e-13,2.898457019905882e-13,det2,computed_linefit,20.04181762477858,115.95000691498144,0.2799882736351992,179.15867356970108,179.15867356970108,1.2635082077923352,2.2235570772177606,177.96372457333592,0.1704006932059298,37,"(0, 100]",2005
132.4805812356009,-163.128960327713,5104.335413368685,382.3797552074532,3.6838745804788353e-13,3.6838745804788353e-13,det2,computed_linefit,48.50505470325449,16.845308779858062,0.2359352858478479,179.01417853741364,179.01417853741364,5.578586677557468,6.553294140934257,173.46036951564233,0.0998266344300865,82,"(0, 100]",2005
147.8655428769764,-18.77145599382629,7292.90502754113,492.1580421503514,5.684341886080803e-14,5.684341886080803e-14,det2,computed_linefit,74.68781436382781,227.1765583504241,0.0474946045238163,115.63989321619688,115.63989321619688,,,,,16,"(0, 100]",2005
152.7085532912183,-20.027236548374344,2348.307066249462,497.1208873240282,4.43961293735052e-13,4.43961293735052e-13,det2,computed_linefit,32.41768916956135,140.66432846308635,0.2094252741156448,169.16550742430258,169.16550742430258,91.27267234603671,69.98344194240886,85.1907030168984,0.0383173356586209,12,"(0, 100]",2005
142.77932350733104,60.695107020040616,4058.939569544644,413.9589543104298,1.1368683772161605e-13,1.1368683772161605e-13,det2,computed_linefit,56.11639763376285,233.05707535861504,0.0489330142273399,160.33123104713758,160.33123104713758,,,,,7,"(0, 100]",2005
141.43384152601257,45.56804395900068,5209.230114890383,397.0826838028578,5.684341886080803e-14,5.684341886080803e-14,det2,computed_linefit,107.7844400143361,221.44617472816088,0.0350173449737904,110.68765017316692,110.68765017316692,,,,,10,"(0, 100]",2005
157.4417755576538,8.812557000124642,4729.84819490987,481.9109186349219,3.06111178766429e-13,3.06111178766429e-13,det2,computed_linefit,162.3250270495735,272.8432745981497,0.0597382454691785,29.797941115294023,29.797941115294023,,,,,21,"(0, 100]",2005
139.5460033206956,-175.1887927209105,4727.275766799561,438.2664374091123,4.43961293735052e-13,4.43961293735052e-13,det2,computed_linefit,41.307987334411,5.808720919368529,0.1503615483045812,178.92506551876906,178.92506551876906,24.01644304183933,13.766403464596197,155.37322711343003,0.0452843008689045,113,"(0, 100]",2005
147.95951845463506,-175.7206668978758,4983.561460424202,463.0700807022896,4.43961293735052e-13,4.43961293735052e-13,det2,computed_linefit,33.111273981916185,0.0131455323060618,0.2690880966556533,177.4662836613979,177.4662836613979,152.6291011915073,33.54251915998021,24.88171201054797,0.0315130086689757,53,"(0, 100]",2005
149.50943695507718,155.9780957744258,1468.501530015547,498.1410744828999,3.215549355384372e-13,3.215549355384372e-13,det2,computed_linefit,26.050424786762385,344.7021227024077,0.157185799423236,173.94479002064335,173.94479002064335,172.77351834814235,30.7607895647017,1.3698646360629418,0.0857647273624063,17,"(0, 100]",2005
148.3538093920598,154.55632865250146,5023.743468863761,498.6887275303294,3.410605131648481e-13,3.410605131648481e-13,det2,computed_linefit,30.61333784066809,336.66558735527514,0.2326069133659846,178.49818446174277,178.49818446174277,177.86395341448116,31.449034615813236,3.452551299835688,0.1149277491296633,46,"(0, 100]",2005
150.89587709563648,164.48312371558538,1608.9291864228103,491.6501605137527,2.7847474288855413e-13,2.7847474288855413e-13,det2,computed_linefit,31.992340750902372,351.14689819338645,0.1988096585182785,175.55249256060586,175.55249256060586,2.111318710090504,3.1923643630313565,175.04143704581472,0.2181683476117225,29,"(0, 100]",2005
143.91057004884857,68.7910412447114,2926.9309916458087,429.1937917030744,1.607774677692186e-13,1.607774677692186e-13,det2,computed_linefit,154.4168143759313,249.34965670031957,0.1744754957020406,61.671828676088815,61.671828676088815,58.798067602377145,61.05281397490905,2.873823991672253,0.1894445677076091,7,"(0, 100]",2005
135.21184634672616,-9.50541247177535,6566.949428608739,460.5464263794924,8.03887338846093e-14,8.03887338846093e-14,det2,computed_linefit,139.18839697778807,237.5355749551115,0.0796151307506104,69.04988476279536,69.04988476279536,,,,,16,"(0, 100]",2005
156.8485934490757,93.04276538107226,4014.453608821544,490.5536759956029,2.3437142008433856e-13,2.3437142008433856e-13,det2,computed_linefit,156.13664149620638,233.51186636387845,0.0680634112129092,44.09483456609857,44.09483456609857,,,,,26,"(0, 100]",2005
131.24373271009324,165.06815527234497,3312.443936624772,467.3362896402402,4.291584011338472e-13,4.291584011338472e-13,det2,computed_linefit,40.36209910270946,321.0000321683469,0.103333406767217,161.25395892280838,161.25395892280838,21.66147973062503,27.081464078967976,140.84470455766026,0.0661994225164242,24,"(0, 100]",2005
136.13717479914615,-118.58162674191962,3326.2173152288083,380.8977842726189,3.979039320256561e-13,3.979039320256561e-13,det2,computed_linefit,45.34317689331112,63.58723920455294,0.2524688421357559,177.87628369785273,177.87628369785273,3.0044307069681992,3.180541635676553,175.0553098193694,0.142316353328321,52,"(0, 100]",2005
133.70305283394106,90.31410152947112,4366.091505132143,440.23523029467526,3.410605131648481e-13,3.410605131648481e-13,det2,computed_linefit,144.76690905215213,202.79521986081997,0.0697819418079522,66.1165894086859,66.1165894086859,,,,,11,"(0, 100]",2005
130.69241935727914,148.0733613794147,5409.266896991047,498.6187711466933,2.3437142008433856e-13,2.3437142008433856e-13,det2,computed_linefit,116.57051596517364,251.4212168319764,0.0626389474462889,82.23671006599864,82.23671006599864,,,,,5,"(0, 100]",2005
154.41903264806297,129.67729307638035,4668.053840451575,507.29336710253847,2.273736754432321e-13,2.273736754432321e-13,det2,computed_linefit,31.26658944699492,298.40285419040447,0.155206673944908,172.20330185124308,172.20330185124308,63.46397156234105,52.63270572139072,109.14388675101414,0.0307814270524455,28,"(0, 100]",2005
165.37692301139975,11.347389494826308,9254.434886212804,495.94244854684064,2.542114972925208e-13,2.542114972925208e-13,det2,computed_linefit,93.21214731660586,183.8875321379356,0.0606660276244615,101.28625493243756,101.28625493243756,,,,,33,"(0, 100]",2005
162.88983902798,-128.6656462449578,2621.609075771968,485.4032887715177,1.797546735911271e-13,1.797546735911271e-13,det2,computed_linefit,25.655838656958665,47.32269630356061,0.1857093908551304,171.3348104538612,171.3348104538612,0.9475091655060244,1.5546606752421048,170.6416095601659,0.2650217245474889,46,"(0, 100]",2005
131.87671502994337,-169.9669583017884,2745.181373244884,398.6418807546077,6.961868572213854e-13,6.961868572213854e-13,det2,computed_linefit,49.75595962107086,6.773678829217141,0.2492139812639205,177.04983576503588,177.04983576503588,1.3185991494415783,1.008769310607437,176.42482687574062,0.2323156881637295,29,"(0, 100]",2005
137.3106533531327,90.04922105901314,3013.755540862178,448.2719972033111,2.7847474288855413e-13,2.7847474288855413e-13,det2,computed_linefit,115.79532738393426,234.57873975211925,0.0678775285370172,100.21309514736885,100.21309514736885,,,,,16,"(0, 100]",2005
141.5487598083891,160.95214572546354,3844.9144976161415,486.6868536614634,2.411662016538279e-13,2.411662016538279e-13,det2,computed_linefit,36.98777959756709,339.3838855801732,0.2859522504237353,178.25016125830052,178.25016125830052,176.88726348072862,39.94251807007628,4.269732878206846,0.0841038709341996,42,"(0, 100]",2005
166.57392059496684,122.40256510899135,3756.2325033580846,507.0080390934919,2.6048926968973323e-13,2.6048926968973323e-13,det2,computed_linefit,17.184706131682308,299.8443213575256,0.2083280603942403,176.1820820767287,176.1820820767287,37.26906063171052,17.101616101703687,138.92447944391657,0.0419064264077145,54,"(0, 100]",2005
161.68215578349722,-168.15859413849174,1887.8760710704455,489.1236706350158,3.26540580689313e-13,3.26540580689313e-13,det2,computed_linefit,18.76220726402239,7.789046468301028,0.2758317471262833,178.63732550392658,178.63732550392658,0.5892386067359795,0.7696984424642405,179.22634634380998,0.2468784894888907,47,"(0, 100]",2005
158.81453870734822,-119.11348811923526,2679.837681057893,476.2068978351291,2.273736754432321e-13,2.273736754432321e-13,det2,computed_linefit,19.088386279853747,75.30443160480513,0.1976285711149313,174.62817191866654,174.62817191866654,6.412591638543105,8.201030449490633,171.1604533495044,0.1083087202851786,46,"(0, 100]",2005
135.44981375193754,45.49166402651751,6690.996760884134,361.9814960553406,5.115907697472721e-13,5.115907697472721e-13,det2,computed_linefit,180.0,180.0,0.0071447792466548,44.55018624806245,44.55018624806245,,,,,5,"(0, 100]",2005
143.71206586236056,145.4198194990943,6092.713524602483,503.92509279654223,1.1368683772161605e-13,1.1368683772161605e-13,det2,computed_linefit,47.70693785477916,300.9277272547913,0.0912208319620271,160.18840448702588,160.18840448702588,,,,,55,"(0, 100]",2005
130.47520868493197,26.08668930297229,4081.80734346691,350.00513944769807,4.889855783314162e-13,4.889855783314162e-13,det2,computed_linefit,113.19564133956692,249.34965670031957,0.1463970856385922,104.68451912766932,104.68451912766932,81.24287929212124,80.55254329780013,27.558232008620745,0.2256076544750768,6,"(0, 100]",2005
158.3642658177091,74.64126607107659,2983.720426672978,481.4754015746005,2.049518613753201e-13,2.049518613753201e-13,det2,computed_linefit,123.99184310899828,239.5886953258653,0.0623517122066563,77.02791797073057,77.02791797073057,,,,,17,"(0, 100]",2005
143.24611337800334,-145.0964133652856,3926.922609076521,409.2520813739956,2.542114972925208e-13,2.542114972925208e-13,det2,computed_linefit,37.128528075891005,33.859089606826466,0.241847972942511,179.26897672878144,179.26897672878144,2.524908029521403,4.889397837381416,177.01461519134205,0.130605071408649,111,"(0, 100]",2005
162.26579183508483,127.07980782073356,6045.370803048617,507.2176905370512,3.26540580689313e-13,3.26540580689313e-13,det2,computed_linefit,13.882025418187425,308.9395422021732,0.3235491170087737,176.1151266275213,176.1151266275213,177.96613204742286,18.401865852565617,2.1349947157031823,0.0729067113461397,29,"(0, 100]",2005
139.29458864415005,-154.04866775648483,4844.917503504375,397.8370640377626,3.4576501834057014e-13,3.4576501834057014e-13,det2,computed_linefit,40.28289379630029,25.50655623244883,0.2760145296316261,179.48820077851164,179.48820077851164,1.4023616995527752,1.0604453176040705,179.0482161812587,0.1117926260145919,63,"(0, 100]",2005
142.839863438647,-157.8581893747953,2578.699383351056,419.95511199821465,4.1382633578908325e-13,4.1382633578908325e-13,det2,computed_linefit,36.91072639071222,21.25923613059433,0.2607065017884792,179.41282124603373,179.41282124603373,2.058013141267468,2.7641806284553883,178.11365592821178,0.1906628154653226,38,"(0, 100]",2005
147.20926607879915,-66.50249739290977,2364.617114866946,498.4240440831343,2.842170943040401e-13,2.842170943040401e-13,det2,computed_linefit,30.243723449303783,127.88968429240792,0.1624307908729623,172.07587544824048,172.07587544824048,3.525489066463434,4.14641234068681,171.67079332376676,0.1480923089945388,64,"(0, 100]",2005
135.44224723245148,135.7059728448737,3124.281613539557,507.4019705245519,2.273736754432321e-13,2.273736754432321e-13,det2,computed_linefit,49.77038589122006,279.04451564767584,0.0761374320445711,152.86037115930316,152.86037115930316,,,,,25,"(0, 100]",2005
137.90792704444752,-20.589462420559418,2424.9172312171318,485.88379658388686,4.617981178760124e-13,4.617981178760124e-13,det2,computed_linefit,2.1387389114400386,128.9731900542388,0.073192173555971,139.7400364874413,139.7400364874413,,,,,6,"(0, 100]",2005
145.44619985541613,-25.232943351369343,5221.815765832707,1.797546735911271e-13,497.0530535547044,1.797546735911271e-13,det1,computed_linefit,39.501512873368135,156.28629082252368,0.1689629965334574,174.96873996325883,174.96873996325883,165.79518408492322,132.86446316032976,9.190639084987906,0.1022543282956192,184,"(0, 100]",2006
153.30107084655185,4.656736205958364,1914.6710228992777,2.8563464471519893e-13,475.8365161082394,2.8563464471519893e-13,det1,computed_linefit,28.616254276523165,184.995346147429,0.2461164033798598,178.07625025928556,178.07625025928556,7.533951980027525,13.52356634328362,170.56268921055764,0.1225130403334718,103,"(0, 100]",2006
138.99370930622393,-49.683509490866186,5855.22711152803,4.177121143328313e-13,507.1170960963996,4.177121143328313e-13,det1,computed_linefit,43.39620552397541,130.18516274592005,0.2120647189711811,177.60845865448866,177.60845865448866,164.05207614955407,84.2352890987664,13.64957490410059,0.0969376995016583,191,"(0, 100]",2006
132.24491561834392,-170.18697334545317,2204.934807754808,5.886794035975521e-13,400.6922529093025,5.886794035975521e-13,det1,computed_linefit,61.55669490369158,3.6027751286884278,0.1210566594987498,165.30903215798693,165.30903215798693,138.54087380982227,79.84083457195091,26.809879391980303,0.0584505136837367,72,"(0, 100]",2006
157.21596548544636,-70.62989922650284,4994.806912531956,3.5612299842971617e-13,500.93149864529175,3.5612299842971617e-13,det1,computed_linefit,24.09176772405232,107.97616635208536,0.2471682116729997,178.57967065976376,178.57967065976376,174.1593699884052,27.30122329447269,4.611495659714275,0.1089425150152541,131,"(0, 100]",2006
145.6261192554098,143.84647770724712,6098.356752558764,2.666192676669783e-13,505.0739332359756,2.666192676669783e-13,det1,computed_linefit,39.5210086060868,322.89288463125,0.1494452617492689,174.82119018231293,174.82119018231293,46.8799080048613,20.921033759098165,127.96187200804378,0.0376475804627158,195,"(0, 100]",2006
134.7376991984185,-55.21570230085649,3720.8634540910703,5.392640207733813e-13,504.335738781764,5.392640207733813e-13,det1,computed_linefit,49.86377405913031,128.02431792022804,0.1851198006837912,174.8154155231285,174.8154155231285,161.90647976057167,46.76958917593946,13.014919476133176,0.1025899990844768,212,"(0, 100]",2006
136.42082293769298,-26.77035997547928,3170.573353595934,1.2710574864626038e-13,494.1081772583783,1.2710574864626038e-13,det1,computed_linefit,47.57191642542897,158.3786914008427,0.1690712566625818,174.57423451415065,174.57423451415065,142.88299881641595,51.79271772352973,32.0526711239582,0.0523173365724227,136,"(0, 100]",2006
133.46390778391432,-2.372188953332203,3038.231342718467,1.9065862296939058e-13,438.9732712344195,1.9065862296939058e-13,det1,computed_linefit,52.57553106580503,178.11533531314046,0.2133894943171239,173.94920873292185,173.94920873292185,4.418386705550888,2.4900985085095453,169.6140657164911,0.2169892059857943,48,"(0, 100]",2006
146.77764262607474,-93.93428442278444,2569.8442845210643,3.2969489206266704e-13,463.8052508252917,3.2969489206266704e-13,det1,computed_linefit,60.5426258582211,92.08962386538153,0.0617905935045408,152.35268643264556,152.35268643264556,,,,,362,"(0, 100]",2006
131.094944492769,-2.1251244269138354,2402.0862476093757,4.617981178760124e-13,432.425784480592,4.617981178760124e-13,det1,computed_linefit,51.75193224350935,176.58179185064384,0.2059689941903514,176.98425715448218,176.98425715448218,47.64913196374031,33.313457199905926,129.3933761780068,0.027587466480335,89,"(0, 100]",2006
131.6931494454256,153.18784452794046,4017.006972777544,2.1268859807002749e-13,491.73187025553415,2.1268859807002749e-13,det1,computed_linefit,57.507063391076045,330.29831863080005,0.1384232636061163,170.51713090832035,170.51713090832035,56.45884531649212,38.88453544566156,114.0686763208335,0.0518669761975902,112,"(0, 100]",2006
152.48940485590268,-10.970898991946491,2156.973846385863,2.8563464471519893e-13,489.2808474336456,2.8563464471519893e-13,det1,computed_linefit,30.48900661875821,168.92917889552797,0.2329052186060147,177.0211955524231,177.0211955524231,121.59653142917998,16.83182018834449,55.44316962396556,0.0224561764124157,120,"(0, 100]",2006
141.7714914662528,-61.54243906555729,3792.1734573665112,3.727472246908974e-13,500.6222887481259,3.727472246908974e-13,det1,computed_linefit,43.22824452235494,121.26817446256509,0.1703233932787394,174.67560244094065,174.67560244094065,73.31075200749277,38.81113468933393,101.37826077500824,0.0310078164223257,133,"(0, 100]",2006
169.95863238103962,144.6254006330512,3939.623287014635,1.7053025658242404e-13,507.26048046743415,1.7053025658242404e-13,det1,computed_linefit,11.251234000733197,323.5086839520011,0.2524076198511898,178.77272549738834,178.77272549738834,24.467595633125026,13.212355641460064,154.32118628927614,0.021170420320983,177,"(0, 100]",2006
135.5581773174279,-149.84338641677812,3999.283650662411,4.1382633578908325e-13,371.8519647457939,4.1382633578908325e-13,det1,computed_linefit,49.2200485084072,34.85059016051723,0.144814904780408,174.12429036837165,174.12429036837165,130.51502205268935,45.9546156006066,44.12441980012199,0.0420325641592954,152,"(0, 100]",2006
157.170433908348,31.286699171513963,3701.7768195070566,2.842170943040401e-13,469.8127310766394,2.842170943040401e-13,det1,computed_linefit,29.21379813844357,208.78931182952263,0.1164989630481036,173.52375225967478,173.52375225967478,25.203969557423218,18.747167296361678,148.5150762868322,0.1006545286309569,221,"(0, 100]",2006
147.23255785225695,-111.28478085607831,5858.740126528337,3.5040636720219573e-13,442.0365438219824,3.5040636720219573e-13,det1,computed_linefit,35.898312360660405,69.99162138123441,0.2128422335600996,176.7875837713354,176.7875837713354,39.55044673232001,21.0026442190584,137.30689100195545,0.0334033530553385,214,"(0, 100]",2006
154.49082486822132,107.5073863452784,4883.533272850544,2.4777471841961613e-13,498.2246697493496,2.4777471841961613e-13,det1,computed_linefit,30.654319385400974,281.38809347718296,0.1703875514718105,174.10936877698953,174.10936877698953,112.568655226905,29.169528334167214,61.66895189409843,0.0397643848039742,161,"(0, 100]",2006
161.9426139170963,116.08538002242317,2361.083878431087,1.2710574864626038e-13,505.2828365035449,1.2710574864626038e-13,det1,computed_linefit,19.74983877105957,294.0354105521772,0.2406217526100135,178.18214755631254,178.18214755631254,174.98019449231174,30.9423895850172,3.2137389585788663,0.1500795503222048,143,"(0, 100]",2006
141.15637519323428,112.62447322507808,3973.586955493972,2.4777471841961613e-13,494.3248715732041,2.4777471841961613e-13,det1,computed_linefit,41.52656943309356,282.47278899950567,0.1138710300981701,172.92890124895283,172.92890124895283,7.78339439603835,5.091546609260363,168.13105251813033,0.1716392425302516,133,"(0, 100]",2006
137.63264004254674,33.57176046091175,3411.257735863808,3.5040636720219573e-13,380.05361923592375,3.5040636720219573e-13,det1,computed_linefit,45.832087516675344,215.45881373962183,0.2428896678933019,176.29505826112856,176.29505826112856,160.76640601243844,68.35554798888073,15.60955512388368,0.0925214785322942,70,"(0, 100]",2006
135.56564131280018,178.71248064864344,1871.0629478533804,2.7408903977723625e-13,441.2275624425889,2.7408903977723625e-13,det1,computed_linefit,59.9673769841672,356.24127829365125,0.092368110484408,164.3468371101823,164.3468371101823,,,,,175,"(0, 100]",2006
150.59461113596603,131.2296177176756,7697.729548450586,1.885282921623116e-13,507.4140627083429,1.885282921623116e-13,det1,computed_linefit,30.168701934584075,310.34660789053214,0.2435720989446262,179.11963794774215,179.11963794774215,171.656409430357,44.37081551888765,7.486310424688518,0.0960469032625428,188,"(0, 100]",2006
168.71947609606923,-23.504301684240325,4560.512879160452,1.885282921623116e-13,506.1105075469503,1.885282921623116e-13,det1,computed_linefit,12.112097593832305,194.6409415695361,0.175423272424372,172.36283055734626,172.36283055734626,166.54604690090224,20.83679221973692,6.794075695992354,0.0827557028959022,219,"(0, 100]",2006
148.46054954658788,-35.42027083251421,3474.898494464549,2.049518613753201e-13,505.1396484534061,2.049518613753201e-13,det1,computed_linefit,33.5700529656813,145.88708858389023,0.2796388236580872,177.85109184494962,177.85109184494962,173.83204005061663,46.52845638534115,4.03413527892694,0.1629618822985293,152,"(0, 100]",2006
147.8695407872815,-67.37900163388468,3173.785086606889,4.366225850770097e-13,498.00699459939705,4.366225850770097e-13,det1,computed_linefit,33.619035091937754,110.51294080697392,0.2523611571695446,178.12263783618886,178.12263783618886,22.20617299426613,14.59518224757782,156.3585077407313,0.0292684245188797,138,"(0, 100]",2006
165.04590418748845,-64.83010450685676,2413.582669145131,2.411662016538279e-13,505.7851328402416,2.411662016538279e-13,det1,computed_linefit,16.488571915136713,124.08214271324006,0.2085585426844879,177.14312787580656,177.14312787580656,29.87035015312678,11.92685271681163,147.61242597922512,0.029140349994987,127,"(0, 100]",2006
133.0829147001279,-155.78633848970316,3134.612833012323,6.069216312898397e-13,368.2293516485066,6.069216312898397e-13,det1,computed_linefit,53.055382033312654,25.873703052111715,0.1908314843401069,173.7318022663602,173.7318022663602,164.46958346712108,55.20448432194159,9.26920391480455,0.1140015411835107,68,"(0, 100]",2006
138.87995755214084,7.097357283702794,2956.309751853662,4.300985082870044e-13,431.44952120002944,4.300985082870044e-13,det1,computed_linefit,43.904671016133165,184.37413289391407,0.2221988739267603,176.6627614913665,176.6627614913665,3.692661626490184,3.4374131656087226,173.65590150417847,0.1739206749445596,81,"(0, 100]",2006
148.5964443460966,-162.05612142112733,3421.2695958271997,1.0247593068766007e-13,448.2348983554391,1.0247593068766007e-13,det1,computed_linefit,33.042784682816546,11.973368221030922,0.2265311872241979,176.42091927441805,176.42091927441805,55.87149124132735,35.14112389650166,121.69513548855232,0.0213704729275147,88,"(0, 100]",2006
162.55089225646552,29.96907269975311,3493.343638645898,1.797546735911271e-13,485.6167136829404,1.797546735911271e-13,det1,computed_linefit,20.604368824012425,213.1139711789096,0.2082482654811271,176.68342945920497,176.68342945920497,128.98847561539247,24.48418736989613,47.72498119071631,0.0261553202595202,155,"(0, 100]",2006
168.49593062086944,-140.16546166266042,1820.2449750449928,2.0691316789454162e-13,497.3496922161957,2.0691316789454162e-13,det1,computed_linefit,9.215641688674394,46.71756629679668,0.219310468603965,177.40216693003256,177.40216693003256,41.73317886618264,6.182479731974353,140.11663228398825,0.0089254163252959,130,"(0, 100]",2006
143.41502948544155,-104.13671702244528,1890.9482381294845,4.1088788676691373e-13,437.8646587519246,4.1088788676691373e-13,det1,computed_linefit,38.69336072978335,76.29940772239435,0.1688938339043058,177.87486581147826,177.87486581147826,155.70704959897685,56.992828953179966,22.31352559174689,0.0478531850786705,61,"(0, 100]",2006
166.46276023067358,-97.18931069537926,2207.040005773285,3.634896632555826e-13,499.0230402289636,3.634896632555826e-13,det1,computed_linefit,10.768187639924088,83.20800161469809,0.2162051335963336,177.22970108380113,177.22970108380113,176.74275643474022,15.537145642982784,4.699618581695759,0.0534539454729433,174,"(0, 100]",2006
139.492398020663,149.29747625672826,2435.401347395067,2.842170943040401e-13,499.8497477214576,2.842170943040401e-13,det1,computed_linefit,42.873594858714455,326.2136083301677,0.2208483098203899,176.86926085347142,176.86926085347142,38.293238067867854,24.90672371534016,138.91279782227338,0.0319599404349145,91,"(0, 100]",2006
146.00116928715488,109.8861650868118,1916.395684611408,2.1268859807002749e-13,494.3211609130208,2.1268859807002749e-13,det1,computed_linefit,43.67747185665598,281.0210570941149,0.1235059793039956,168.85852163702316,168.85852163702316,149.15940767371745,69.77051411843256,19.8007348674054,0.0643474212418647,58,"(0, 100]",2006
154.30529966960825,121.8185772179604,4882.079097356093,1.797546735911271e-13,505.4793755146304,1.797546735911271e-13,det1,computed_linefit,30.27214923895544,295.6011299477942,0.159820081962568,174.5773905038771,174.5773905038771,170.0009660729877,143.3803389071432,4.639638241355018,0.1239088863836536,301,"(0, 100]",2006
138.0577184995745,111.99568566860565,2150.829290623403,2.4777471841961613e-13,491.6257420531272,2.4777471841961613e-13,det1,computed_linefit,55.090297262485215,287.15356875450726,0.1352322811181839,166.3680008783121,166.3680008783121,87.66585286562261,52.95550937045915,78.75099896839554,0.0478648570154549,76,"(0, 100]",2006
145.1102253692047,-99.22517921006668,3069.8857845734383,3.5040636720219573e-13,451.2877037351549,3.5040636720219573e-13,det1,computed_linefit,38.08876726054197,85.0942688225338,0.1862774426799345,175.89897407577212,175.89897407577212,25.436286977486414,15.29515821900928,150.77415161492556,0.0618653899568507,250,"(0, 100]",2006
168.74156344598603,11.536958568710403,1591.465081540512,1.797546735911271e-13,500.6142092837556,1.797546735911271e-13,det1,computed_linefit,15.140477504473427,186.38627508220344,0.2576072466033031,175.94744217666658,175.94744217666658,101.71113214123696,27.420185291391817,74.41641316785356,0.020662405437491,102,"(0, 100]",2006
153.3014184836441,74.38122612993217,1784.731635875031,2.4777471841961613e-13,468.0729641022044,2.4777471841961613e-13,det1,computed_linefit,32.415573844932524,250.2493402859949,0.1264626178776814,173.93358770891464,173.93358770891464,14.375559071300636,11.739751008844143,159.80001745366923,0.1222450835516637,106,"(0, 100]",2006
151.35387895071008,33.455342154768545,3920.127773875826,3.639754730461873e-13,447.6676612229008,3.639754730461873e-13,det1,computed_linefit,38.0893721066993,206.85216510806652,0.1360425751106917,169.89464735071633,169.89464735071633,17.731375174632507,15.167020560155994,152.4024659814901,0.1114103568465975,210,"(0, 100]",2006
145.60861984765936,-141.93330343317845,3764.195087387402,1.7053025658242404e-13,419.6942675652245,1.7053025658242404e-13,det1,computed_linefit,35.351897888444306,39.14582774303409,0.1905599204286964,178.85842657207576,178.85842657207576,155.28142257229794,28.48498328162731,23.83341615953502,0.035862982822491,237,"(0, 100]",2006
164.7919541648247,-114.33522604352645,5288.886178242117,2.360884497795176e-13,492.2061989103448,2.360884497795176e-13,det1,computed_linefit,14.362189788237854,67.00378719533249,0.2436653994992151,179.08778343454915,179.08778343454915,170.06849928649757,11.721812382885108,10.641234106611185,0.0328295730366233,192,"(0, 100]",2006
141.62384022149274,-80.65289345858464,2100.1303294474465,4.059432074281432e-13,475.0674472954447,4.059432074281432e-13,det1,computed_linefit,44.10659340808822,99.55304873301311,0.228767764020202,174.26796493381994,174.26796493381994,17.49688915677778,28.330197262072858,156.77318357577576,0.0899217757919908,64,"(0, 100]",2006
160.02809224680632,-65.04794959590862,2985.4714340744795,3.021269154923701e-13,504.4020148473136,3.021269154923701e-13,det1,computed_linefit,24.897434386692765,138.9325922880982,0.1048167264029259,169.7032820993921,169.7032820993921,45.02003606828809,16.65414199025878,126.21229001328844,0.0397041362239013,260,"(0, 100]",2006
148.5272167322874,-6.914841230071885,4887.720378670324,1.3406493525361334e-13,479.12049997915386,1.3406493525361334e-13,det1,computed_linefit,32.08711400297619,174.40731695736963,0.271951795149601,179.07144459973225,179.07144459973225,26.499223994989503,29.91019613536612,152.84749650732215,0.0194899246857616,97,"(0, 100]",2006
150.80700430591773,-76.16612625986548,2592.036318233884,4.0194366942304643e-13,492.1571443004567,4.0194366942304643e-13,det1,computed_linefit,32.063995681445164,106.40176331505698,0.2399357375468196,176.8455502844023,176.8455502844023,64.23485820424558,28.9697714272008,112.744701088527,0.0276343013537195,146,"(0, 100]",2006
138.73584929272255,-162.66048057511244,2982.291931688905,409.5923975486192,8.03887338846093e-14,8.03887338846093e-14,det2,computed_linefit,42.689268526349366,17.628855696790552,0.2595722803554767,178.5618066057512,178.5618066057512,3.8044123880838887,7.232852181616627,174.76166488498595,0.101582148550355,58,"(0, 100]",2006
140.66747571760396,-94.24489361902748,1848.9153327662543,447.4447150400295,4.1382633578908325e-13,4.1382633578908325e-13,det2,computed_linefit,40.32846072421261,88.11505700837695,0.2525795120174732,178.18994374761547,178.18994374761547,148.7872888557591,44.87032830705967,29.56621884486878,0.0193798218701559,68,"(0, 100]",2006
137.54815218118242,99.51816124077318,4544.991928594168,469.4004792394276,3.4576501834057014e-13,3.4576501834057014e-13,det2,computed_linefit,104.36984330865064,269.2028124163427,0.0758002197526999,117.39786087470044,117.39786087470044,,,,,18,"(0, 100]",2006
144.40361453998756,116.22628950555644,3734.199880112369,499.6295574961952,3.26540580689313e-13,3.26540580689313e-13,det2,computed_linefit,86.4168740600559,291.3739613274683,0.1361016707238312,129.02578674091316,129.02578674091316,102.3720221863502,90.42532915990267,26.69407105306216,0.1163316231498151,14,"(0, 100]",2006
152.9161124951619,-21.482637753730465,5920.486502147015,498.3223247229205,3.314512409159136e-13,3.314512409159136e-13,det2,computed_linefit,118.80553200866702,279.9861172976639,0.0212605029874436,50.4115264786436,50.4115264786436,,,,,8,"(0, 100]",2006
146.7871380457938,150.14648121117847,2133.4602956615545,501.4745876022691,3.06111178766429e-13,3.06111178766429e-13,det2,computed_linefit,89.46790813192345,217.69020571128564,0.0480022219242271,78.37821230191379,78.37821230191379,,,,,14,"(0, 100]",2006
145.6593933255606,150.1850733607601,4653.298263596592,501.0760873431371,3.410605131648481e-13,3.410605131648481e-13,det2,computed_linefit,122.14380169733568,243.07464797849957,0.024337246633471,65.4661217615041,65.4661217615041,,,,,21,"(0, 100]",2006
130.8736489642757,-52.90697915725789,2082.184009961221,505.5159072085253,5.71269289430398e-13,5.71269289430398e-13,det2,computed_linefit,60.85963035410112,141.0548211511975,0.1353772371478189,163.65674424829425,163.65674424829425,149.9365099988532,134.45442823360133,13.880764796305847,0.0972608740391567,40,"(0, 100]",2006
150.99985971608743,-150.9034620952625,3562.3510671433683,448.2014368847164,4.547473508864641e-13,4.547473508864641e-13,det2,computed_linefit,30.67875262351061,30.11876743892376,0.2435734052102569,178.24607481413807,178.24607481413807,17.905550945424388,20.611428874223385,160.4102199330556,0.0516249985044369,57,"(0, 100]",2006
143.63011611724116,-74.6380211281028,2684.295356357109,486.7706763382358,3.639754730461873e-13,3.639754730461873e-13,det2,computed_linefit,36.20005696236969,105.9584239388603,0.2713869178969714,179.60829503289142,179.60829503289142,11.555522435172763,18.113121224253916,168.34961975184507,0.0488274834452586,61,"(0, 100]",2006
136.3905411950329,-110.9984645407339,3942.725209311888,396.3538130984549,3.979039320256561e-13,3.979039320256561e-13,det2,computed_linefit,43.76938919449573,68.98616463880414,0.2715529275207756,179.8397175683433,179.8397175683433,1.049019006002545,1.3383781991029384,178.7931030412207,0.1803735353655632,52,"(0, 100]",2006
145.59703526272202,-86.71388220238316,3436.0063351791514,471.9774801066832,5.824717144355189e-13,5.824717144355189e-13,det2,computed_linefit,34.78928805666481,99.08321082387702,0.2498180556649921,176.686876244225,176.686876244225,170.78011227262098,36.71270230238294,6.682152788597384,0.1081018244222402,74,"(0, 100]",2006
139.6325598784395,-109.09130051964578,2558.1897726743373,414.5007092290186,4.2537719614005497e-13,4.2537719614005497e-13,det2,computed_linefit,41.768881655480826,69.68379751740808,0.3223651303520461,178.38401171412187,178.38401171412187,0.4888717901861458,0.8807973540511277,177.89547509076476,0.1746804098235765,50,"(0, 100]",2006
144.19038025266116,150.82746188513767,4857.671043718825,500.0407849968231,1.607774677692186e-13,1.607774677692186e-13,det2,computed_linefit,35.309726847829346,327.37534175422144,0.1093599826376622,177.9313537963604,177.9313537963604,12.575742941421716,12.08172706595444,166.86149156141562,0.0838807244643318,24,"(0, 100]",2006
155.34985262607094,115.68468021265012,3471.577195988253,503.2562161803184,1.1368683772161605e-13,1.1368683772161605e-13,det2,computed_linefit,115.33923704347436,230.50190663858265,0.0614479577544246,76.6581272098798,76.6581272098798,,,,,21,"(0, 100]",2006
148.59791414538887,20.34721468807476,2069.180921461108,445.9428296122903,2.411662016538279e-13,2.411662016538279e-13,det2,computed_linefit,152.29149368062292,308.63818245681915,0.0424364603344872,33.72752728260517,33.72752728260517,,,,,15,"(0, 100]",2006
153.83864422156446,-179.48686579963504,4872.803511698782,480.6636421154015,1.2710574864626038e-13,1.2710574864626038e-13,det2,computed_linefit,25.835585626432053,1.4253218446750298,0.2192832534751881,179.48424665818098,179.48424665818098,9.546197170655317,16.323165302268674,170.9045717380181,0.078642090598921,107,"(0, 100]",2006
160.43931557496367,-139.57095473982085,2530.8481857339907,478.28290669995255,2.842170943040401e-13,2.842170943040401e-13,det2,computed_linefit,17.571799191377895,38.15608489798512,0.3667600005428114,177.88389239777976,177.88389239777976,178.17736052822085,26.119932836508465,0.3285098951542904,0.307431164577424,36,"(0, 100]",2006
160.31768612151689,-88.16981765891178,3558.0967193976744,494.4275456999827,2.411662016538279e-13,2.411662016538279e-13,det2,computed_linefit,20.997978305208203,90.77512013069874,0.3106030903853015,178.63423027347457,178.63423027347457,173.3935721520704,8.638426379929033,5.348436056610923,0.0541642888225478,39,"(0, 100]",2006
139.69320819878536,-92.11883338336094,3963.673176883478,449.2345829909975,4.099037227506402e-13,4.099037227506402e-13,det2,computed_linefit,41.00722164818392,87.89834195733752,0.2807407359807902,179.2994807753839,179.2994807753839,1.297333500338904,0.9198896926397144,178.00489602143807,0.1842917962361691,49,"(0, 100]",2006
145.95479753063657,-148.05025659283476,2974.1079591325706,424.4876281054201,2.542114972925208e-13,2.542114972925208e-13,det2,computed_linefit,33.72735091447856,32.499901584229825,0.3023492220688329,179.55828078296102,179.55828078296102,3.6654934180675287,33.01253514123408,176.49400880245148,0.0368876365191542,57,"(0, 100]",2006
145.06298047826425,25.83478787260969,2204.084428641328,425.7751892867588,2.898457019905882e-13,2.898457019905882e-13,det2,computed_linefit,133.95190858245076,129.16124307943016,0.1419788655424185,61.709472711984766,61.709472711984766,44.07897229840452,44.14357521399717,25.09679075221072,0.2457127859660865,4,"(0, 100]",2006
150.6773704987,-164.9548080296878,2389.171786960098,458.3361790428289,1.607774677692186e-13,1.607774677692186e-13,det2,computed_linefit,30.56637889122901,10.317719120268046,0.3122365010923519,177.3333805577892,177.3333805577892,10.007811589827222,28.3171078286306,167.54605379104478,0.0413002992101412,52,"(0, 100]",2006
149.88947066488555,-85.23764111366617,2148.998458080479,481.4250014624761,3.06111178766429e-13,3.06111178766429e-13,det2,computed_linefit,29.62507049785423,94.420352139034,0.2595241194650239,179.48553211510455,179.48553211510455,9.9285656242522,17.320652169478294,170.58586707590794,0.0383080000376993,55,"(0, 100]",2006
150.61003508350458,-100.01740235807694,3219.669002265221,465.89567693672416,3.06111178766429e-13,3.06111178766429e-13,det2,computed_linefit,29.950629859327844,81.48101631786717,0.3061793495906625,179.07024764112964,179.07024764112964,170.77477424076446,27.96185806032964,8.38668354775869,0.0292184236461288,36,"(0, 100]",2006
157.6213513136895,89.54718321744592,5412.625703573807,489.3212138937293,2.3437142008433856e-13,2.3437142008433856e-13,det2,computed_linefit,52.95749952855571,264.66599480892097,0.0713651742093432,149.29724717108758,149.29724717108758,,,,,23,"(0, 100]",2006
141.4853229119683,-34.419570583662,4141.116493369121,503.4702701133198,4.582862941503293e-13,4.582862941503293e-13,det2,computed_linefit,58.570252168047496,146.62943861612146,0.1992446731531396,159.92955141976176,159.92955141976176,47.58073215064884,45.41447475245916,113.80372406984188,0.0983257665254834,20,"(0, 100]",2006
142.92342841532434,48.20417575108537,3403.90294843896,405.722390412108,4.291584011338472e-13,4.291584011338472e-13,det2,computed_linefit,145.32976778752106,202.56182001751705,0.0635784362520649,69.6964954653563,69.6964954653563,,,,,14,"(0, 100]",2006
142.58442143083235,-135.89948459849592,3352.6056596368035,402.9859569312986,6.226884551155832e-13,6.226884551155832e-13,det2,computed_linefit,38.52592223242893,45.91400015576394,0.1740047832204246,178.42599404839606,178.42599404839606,0.9552329193636834,0.9308715937469756,177.89975296494524,0.2820451138678629,127,"(0, 100]",2006
131.23400839432253,-159.5374024976933,4670.607388429346,367.097518896909,3.639754730461873e-13,3.639754730461873e-13,det2,computed_linefit,49.9881430943571,19.438541825348032,0.2629286018775216,178.5516486887186,178.5516486887186,166.31198544123086,33.17205908027228,12.340974305243773,0.0597423311829561,79,"(0, 100]",2006
139.61776264646073,71.42643298696795,4603.490421987666,415.62309386335806,3.06111178766429e-13,3.06111178766429e-13,det2,computed_linefit,153.35363583282574,164.2441830294916,0.1411091256087887,48.19848438471728,48.19848438471728,42.41096009039258,42.64986646518266,8.574356408945166,0.2301282338798754,9,"(0, 100]",2006
135.60634772636655,83.70851653572099,2501.918094652426,428.253078216417,5.684341886080803e-14,5.684341886080803e-14,det2,computed_linefit,106.23509597827348,286.4018264107453,0.1059667099582394,114.82911415322158,114.82911415322158,85.46174354816769,89.91857559966591,32.32717088861446,0.11037643194199,13,"(0, 100]",2006
135.85010558684647,-48.52658773621329,6576.171438330405,507.3222392134623,4.43961293735052e-13,4.43961293735052e-13,det2,computed_linefit,53.32991757008863,135.35372507537144,0.1458764322065847,170.37090221069292,170.37090221069292,132.72773465574593,49.80720250056556,37.65996126887495,0.0547032475145273,56,"(0, 100]",2006
147.16578613222097,-136.48290770475396,2049.743925721847,426.3436450478434,3.9382275817135387e-13,3.9382275817135387e-13,det2,computed_linefit,31.68517056159914,44.911396689829125,0.3101472323436763,178.6310636162513,178.6310636162513,178.19311633944724,32.5033069788446,2.3688399220862384,0.0557816586293757,55,"(0, 100]",2006
145.31947822126165,-69.3417385309323,2883.700464726344,494.59790599728535,3.639754730461873e-13,3.639754730461873e-13,det2,computed_linefit,35.64900131740811,115.85818193293632,0.1845930974166657,176.85340003641653,176.85340003641653,168.76079826150823,111.59752701522343,8.329690189705868,0.0877701155132631,50,"(0, 100]",2006
142.39117071514048,35.345654018942305,2230.298061021317,404.7918139356295,2.3437142008433856e-13,2.3437142008433856e-13,det2,computed_linefit,147.34972576132796,164.94392919305247,0.0794148618005637,62.79656780523908,62.79656780523908,,,,,8,"(0, 100]",2006
156.75153824506,-25.1231190771589,6280.231634111648,502.4461292831277,3.314512409159136e-13,3.314512409159136e-13,det2,computed_linefit,81.94151576784913,164.5750421223898,0.0416927334436665,120.93313617382744,120.93313617382744,,,,,45,"(0, 100]",2006
139.18020303731524,-101.75735141501704,1813.2455138364448,427.2792219001361,4.099037227506402e-13,4.099037227506402e-13,det2,computed_linefit,40.40786298978514,80.4314064224194,0.2759502166842562,178.51692059753617,178.51692059753617,176.6515980347149,38.87012166505041,2.4800082598410382,0.10609603532393,43,"(0, 100]",2006
160.49573358517245,-105.85311030999895,2300.6531459766784,485.93387470478086,2.049518613753201e-13,2.049518613753201e-13,det2,computed_linefit,18.30435462345985,76.88949657108752,0.2731429358440271,178.50720094178615,178.50720094178615,2.208715444962164,1.8974043514429104,176.98864982723512,0.1550096146159743,46,"(0, 100]",2006
138.24390219579465,-46.61583657879234,1897.7856906570607,507.52918811893846,3.8131724593878125e-13,3.8131724593878125e-13,det2,computed_linefit,40.55981280997875,128.91995752153517,0.3245754589025728,176.82836441295223,176.82836441295223,175.2237561878791,53.7175043009766,4.841103730456739,0.1199579570222486,16,"(0, 100]",2006
157.5811071478558,-54.589032547529655,2270.9748493035218,506.7319281464862,2.842170943040401e-13,2.842170943040401e-13,det2,computed_linefit,11.27603016507095,126.76675503986496,0.0529694801560196,168.85094949831327,168.85094949831327,,,,,14,"(0, 100]",2006
140.29183056580166,-51.70623209275893,4499.775888755639,506.5574001023337,4.43961293735052e-13,4.43961293735052e-13,det2,computed_linefit,42.14498466343162,133.03187198001712,0.2006412537891778,176.05515202234037,176.05515202234037,8.747295528918102,6.230714074501994,167.7826168328467,0.1175055536406922,58,"(0, 100]",2006
158.73670300852453,156.1140635293437,3994.737956994497,502.6939245794836,2.049518613753201e-13,2.049518613753201e-13,det2,computed_linefit,121.8823813230797,260.5294097649844,0.0271906815619946,65.44548062835155,65.44548062835155,,,,,44,"(0, 100]",2006
155.91803757359838,-82.57766088343669,2173.326613807722,492.36992335251887,1.7053025658242404e-13,1.7053025658242404e-13,det2,computed_linefit,24.54963144927586,99.47676898571412,0.2628707139485118,179.0334551921769,179.0334551921769,1.612878648587344,2.61866745877233,177.86773361396308,0.1480748090800219,55,"(0, 100]",2006
158.54474351784913,-124.50217944309372,6975.209818256031,473.7778495712349,2.3437142008433856e-13,2.3437142008433856e-13,det2,computed_linefit,21.133797774390963,54.88795989124348,0.250696508251744,179.60963440987342,179.60963440987342,4.694917040865655,7.131404359694251,175.41958322417537,0.0495560090135994,55,"(0, 100]",2006
156.01302570228532,-154.0807389496793,3164.086364950834,467.95265483611416,1.7053025658242404e-13,1.7053025658242404e-13,det2,computed_linefit,24.110299063578022,27.63425163538088,0.2310608004363954,179.29034677366812,179.29034677366812,1.5812918388228925,3.3286938962119272,178.18059556676997,0.1730985592469815,30,"(0, 100]",2006
149.84438333515266,-143.97227100493015,5284.1432214755005,440.1128102753139,3.8131724593878125e-13,3.8131724593878125e-13,det2,computed_linefit,29.555458857757348,37.87140813035526,0.2354161987812145,178.90344461747333,178.90344461747333,2.614577296675728,3.532727582866757,177.5026559300682,0.1376996258074101,92,"(0, 100]",2006
133.3540829162018,-107.9602292699168,5207.427567233224,389.5015681146224,4.547473508864641e-13,4.547473508864641e-13,det2,computed_linefit,47.07370409670268,71.23062825178347,0.2781420683017823,179.2709006910478,179.2709006910478,87.66675479940335,15.20953994695173,92.11827775498682,0.0102349492758219,93,"(0, 100]",2006
134.98995725650988,-165.73740930325698,1787.0800509814574,400.0726778036351,6.55550286107359e-13,6.55550286107359e-13,det2,computed_linefit,45.09593110705551,12.987495974510406,0.2618355923335309,179.09347018996635,179.09347018996635,171.1643976499104,28.840788663588256,8.206289920611539,0.0483750367746765,58,"(0, 100]",2006
140.73281549721025,-73.97339695326164,2880.0241870484792,3.8553082408300657e-13,484.8431099989004,3.8553082408300657e-13,det1,computed_linefit,40.3129310288267,106.616891767199,0.2381219164600274,178.88812106802592,178.88812106802592,72.70088896551731,20.96091742345196,106.21798139011064,0.0216730463892145,154,"(0, 100]",2007
141.71243885481624,3.905723355767048,5837.428510878897,2.1268859807002749e-13,446.6937100667879,2.1268859807002749e-13,det1,computed_linefit,42.447101966850106,186.03138084828663,0.2377083563969693,175.619038294026,175.619038294026,35.99443604940442,26.908851340204446,139.67663268780908,0.0419138634194353,189,"(0, 100]",2007
163.84370616887702,149.50616721358057,5725.766766493816,2.4777471841961613e-13,506.0880297593633,2.4777471841961613e-13,det1,computed_linefit,16.59124351155148,319.9453710654217,0.1857789379727322,177.2729895823405,177.2729895823405,154.3005550696981,11.77704956319142,24.03281051932652,0.0317503870567244,300,"(0, 100]",2007
163.50379569705598,-77.59907540485865,2491.4076441609272,3.5979010423182454e-13,501.9083521463604,3.5979010423182454e-13,det1,computed_linefit,17.811352578226675,99.35811041144756,0.2183598036218012,178.40824277003568,178.40824277003568,49.700818443190734,19.639233260040484,128.9498455800618,0.0155970375697297,106,"(0, 100]",2007
165.32455862831182,-49.61085103905931,2774.0072000862533,1.797546735911271e-13,507.4750042632852,1.797546735911271e-13,det1,computed_linefit,16.524066528275334,125.12981619488436,0.2657285585135012,177.67415457286052,177.67415457286052,135.45818813152752,9.747915247313475,42.66240342054012,0.0206123557071059,115,"(0, 100]",2007
158.15164183443324,9.09419612572968,2382.6937313253684,2.415845301584341e-13,483.2903382762372,2.415845301584341e-13,det1,computed_linefit,26.086588926569675,193.49635128129705,0.1731091215192202,175.40266664191793,175.40266664191793,159.30577125460135,43.8022397371016,16.139083580630896,0.0686307987238534,101,"(0, 100]",2007
152.3291355573308,-170.6837340438419,4086.249048977416,3.907339045345998e-13,468.8459563081078,3.907339045345998e-13,det1,computed_linefit,28.355973195735217,11.993759502015244,0.2511538709484172,178.56808166724278,178.56808166724278,40.21107248372879,14.186982638414037,139.12157703389843,0.0153389828651612,126,"(0, 100]",2007
144.68710169014437,179.84539289510167,3340.8525120194217,1.6140428288623168e-13,461.5004363469416,1.6140428288623168e-13,det1,computed_linefit,33.62686996523952,0.8642053396385436,0.2851329474303627,178.21814706431883,178.21814706431883,174.41335306171297,41.21046163977649,7.348878693284688,0.0913535716845589,145,"(0, 100]",2007
133.87513333228503,65.41142536129848,4927.166155344053,2.4777471841961613e-13,376.7322427201544,2.4777471841961613e-13,det1,computed_linefit,55.76156609643948,247.66689325735476,0.1367138694876674,170.20654609445464,170.20654609445464,160.5888759113098,117.38254368879385,9.773892433083851,0.0936448990816144,115,"(0, 100]",2007
164.23113249763966,-77.91145186939674,3176.8897051856843,2.49399488080602e-13,502.29012324520687,2.49399488080602e-13,det1,computed_linefit,19.162667800934297,116.35889364941168,0.1473363390247417,174.55859038005443,174.55859038005443,12.13395719565264,9.493284762534188,162.91224940608117,0.1172944912883003,257,"(0, 100]",2007
163.1887616418085,-96.35646729106826,7163.33067639708,2.527175872128672e-13,494.80307697818,2.527175872128672e-13,det1,computed_linefit,18.5665233555083,88.51452362036129,0.2177183150487262,177.70541304364724,177.70541304364724,26.381514459331644,14.354276318103148,151.42256592715754,0.0342303049365192,161,"(0, 100]",2007
163.47396394819137,163.45420047738455,3190.6353245442265,3.7732428516368814e-13,502.47093721032047,3.7732428516368814e-13,det1,computed_linefit,17.545644596390908,351.85703889536484,0.1515054876962914,177.3382776062068,177.3382776062068,12.750990075642964,10.878387659410304,166.14767446838914,0.0816989040635996,168,"(0, 100]",2007
150.87821833438602,-118.8283307911548,2491.846491515488,3.6838745804788353e-13,449.3434716327975,3.6838745804788353e-13,det1,computed_linefit,30.182570307176302,56.008555190091535,0.2539127445647626,177.23507525804263,177.23507525804263,13.83522753271865,11.031896623653036,164.81675975573154,0.0955301741081148,100,"(0, 100]",2007
168.64282790675122,-33.14185136999454,2926.5375377806936,1.6327029034465652e-13,507.0471085171925,1.6327029034465652e-13,det1,computed_linefit,11.063669226782093,159.38138388569686,0.1859060592615378,177.55252798059027,177.55252798059027,169.3628458233399,28.865069231357616,9.593689560597332,0.0607789258748341,208,"(0, 100]",2007
137.89325834292336,-115.31653710996684,2634.646496600668,5.62721137192265e-13,395.3990490611653,5.62721137192265e-13,det1,computed_linefit,44.69720633928977,66.27276868645286,0.1856262681544178,177.18892973589016,177.18892973589016,13.01066287041883,14.92340805218935,164.32463918230783,0.0765457234987823,113,"(0, 100]",2007
143.8243510585133,137.8787103235144,3306.4547120681527,3.314512409159136e-13,507.0923352284421,3.314512409159136e-13,det1,computed_linefit,40.52755358428156,310.3477962507532,0.2102802448638097,173.620798675919,173.620798675919,132.34893008202673,35.647665789490325,41.6961292436494,0.0440194769746268,101,"(0, 100]",2007
160.08124255264855,-51.73931057582204,3973.781705057609,2.953670686285155e-13,507.2518190946305,2.953670686285155e-13,det1,computed_linefit,26.62047914902398,136.3246500183605,0.1040619281823265,172.5940166080372,172.5940166080372,18.669887677805967,15.576475403545532,154.00042953357774,0.115926101754866,351,"(0, 100]",2007
140.26804525228795,-108.80372857707114,2168.0952551029627,5.178681919428697e-13,417.699459505983,5.178681919428697e-13,det1,computed_linefit,40.46101010767546,69.50990803915805,0.256420553990598,178.69190803765483,178.69190803765483,4.4376337751650015,8.421009457416268,174.7927918085576,0.1243809213671823,144,"(0, 100]",2007
156.18933890028947,-35.95346563633058,7865.470783556725,3.362902011246897e-13,506.2517172391975,3.362902011246897e-13,det1,computed_linefit,25.3796172512714,145.63694640493267,0.2002411592542499,178.2972554301059,178.2972554301059,168.38088395660984,26.280228457104418,9.934291491301234,0.080390321222257,208,"(0, 100]",2007
145.03394869516478,58.31266889447328,3721.931115744667,3.8553082408300657e-13,422.3385533746394,3.8553082408300657e-13,det1,computed_linefit,36.4980402369292,238.21459014261384,0.2805448309283259,178.46694113786822,178.46694113786822,9.771904328241874,24.02212026410658,168.6972576320353,0.0725806158149037,78,"(0, 100]",2007
140.21303183640035,50.28921062751986,1630.8918955568652,2.411662016538279e-13,391.8397459606157,2.411662016538279e-13,det1,computed_linefit,39.60748171969366,230.45552681586744,0.2584838396224408,179.7914324957346,179.7914324957346,163.53295585963016,71.9924988419608,16.61696990378023,0.0672306861307125,35,"(0, 100]",2007
145.91890433494737,-153.17519627236496,4247.375827571343,5.271441804947985e-13,428.41796406016215,5.271441804947985e-13,det1,computed_linefit,143.39063143782997,209.0984388286769,0.1201026628598868,2.849574815708304,2.849574815708304,4.594829805030068,7.061072532243919,7.19749643815338,0.1873874922310561,206,"(0, 100]",2007
156.46962892293973,148.44111137362418,3779.77481176972,4.475855276957538e-13,504.9422567589797,4.475855276957538e-13,det1,computed_linefit,25.129024540936165,325.31772352571045,0.1577655413774223,177.94829137646093,177.94829137646093,32.514678975659734,18.62348410729213,145.64314110116212,0.0322485923707556,90,"(0, 100]",2007
162.1447032671656,-149.83874255924366,2489.233911541081,3.8553082408300657e-13,484.4292367498037,3.8553082408300657e-13,det1,computed_linefit,18.7933553475755,24.336690522850773,0.2754660877076444,177.9436468191778,177.9436468191778,149.4319532127956,11.135770154783566,29.586571557873448,0.0203783185391868,195,"(0, 100]",2007
142.4729394003461,134.1331576781254,2961.990229276255,2.898457019905882e-13,507.5343640595388,2.898457019905882e-13,det1,computed_linefit,39.99808650017469,310.3918421345481,0.191456724896188,176.59604713313163,176.59604713313163,168.72242003747948,44.70337256185361,7.982970016078481,0.0998595961819722,110,"(0, 100]",2007
143.5085273213696,-130.97181811850157,2982.252527509849,2.411662016538279e-13,408.8185667531132,2.411662016538279e-13,det1,computed_linefit,38.071642344174215,46.57186261621474,0.2352703703604385,177.8298346038439,177.8298346038439,69.58003318628623,19.731079271418345,108.50585961891105,0.0175197458108844,116,"(0, 100]",2007
157.92275305189847,140.61118471511034,3116.8783242463496,2.666192676669783e-13,507.0306258124974,2.666192676669783e-13,det1,computed_linefit,29.702939311902128,314.0352328459944,0.1246404210134991,171.86235176253547,171.86235176253547,33.786032243291615,17.73871265426401,138.1621976149407,0.0540927155716539,210,"(0, 100]",2007
144.60669073388917,-109.39992854149531,3837.061107909667,3.8553082408300657e-13,434.28784353238416,3.8553082408300657e-13,det1,computed_linefit,37.60518644630163,70.18602613941883,0.2275246647341164,177.7744652030583,177.7744652030583,43.50830408788185,19.151729068165416,134.3270481265424,0.0206593080837526,155,"(0, 100]",2007
143.30373789782183,-149.44301809638347,4055.205389787264,3.06111178766429e-13,412.75706344044767,3.06111178766429e-13,det1,computed_linefit,39.451703759936095,29.95853114226912,0.1331787063791228,177.21998156136905,177.21998156136905,169.38619025944394,147.63163804915118,7.834068547550211,0.0781492664485887,165,"(0, 100]",2007
143.09577127517284,-122.29111900284964,3463.677589931892,4.059432074281432e-13,412.2453921854325,4.059432074281432e-13,det1,computed_linefit,36.65507513981249,54.21634914375085,0.2204398761621253,177.8943101341106,177.8943101341106,20.975594023546225,18.012436133996655,158.92410162936537,0.0410112658743489,30,"(0, 100]",2007
154.12186549631295,14.52355055504821,2153.559385236189,2.7408903977723625e-13,469.4290110665492,2.7408903977723625e-13,det1,computed_linefit,31.239349137995543,201.11034029976145,0.1415573747353392,173.78959537886084,173.78959537886084,41.30612697857711,21.24885762664728,132.82757359843362,0.061531756312257,172,"(0, 100]",2007
131.97615697001046,-90.73642365596848,4528.83013693813,4.4961132117454033e-13,432.8727051331064,4.4961132117454033e-13,det1,computed_linefit,52.97468659600782,90.94154054281276,0.2280679966998363,174.8829699518849,174.8829699518849,22.59775065425368,15.730838755659205,152.30540888822756,0.0919239401268474,53,"(0, 100]",2007
156.35114642973414,-56.85449361268584,6003.832170148268,3.639754730461873e-13,506.1137302865629,3.639754730461873e-13,det1,computed_linefit,26.22370255390537,124.31235065389288,0.2133707382624086,177.37869262030182,177.37869262030182,22.664730482524163,13.243233070990804,154.72420897232163,0.0296591395444705,198,"(0, 100]",2007
165.43546270501966,43.692920077559286,3692.937389887554,1.797546735911271e-13,491.2804719299148,1.797546735911271e-13,det1,computed_linefit,20.148092262464857,221.67727612068063,0.1189497948259875,174.38497323365732,174.38497323365732,41.520237324374,16.71139039386458,132.88792927257063,0.0395452864850774,243,"(0, 100]",2007
154.64399638931994,6.673553010075644,5033.556575308004,2.348018546436252e-13,477.1417825800474,2.348018546436252e-13,det1,computed_linefit,30.24341723685828,183.25994241958463,0.1673124303859665,174.86164339089893,174.86164339089893,64.21186257088213,48.42014414730166,110.93880588408072,0.032026745037299,240,"(0, 100]",2007
161.1231757378678,173.29143448189487,2250.056214543641,1.9895196601282805e-13,496.65638864890286,1.9895196601282805e-13,det1,computed_linefit,24.77385784227256,347.7306414748141,0.1736763863216471,173.75725849058097,173.75725849058097,22.011636772842856,10.758324187969764,151.7459330343176,0.0718734038643431,181,"(0, 100]",2007
167.90578087497062,70.30929828093053,2336.544003096098,1.9895196601282805e-13,498.5689648330008,1.9895196601282805e-13,det1,computed_linefit,16.911006100292063,247.45492233473155,0.2161835364641575,175.13189111250634,175.13189111250634,1.163872161398644,0.5580840999947946,173.98094950225732,0.2218305243094851,112,"(0, 100]",2007
157.97249945619475,21.449266337523103,3214.6484093229883,1.392373714442771e-13,476.1174949646952,1.392373714442771e-13,det1,computed_linefit,23.619570381254768,202.4387666193712,0.2842435553208696,178.36236996969382,178.36236996969382,146.97137014913193,30.48140043229317,31.43682251688801,0.0275303862775532,110,"(0, 100]",2007
145.96893921125488,-43.21990644574869,3483.3836625742056,3.979039320256561e-13,507.3336940511303,3.979039320256561e-13,det1,computed_linefit,36.758040102051886,138.39587323918906,0.2439260174848871,177.1171066976019,177.1171066976019,132.13894661950033,22.46750396308395,44.97816748095604,0.028570383107052,181,"(0, 100]",2007
157.33917092796037,-129.58679112709274,3148.7785729332863,3.8131724593878125e-13,468.8099024847998,3.8131724593878125e-13,det1,computed_linefit,23.17871156852111,50.76398403092867,0.2563735995699429,179.46440564895613,179.46440564895613,6.629743802994076,8.919307666891926,172.89149244733088,0.0439956539797129,91,"(0, 100]",2007
146.175853512214,104.86960511167996,4873.768204850348,4.338385657113618e-13,488.7861163306518,4.338385657113618e-13,det1,computed_linefit,39.5112821811028,280.30022455970584,0.1241779132292251,173.69542869922438,173.69542869922438,152.9999501937807,55.9861753096033,20.821388799979296,0.0632788625579763,223,"(0, 100]",2007
138.79742187297154,-4.451678933602271,4063.3570459736447,4.041982792082278e-13,456.2811256654574,4.041982792082278e-13,det1,computed_linefit,43.09248214427284,174.8492344877269,0.2814957286516833,178.05276790218278,178.05276790218278,7.807892069442196,25.536657500941715,170.4220255059902,0.1052417585913806,69,"(0, 100]",2007
162.02160906791025,-40.593710195183306,1907.7363154521145,2.953670686285155e-13,507.3160546949872,2.953670686285155e-13,det1,computed_linefit,18.329596679393607,145.45603662443216,0.2516658247570866,178.08348947815463,178.08348947815463,18.414971223063866,9.940496207165127,160.35628657332026,0.027403936691495,94,"(0, 100]",2007
145.43978201926055,-107.56362065881927,3647.842957670495,4.366225850770097e-13,439.9986143468989,4.366225850770097e-13,det1,computed_linefit,36.16928320930106,71.65559305919993,0.2300949129197221,178.32870950760125,178.32870950760125,172.1210198271847,36.6130914647111,6.297313605470503,0.135484231070968,189,"(0, 100]",2007
155.08517334764045,120.20133112628584,2623.8796341936286,4.059432074281432e-13,505.0445724906832,4.059432074281432e-13,det1,computed_linefit,24.807866856237315,297.843271987988,0.293364432428419,179.00292200575487,179.00292200575487,178.56661466457334,28.829987419793067,0.7743001978117356,0.1897896588715346,81,"(0, 100]",2007
156.9629407097393,93.24575794797464,1865.8680483461544,2.9842794901924213e-13,490.8554728792957,2.9842794901924213e-13,det1,computed_linefit,22.618403353941726,270.8898662953394,0.2607572222331338,178.99476645812902,178.99476645812902,103.78479343557,34.71121497952454,76.13041583237374,0.0110300407871882,70,"(0, 100]",2007
132.14240776240797,36.70282451060143,4062.237102885013,2.666192676669783e-13,343.8966804611106,2.666192676669783e-13,det1,computed_linefit,66.53958838821117,217.94219530044396,0.0910809587869472,161.28956160929698,161.28956160929698,,,,,81,"(0, 100]",2007
136.10489942175997,-66.03786753194208,2630.2025824048374,3.314512409159136e-13,493.1896728860736,3.314512409159136e-13,det1,computed_linefit,47.94275394482133,118.45368260740902,0.1434321169462502,174.8255518249574,174.8255518249574,132.74167862602346,37.98271669715624,42.411986566086455,0.0411032423643081,123,"(0, 100]",2007
131.26771887281987,95.56636983741107,6911.114364140507,1.6327029034465652e-13,449.2360682879702,1.6327029034465652e-13,det1,computed_linefit,85.98007105751404,259.7145741923269,0.0360926621441307,140.13099642514922,140.13099642514922,,,,,81,"(0, 100]",2007
168.11171951465224,125.14256130572102,2357.0950647095115,1.885282921623116e-13,507.2971218215309,1.885282921623116e-13,det1,computed_linefit,10.527647709708422,299.0294841837931,0.3031706273638135,178.19535925741047,178.19535925741047,4.933113915876217,3.788607555678496,175.25976654417417,0.1171001330440946,163,"(0, 100]",2007
144.3734419849542,-171.94129342252265,4911.014218401529,447.2080282093909,5.362597410144534e-13,5.362597410144534e-13,det2,computed_linefit,35.20021321053,7.007441917324989,0.2550723520374554,179.25646187494868,179.25646187494868,2.9389754652223057,5.9471697867423785,177.04386667993867,0.1413330886676571,112,"(0, 100]",2007
156.25402735395448,35.42739011362836,3805.901921031908,465.6146676429845,2.898457019905882e-13,2.898457019905882e-13,det2,computed_linefit,34.904741037643475,308.9731900542388,0.0352745871976346,137.42764885383892,137.42764885383892,,,,,13,"(0, 100]",2007
152.70468921246197,122.41879167631652,2103.014749088106,505.4559099025061,1.1368683772161605e-13,1.1368683772161605e-13,det2,computed_linefit,55.07595215033213,249.3850713891024,0.1092324921829294,137.29430453329536,137.29430453329536,99.99114080492544,128.57283798597115,37.40736130231547,0.0761382642022806,18,"(0, 100]",2007
130.43558116724483,118.3821900837868,6969.547006603679,497.0067330783425,3.410605131648481e-13,3.410605131648481e-13,det2,computed_linefit,77.90529398632864,306.1504243358907,0.0697190919907447,150.8454697670243,150.8454697670243,,,,,17,"(0, 100]",2007
139.42533142450657,90.63050996917764,2417.8395439350056,454.5016683486532,2.542114972925208e-13,2.542114972925208e-13,det2,computed_linefit,141.827716733875,231.0233460483527,0.0874522989869269,73.29609737151546,73.29609737151546,,,,,5,"(0, 100]",2007
150.31675420749477,-42.43825912522966,1670.9829673350127,507.2814249895288,3.8131724593878125e-13,3.8131724593878125e-13,det2,computed_linefit,28.591358628585592,141.84850902874834,0.1918522462986723,177.64503606558347,177.64503606558347,50.55401249270217,46.13347077472478,127.56021316681512,0.031313641850195,7,"(0, 100]",2007
149.16150744878345,140.32502442074508,2259.1878195568456,506.6765135206132,2.542114972925208e-13,2.542114972925208e-13,det2,computed_linefit,28.036658164527605,324.1607034064714,0.2899771655942841,176.6242564819151,176.6242564819151,97.84730312157542,28.71498090786263,85.1306344826168,0.0256846062297646,13,"(0, 100]",2007
141.7618608885987,83.89519901803854,3048.9808032791966,447.0497453274437,1.1368683772161605e-13,1.1368683772161605e-13,det2,computed_linefit,92.51479943081746,257.0817156165164,0.1001962286778739,125.4157378635748,125.4157378635748,51.30313828514468,56.02971536104184,75.7232259231305,0.1864762044479291,10,"(0, 100]",2007
150.6355976805223,27.679889240077728,3295.452462359746,447.81931769616097,2.049518613753201e-13,2.049518613753201e-13,det2,computed_linefit,137.2771391024435,214.00315273546684,0.0554114033778586,71.96534884213912,71.96534884213912,,,,,9,"(0, 100]",2007
139.5251479336376,119.03942574727124,8342.101652049862,500.5340459956716,2.273736754432321e-13,2.273736754432321e-13,det2,computed_linefit,51.36504653150288,281.03651243923986,0.0827364571219465,163.16966800967828,163.16966800967828,,,,,54,"(0, 100]",2007
144.30537161594197,62.740045199698535,6293.588255163585,423.3128132378113,3.06111178766429e-13,3.06111178766429e-13,det2,computed_linefit,93.29228808819715,275.6078479707093,0.0613129683243337,116.27099093801904,116.27099093801904,,,,,12,"(0, 100]",2007
141.64724933906135,-64.17471684674759,7426.996691465772,498.0683762429857,3.639754730461873e-13,3.639754730461873e-13,det2,computed_linefit,38.610920584147145,118.9543001718188,0.2404658061304084,178.03603270787542,178.03603270787542,21.684257056430308,30.109864752187462,157.23033847673082,0.0334556483578375,58,"(0, 100]",2007
137.3563293253511,-106.34628089089408,3858.381769667932,410.4887983117456,4.721768995590352e-13,4.721768995590352e-13,det2,computed_linefit,43.95005146967636,73.53676453274656,0.317128590494075,178.6911599062167,178.6911599062167,8.644157192875651,12.110119016128351,170.0579875805526,0.0617071506743294,54,"(0, 100]",2007
153.04179398349848,133.29430740279614,2260.1935801195946,507.533279013736,1.2710574864626038e-13,1.2710574864626038e-13,det2,computed_linefit,21.9155912530246,306.1816902955511,0.19708948880908,174.16991888124784,174.16991888124784,174.20853506173214,21.559050994791573,7.990376287220569,0.0724873830619818,20,"(0, 100]",2007
137.80386032097002,-50.4361549159344,5754.511468912672,506.89135075790216,3.8131724593878125e-13,3.8131724593878125e-13,det2,computed_linefit,50.25729492518983,140.3661052084003,0.1253466663836728,168.80354051897552,168.80354051897552,152.21881893175532,57.692429430676455,17.353474882270458,0.0804446875507898,96,"(0, 100]",2007
149.05639657375278,-101.47814808721586,3420.7147827458143,459.84487666325657,2.842170943040401e-13,2.842170943040401e-13,det2,computed_linefit,31.350265856879293,81.34721305886363,0.2495115060301777,178.48323036317015,178.48323036317015,173.01213229305114,29.829064004652214,6.01597014972279,0.0852452752542409,57,"(0, 100]",2007
142.84630062951018,-152.5128440630259,4609.638880401377,413.50585458914026,4.43961293735052e-13,4.43961293735052e-13,det2,computed_linefit,38.46021849720169,26.690426394741024,0.2264539588720767,178.6052024480794,178.6052024480794,161.46308431504903,15.707919340024617,17.17724533652902,0.040214237586272,83,"(0, 100]",2007
148.48946272200433,-78.6726048952366,3362.575742838849,487.0423767414483,3.639754730461873e-13,3.639754730461873e-13,det2,computed_linefit,31.094545195639757,104.25014543314856,0.1334671761439239,178.42566145324597,178.42566145324597,2.14492270501789,3.914787317952564,178.0175900393959,0.186704840896634,111,"(0, 100]",2007
139.8129738695555,119.37330439849954,5033.874345090898,500.9218597791308,1.1368683772161605e-13,1.1368683772161605e-13,det2,computed_linefit,98.02545212838754,295.33349265060167,0.042192088803527,122.0541853689165,122.0541853689165,,,,,19,"(0, 100]",2007
154.7909596012685,73.50230822649401,2466.276694120251,471.5690679577582,3.8131724593878125e-13,3.8131724593878125e-13,det2,computed_linefit,133.49722688539725,186.5129279509887,0.0717468725719674,59.868385218213525,59.868385218213525,,,,,25,"(0, 100]",2007
157.10489485443662,-39.09039199930898,2150.1135618252406,506.9650561505335,2.898457019905882e-13,2.898457019905882e-13,det2,computed_linefit,26.71770070148721,150.7351946535279,0.1963267307626534,174.38955662025904,174.38955662025904,169.7219907544549,34.168182963985004,5.30690276011977,0.1489296792776416,24,"(0, 100]",2007
136.5536735486987,-2.0566003658330776,3433.262408590605,445.7297620631375,1.797546735911271e-13,1.797546735911271e-13,det2,computed_linefit,114.3968844331332,202.7150150705307,0.1007301059231134,105.59036511454252,105.59036511454252,101.40425442354554,100.86379036880524,4.304866728024919,0.1060637296420947,21,"(0, 100]",2007
137.33578303166638,157.7826955728249,2692.1676147888948,487.92716050747225,4.291584011338472e-13,4.291584011338472e-13,det2,computed_linefit,48.41258583080042,350.29422525480817,0.2247759083302895,169.3996282517864,169.3996282517864,20.876469908969696,36.49954037908245,150.36312604049536,0.0813383855431742,14,"(0, 100]",2007
144.01551505958844,-3.8041037420258967,2899.694939342088,466.1562678761144,2.898457019905882e-13,2.898457019905882e-13,det2,computed_linefit,125.89982585957458,227.65110483169468,0.057533599307083,79.75270865108978,79.75270865108978,,,,,9,"(0, 100]",2007
136.38005823766886,27.316588994720856,4139.20137290877,380.8180424128728,1.797546735911271e-13,1.797546735911271e-13,det2,computed_linefit,107.47409650502377,206.3694720900789,0.0954476508506518,116.14010720743826,116.14010720743826,,,,,11,"(0, 100]",2007
137.6905469528339,55.60409857089017,5984.136011898827,381.874289592012,3.06111178766429e-13,3.06111178766429e-13,det2,computed_linefit,108.863466419311,279.40494236322104,0.0494752574173843,102.74687592128768,102.74687592128768,,,,,12,"(0, 100]",2007
132.63488965246654,11.89788277556269,2670.5511142530527,396.6093933334893,2.898457019905882e-13,2.898457019905882e-13,det2,computed_linefit,112.17850400895358,190.15762882398607,0.103922340516118,115.16671339855507,115.16671339855507,113.24333090904544,119.9234343285119,2.1353605841159724,0.109206549287578,12,"(0, 100]",2007
147.20894335605183,-34.07677381806021,2756.6645899104738,504.2874269601585,2.898457019905882e-13,2.898457019905882e-13,det2,computed_linefit,100.4821012074611,208.89950163689957,0.0716985145841884,95.107566991874,95.107566991874,,,,,22,"(0, 100]",2007
141.59105416651957,-82.92720818578347,2110.9143809830384,471.06591527915975,5.332385353339566e-13,5.332385353339566e-13,det2,computed_linefit,41.01321107789098,99.2926526672564,0.2717758823327147,177.03490516033162,177.03490516033162,2.0193908629233728,1.5009340579383017,175.1604162795445,0.2305972531880978,35,"(0, 100]",2007
144.22897401472437,-171.55999133311394,3290.1462470494484,446.1333070509336,2.049518613753201e-13,2.049518613753201e-13,det2,computed_linefit,34.68744243636334,10.295713812376825,0.2555667556181456,178.4769321365259,178.4769321365259,1.7132262698643608,1.8203869333008875,178.51894797115608,0.1548522411429147,58,"(0, 100]",2007
130.34150683937992,-48.980455002868666,2748.241771229234,507.1740622867272,5.115907697472721e-13,5.115907697472721e-13,det2,computed_linefit,67.9777204075804,154.37680178175663,0.0943125271592079,153.05167563829312,153.05167563829312,,,,,56,"(0, 100]",2007
150.8854106051225,-142.80089245342455,4191.877420051291,444.2276450918009,4.43961293735052e-13,4.43961293735052e-13,det2,computed_linefit,30.70162984051016,34.59308142462476,0.2072119559696429,177.94919258690277,177.94919258690277,4.8882428039238,5.423804606093269,173.07720494667322,0.104758989526735,48,"(0, 100]",2007
158.8715659598606,136.42472807526835,2188.409806677289,507.4672322245261,2.049518613753201e-13,2.049518613753201e-13,det2,computed_linefit,23.49230449591713,298.5672673841308,0.270195218204152,172.8512704395403,172.8512704395403,170.63699183512543,101.4281593803576,2.5006172280533288,0.1883390178672742,15,"(0, 100]",2007
152.09312150020833,56.80414733634044,3060.872201072405,451.7635160640359,2.049518613753201e-13,2.049518613753201e-13,det2,computed_linefit,133.95473205803862,154.85394260362338,0.178322852055645,55.51491554713663,55.51491554713663,52.33445223406983,54.21828753253413,3.682449214113777,0.1890575697216836,9,"(0, 100]",2007
130.1358360019471,-108.59849327920976,3087.732611156216,373.0486679264665,5.240704272917405e-13,5.240704272917405e-13,det2,computed_linefit,38.98782028116383,51.14668868044629,0.1010225166817508,162.2306321571136,162.2306321571136,0.3974629143118126,0.7813992054199127,162.4825494325284,0.2925877089406244,65,"(0, 100]",2007
152.18579875556736,86.4155239164207,2221.151880078661,476.6998344006941,5.684341886080803e-14,5.684341886080803e-14,det2,computed_linefit,21.088677024495105,308.92754381779446,0.1534754167545392,161.6199960951227,161.6199960951227,152.83835026245788,96.05779606368024,20.58938467386617,0.0507939420877163,9,"(0, 100]",2007
151.71583397673865,-160.28877403465,4450.856603595458,457.5409570375278,2.542114972925208e-13,2.542114972925208e-13,det2,computed_linefit,29.54066950173464,20.871225595583727,0.2140482543998119,178.62406990176726,178.62406990176726,169.10720121780244,18.77373323473828,9.635011848732688,0.0843657635515232,93,"(0, 100]",2007
146.1638700893873,-43.354161846473744,2903.552717938592,507.3539908464448,3.06111178766429e-13,3.06111178766429e-13,det2,computed_linefit,31.687581571798056,139.00482528141828,0.1543546598419189,177.5011734586707,177.5011734586707,10.774594613749567,7.353568931860991,169.85656219025813,0.1489215445422069,22,"(0, 100]",2007
138.97191688685055,33.86340814887428,2797.56906380944,387.3437965051952,3.639754730461873e-13,3.639754730461873e-13,det2,computed_linefit,120.7947507717123,209.5309821099052,0.0533569361091386,100.13953572769712,100.13953572769712,,,,,12,"(0, 100]",2007
137.2469890347547,-118.36455201083962,4514.471056455212,387.1308128169858,4.582862941503293e-13,4.582862941503293e-13,det2,computed_linefit,41.122430888371696,59.811724488098406,0.2710331883227215,177.96436530689851,177.96436530689851,1.5102335471963588,1.8260566435444503,179.3856604180272,0.2068653855248051,123,"(0, 100]",2007
132.74753871899603,-92.99739275797413,3165.7181725106334,428.48383466098727,4.582862941503293e-13,4.582862941503293e-13,det2,computed_linefit,46.365996655355005,86.79357810714717,0.3025556596598162,179.10053171008937,179.10053171008937,2.5404120372847805,8.719519882331431,178.06573760553263,0.0760436110137696,63,"(0, 100]",2007
141.43187267006988,13.920831953413346,3897.318495779391,427.1722630114999,3.06111178766429e-13,3.06111178766429e-13,det2,computed_linefit,103.76694618842346,189.6087677565968,0.039653419150256,114.69304093883096,114.69304093883096,,,,,32,"(0, 100]",2007
141.7437063212241,63.72015736137918,2825.199105275629,412.7342866589011,4.2537719614005497e-13,4.2537719614005497e-13,det2,computed_linefit,166.32514211681837,257.74149592964784,0.0890183196711183,51.61304864535264,51.61304864535264,,,,,18,"(0, 100]",2007
160.5298570873487,-148.0047975368668,2424.573849829836,479.70466822907673,2.898457019905882e-13,2.898457019905882e-13,det2,computed_linefit,17.48110334383365,30.38597371278012,0.2842822220794834,177.94680717067982,177.94680717067982,178.719893972248,17.40070125476614,0.7760383114639529,0.1416644502827757,33,"(0, 100]",2007
142.1555911231149,30.964855681127126,7426.205921831854,406.88088913665626,2.049518613753201e-13,2.049518613753201e-13,det2,computed_linefit,130.24390135987957,231.5037900895171,0.0911963527650881,85.8921117918491,85.8921117918491,,,,,16,"(0, 100]",2007
137.01831974085204,73.79136601367185,4530.0769009930245,409.6255330617857,1.1368683772161605e-13,1.1368683772161605e-13,det2,computed_linefit,95.2437878747,251.70380976153692,0.0890341996944273,127.70525495730055,127.70525495730055,,,,,15,"(0, 100]",2007
142.95817772499245,-37.8096028345428,1980.5116773935335,505.6079228393593,2.3437142008433856e-13,2.3437142008433856e-13,det2,computed_linefit,104.2216261039198,149.792480160425,0.0357664371187825,112.50153227519873,112.50153227519873,,,,,19,"(0, 100]",2007
168.90616029455097,123.40745320266184,3678.4748445692658,507.2360430042965,1.2710574864626038e-13,1.2710574864626038e-13,det2,computed_linefit,14.815401392282832,295.88121977053595,0.1877331185437557,175.92137560333524,175.92137560333524,147.2708357671507,36.99978860673963,28.668440481090325,0.0319367319196051,48,"(0, 100]",2007
156.24319098331063,96.74008053092716,2728.3574938320567,2.4777471841961613e-13,492.36909255787214,2.4777471841961613e-13,det1,computed_linefit,29.401401208469416,272.4878695994443,0.1910183665319665,174.0466928915473,174.0466928915473,161.01572744516417,50.938218625493455,13.039539226208683,0.099868807025211,116,"(0, 100]",2008
152.57937935176227,-175.9174841664834,3831.539581270602,4.0194366942304643e-13,474.5999632927231,4.0194366942304643e-13,det1,computed_linefit,27.08835429789273,4.639445424273784,0.3152846036055661,179.5811386155043,179.5811386155043,12.582100833819837,11.97425548444654,167.78477430165708,0.0512610293381805,119,"(0, 100]",2008
130.81390905004844,163.8736111189015,2116.445306231117,3.06111178766429e-13,469.66778149834096,3.06111178766429e-13,det1,computed_linefit,82.94646476941091,335.441263014421,0.0465891743901729,145.41139644634885,145.41139644634885,,,,,220,"(0, 100]",2008
155.8143465160103,-91.58717519496192,5109.86927170724,3.290242540380419e-13,485.37961577773,3.290242540380419e-13,det1,computed_linefit,24.420160686232776,94.4819865774561,0.1535496853774466,177.49218106731414,177.49218106731414,154.02677566319426,27.626736393181197,24.855382854042716,0.0436403397343127,315,"(0, 100]",2008
140.16249931806038,-115.81547270725088,3541.749277423429,5.271441804947985e-13,405.65487151110176,5.271441804947985e-13,det1,computed_linefit,46.03356706444714,62.203238072442616,0.143759913842734,173.6592869889689,173.6592869889689,139.8273054254533,62.59081805085047,33.91033122291177,0.0433912892535389,99,"(0, 100]",2008
136.17586162043364,-138.0200440631898,3620.0794561625694,4.755861633237119e-13,366.20532521600046,4.755861633237119e-13,det1,computed_linefit,46.30077891181508,40.22296352102302,0.1871607509598835,177.22879018786807,177.22879018786807,147.26975131380337,37.880471303314586,30.04718828912145,0.0451927548901388,171,"(0, 100]",2008
137.81212747029434,-125.9524943646748,2048.6358082081747,3.5040636720219573e-13,380.73726488412063,3.5040636720219573e-13,det1,computed_linefit,45.17121801184369,51.27814049039252,0.2320846550711464,176.4567761474041,176.4567761474041,149.93135121517554,48.499221458059615,26.69165916917196,0.0490838027981004,78,"(0, 100]",2008
137.3031640662435,120.74780619165558,3324.5258257374408,1.797546735911271e-13,501.5341798303282,1.797546735911271e-13,det1,computed_linefit,44.96743676768637,297.7325400174106,0.2259538708855831,176.9156324899848,176.9156324899848,156.2639291145909,44.87849957823578,21.06742909213757,0.0618353834793434,77,"(0, 100]",2008
149.45177251685018,53.38188610366963,1831.5669780886328,3.362902011246897e-13,439.2817248331544,3.362902011246897e-13,det1,computed_linefit,33.21896598619297,229.7448462215974,0.2191644474320528,176.711139880933,176.711139880933,2.7675139012186856,2.5599252188468475,174.40444004327165,0.2234146119340901,62,"(0, 100]",2008
155.0885899806222,139.0712832666884,2302.942622123973,1.797546735911271e-13,507.156097138449,1.797546735911271e-13,det1,computed_linefit,27.653718051458863,314.8914714699667,0.1218847407018555,176.69306079442424,176.69306079442424,140.90559545000335,34.439212965739635,35.88716237868727,0.0296109874874291,129,"(0, 100]",2008
137.284734049047,-29.192673531744152,5494.563177514141,3.979039320256561e-13,497.52882045699806,3.979039320256561e-13,det1,computed_linefit,42.87807382118205,149.4133702030504,0.2922195946275008,179.03906952020947,179.03906952020947,170.76908159587512,44.2500539599257,9.134735778258342,0.0959985495444588,35,"(0, 100]",2008
143.53320566901905,-162.21002467656845,2794.062651855464,7.323762205672397e-13,429.02161958421135,7.323762205672397e-13,det1,computed_linefit,40.20315686388678,15.40749884999371,0.1830544246507303,175.9826042665034,175.9826042665034,138.96750296908547,53.421112040587694,37.06902612410554,0.0285440553823315,84,"(0, 100]",2008
146.2457655404455,-176.08308034373846,3425.1138358447483,4.448701202619114e-13,459.07639373009374,4.448701202619114e-13,det1,computed_linefit,42.107585900491785,359.1368019032131,0.0893587796203322,171.1502235517352,171.1502235517352,,,,,121,"(0, 100]",2008
140.198627136507,104.61762343277913,4966.977548978767,2.4777471841961613e-13,482.1633378730916,2.4777471841961613e-13,det1,computed_linefit,45.60155565790495,279.64976859005,0.1431915716930468,173.29588242217977,173.29588242217977,142.72396615169717,38.21629101925782,30.61310348389999,0.0441958729842141,47,"(0, 100]",2008
160.7720171373818,-132.8212013553311,2953.638344970228,3.8553082408300657e-13,479.2542100903669,3.8553082408300657e-13,det1,computed_linefit,20.13861218003664,50.872184541971,0.2798971672080502,178.45872344640193,178.45872344640193,32.92294947964351,10.895060625983117,145.9951807387259,0.0111007348843346,213,"(0, 100]",2008
167.88478397960037,48.79619231201005,1844.8603635909085,3.606310639398066e-13,496.362240775783,3.606310639398066e-13,det1,computed_linefit,14.456569702928515,235.2183997806001,0.2313243034819992,177.23568729685374,177.23568729685374,65.06056659791767,12.81548743486578,112.61772278539657,0.0185475654353915,53,"(0, 100]",2008
165.85248623755442,-39.17708457231028,1589.630501136617,2.1268859807002749e-13,507.3194481845373,2.1268859807002749e-13,det1,computed_linefit,15.82081817198485,148.50006845665666,0.1765701692291715,177.40722938751756,177.40722938751756,6.715366485758456,6.267833991872355,170.91202058202288,0.1624220522258221,110,"(0, 100]",2008
142.41233846468455,-161.84505493762592,3297.292260188955,3.26540580689313e-13,423.8731578686482,3.26540580689313e-13,det1,computed_linefit,38.60816216855673,20.290964788115676,0.2671692304921552,178.33326919759617,178.33326919759617,169.8873567984911,33.668286113432806,8.902009620197505,0.095266081482995,140,"(0, 100]",2008
135.34741647031643,-48.28632324918146,3497.207448390148,2.898457019905882e-13,507.3601333435551,2.898457019905882e-13,det1,computed_linefit,53.4384467783291,131.43390514613057,0.1201181138881809,171.2116126772694,171.2116126772694,157.00456482274777,109.29582110678255,14.287251938257354,0.0873311132266965,130,"(0, 100]",2008
153.93833297166074,169.8582023722131,4889.586468130392,1.6140428288623168e-13,490.2601179447229,1.6140428288623168e-13,det1,computed_linefit,26.65100481243148,351.06501059432657,0.2254999616135626,179.2035568618304,179.2035568618304,157.71838360074474,28.51058812362512,21.758053393235546,0.041576464055977,255,"(0, 100]",2008
151.55513969651605,142.29230514074683,1692.338041592008,1.2710574864626038e-13,506.2801034507163,1.2710574864626038e-13,det1,computed_linefit,29.760721014551407,321.48945716923816,0.2652458284089263,178.62744893172703,178.62744893172703,16.17408018769857,19.84909783983805,162.45569107190568,0.0680271665405769,85,"(0, 100]",2008
148.55660721454748,-140.41938941589416,3388.322193293316,3.639754730461873e-13,433.3464313841002,3.639754730461873e-13,det1,computed_linefit,33.08258465893341,38.60219069298048,0.2208068112380995,178.27965994703578,178.27965994703578,170.88722409690942,41.32895945536427,7.453124582535261,0.0992945637207088,102,"(0, 100]",2008
162.42070093092886,-72.17869279292528,2626.049488739256,3.06111178766429e-13,503.03506815668817,3.06111178766429e-13,det1,computed_linefit,19.876202516486764,135.28914469353393,0.0938711284820865,170.9753084574238,170.9753084574238,,,,,269,"(0, 100]",2008
160.5810858008943,8.664602000652893,4124.988508684107,2.608766145426361e-13,488.4939240432372,2.608766145426361e-13,det1,computed_linefit,26.671291663639785,193.61462884387248,0.0995584185808551,172.499229960039,172.499229960039,,,,,297,"(0, 100]",2008
153.13511639148427,-127.36802020774692,2418.768027637492,2.6048926968973323e-13,454.021467281251,2.6048926968973323e-13,det1,computed_linefit,29.187614733352746,55.36901448776448,0.2218605755840961,177.34553618376034,177.34553618376034,17.04046287308575,17.570933643551584,160.405785587108,0.0535447465059148,132,"(0, 100]",2008
146.53273619608464,160.4291613185074,3225.5824151094707,2.1268859807002749e-13,491.7935910134393,2.1268859807002749e-13,det1,computed_linefit,35.838830722135405,337.74035673937124,0.2226940164758492,177.17882089311703,177.17882089311703,139.4300774666433,21.40329522913389,37.84652120140228,0.042181064325202,107,"(0, 100]",2008
140.58747928217312,166.1901041838383,3501.0307244788296,2.360884497795176e-13,477.2990001720115,2.360884497795176e-13,det1,computed_linefit,49.78165194766712,338.57863912030234,0.1049725277000167,168.3493233576698,168.3493233576698,71.98831979499111,32.594600118768234,96.92565628783872,0.052106993385397,174,"(0, 100]",2008
146.7797856997568,-150.9833043049758,3308.030804660769,5.392640207733813e-13,430.40263552405474,5.392640207733813e-13,det1,computed_linefit,34.86673511677326,29.879690474737544,0.2184253330239566,178.2840995834038,178.2840995834038,171.42544189860493,42.415994022386215,6.862789139760829,0.1094041710671658,68,"(0, 100]",2008
151.9169417490107,31.36798371532026,1613.6464510040837,1.7053025658242404e-13,450.8437801803979,1.7053025658242404e-13,det1,computed_linefit,30.12674187877052,210.86405239469963,0.2605999198318264,177.94168590341042,177.94168590341042,164.81071087652302,24.550807152613523,13.173252059136576,0.061835196603396,91,"(0, 100]",2008
146.5009967747128,-61.45426356371117,2764.0089183882938,2.898457019905882e-13,502.1013128464103,2.898457019905882e-13,det1,computed_linefit,38.225594748671455,120.46164001980053,0.2000052238902134,175.14247188611375,175.14247188611375,82.72748250579444,32.68298616627764,92.42049655047398,0.0249582265595756,215,"(0, 100]",2008
135.1617538350123,29.62351077589828,5193.643910473067,2.411662016538279e-13,370.6158886504043,2.411662016538279e-13,det1,computed_linefit,46.97066236180525,210.72633122210905,0.2126653181968019,177.7253098785029,177.7253098785029,4.315713671694977,3.203049922331508,173.473187631868,0.2414181089673558,64,"(0, 100]",2008
130.97350745292644,168.56806821650613,4830.48319165146,2.898457019905882e-13,458.1359568298084,2.898457019905882e-13,det1,computed_linefit,53.99217714120584,343.6798605245376,0.1432418824454175,173.73368839184874,173.73368839184874,57.91706543532232,35.53665338867119,116.07007795745756,0.0338028568985868,143,"(0, 100]",2008
141.81090208304818,151.8475248442729,2519.1668414661963,2.898457019905882e-13,498.1526943238204,2.898457019905882e-13,det1,computed_linefit,46.816131536337615,321.4921026516062,0.1978741419955604,168.91491448261596,168.91491448261596,30.361553924285896,23.991226170337114,139.11164784764432,0.0920450432558263,124,"(0, 100]",2008
140.2508707246481,41.78068911247853,4716.172611566268,4.475855276957538e-13,390.529843056732,4.475855276957538e-13,det1,computed_linefit,42.558147474264906,224.6121615544772,0.2380288896001071,176.62972127603086,176.62972127603086,167.1564797103937,63.16050095153364,9.79327983610098,0.1180916282767205,92,"(0, 100]",2008
131.38941771132014,-57.85166785092899,2247.3485403812906,5.51117393276437e-13,501.6121119426829,5.51117393276437e-13,det1,computed_linefit,53.24258092816401,126.0781428043588,0.1696459660650384,174.45503494279615,174.45503494279615,40.52370778059549,23.63816081823361,134.1201848421574,0.0448307446257515,91,"(0, 100]",2008
156.57923025477487,130.26854591029758,8213.320906614772,1.392373714442771e-13,507.3860859175044,1.392373714442771e-13,det1,computed_linefit,30.011337650396182,308.72931214654074,0.2324526973353876,173.3737168944722,173.3737168944722,85.16983289985184,16.04142636536243,88.21410153105772,0.0348470593712493,185,"(0, 100]",2008
156.6290971972241,-77.62337124802693,2291.8993349961484,3.314512409159136e-13,496.4958065863259,3.314512409159136e-13,det1,computed_linefit,23.377785556570352,101.94843321215336,0.1961737864254571,179.82997999276856,179.82997999276856,174.35293429890842,33.391056034231575,5.6742496077101325,0.0623621365358861,95,"(0, 100]",2008
159.61503651567338,-136.13169551829324,2598.3284616744845,3.5040636720219573e-13,475.6787997087047,3.5040636720219573e-13,det1,computed_linefit,23.531448192520976,48.297065453706544,0.1772617101321925,176.44637138319732,176.44637138319732,22.61619326373832,10.724901891859448,154.11885951128033,0.0540521740820537,299,"(0, 100]",2008
130.03308346853763,146.66241803982714,3928.457380154138,2.666192676669783e-13,500.13742853295673,2.666192676669783e-13,det1,computed_linefit,56.8037223893815,324.74619633318696,0.1732609670895015,172.99285551039736,172.99285551039736,154.44905461606822,139.8564554344259,18.544163699846628,0.0751655052620668,165,"(0, 100]",2008
148.2349605156101,96.81400272632996,5811.664386422739,2.953670686285155e-13,481.4145037109779,2.953670686285155e-13,det1,computed_linefit,35.67758453706767,278.50097848428226,0.2081167216474719,175.97726230228474,175.97726230228474,163.70953683100413,51.553520885689466,12.368676091177829,0.0919003009302114,115,"(0, 100]",2008
152.72607978119095,168.44487033213372,3852.6984759655575,3.06111178766429e-13,490.0023905766434,3.06111178766429e-13,det1,computed_linefit,28.91686004883973,343.06062998726674,0.2659409413124867,176.98005634560096,176.98005634560096,2.8976089397529425,1.1130982687845,174.13455312897167,0.2246683241103065,11,"(0, 100]",2008
132.20532173036102,-76.94913383408033,4682.235454966909,4.366225850770097e-13,469.570559227099,4.366225850770097e-13,det1,computed_linefit,50.97558892115296,105.23413268965685,0.1999630904267038,176.41356603323288,176.41356603323288,165.51465098170735,40.38406085455783,11.010570338678605,0.0833677785095697,148,"(0, 100]",2008
153.79246093618943,-91.85787020853353,4538.912567833638,3.4387992837071864e-13,481.4547884204673,3.4387992837071864e-13,det1,computed_linefit,26.427040338003504,90.19056643007718,0.2589222194125902,179.06573736787428,179.06573736787428,116.9723979271272,12.054059551103386,62.46168606604287,0.0124907420246643,168,"(0, 100]",2008
132.37195045268993,-131.54518073663937,2220.9426082818586,9.270881054305897e-13,343.2215014212174,9.270881054305897e-13,det1,computed_linefit,53.39659701297259,47.31150774401529,0.1836331753582174,174.16453115601516,174.16453115601516,85.25694711721337,36.58014392398797,88.90921391753018,0.034841214972304,145,"(0, 100]",2008
130.24939114046924,-62.74113456246988,5031.7260562986185,5.271441804947985e-13,495.3160212283434,5.271441804947985e-13,det1,computed_linefit,54.4560164202267,119.21000000253026,0.190984216484823,175.04948203565928,175.04948203565928,151.33015070568257,42.29215994722822,23.730291919414118,0.0602206571759305,138,"(0, 100]",2008
168.04945196878546,-133.6005232491542,2716.373328821165,2.2914314707516465e-13,496.51591182810273,2.2914314707516465e-13,det1,computed_linefit,11.497483098550417,51.94649610132814,0.1684293564675446,178.78579338986916,178.78579338986916,9.2568119238139,5.444511611005583,170.7665293987218,0.0650214050535059,399,"(0, 100]",2008
151.21938094237885,-104.56603003741752,2423.4047477376894,3.228085657724633e-13,462.8084997283618,3.228085657724633e-13,det1,computed_linefit,30.5781491240784,75.43432126094473,0.2048323619977944,178.20246992513353,178.20246992513353,160.7918678433647,25.59321834596282,17.412674689913754,0.0565088912415788,150,"(0, 100]",2008
131.41205887077416,100.919416315612,1605.39169141094,1.392373714442771e-13,463.5168264308565,1.392373714442771e-13,det1,computed_linefit,63.95181541919556,285.0579171778278,0.0977267194880046,164.2606642032854,164.2606642032854,,,,,125,"(0, 100]",2008
138.36398246064508,83.84807786354035,3181.971821749412,1.6327029034465652e-13,436.9857911715144,1.6327029034465652e-13,det1,computed_linefit,46.89857104164314,261.6521769065707,0.174565194815929,174.51941749032767,174.51941749032767,164.21978322919912,62.33977584492554,10.309278071370413,0.114116526268587,179,"(0, 100]",2008
155.25841169376238,103.96983989561078,2411.1376479820583,1.885282921623116e-13,496.4270215193935,1.885282921623116e-13,det1,computed_linefit,27.29085758940276,277.2189530157135,0.2133263157729304,176.09626906359975,176.09626906359975,161.8735610468431,29.348878183561265,14.551493601817317,0.0828988097121385,179,"(0, 100]",2008
154.61029617622674,83.9430876586806,2117.3902188573584,479.52815815789984,2.6048926968973323e-13,2.6048926968973323e-13,det2,computed_linefit,157.70209934107191,129.16124307943016,0.1845972141304221,18.111021808532158,18.111021808532158,17.74275225977375,21.396236764703765,2.868970140035671,0.2073780403269595,6,"(0, 100]",2008
131.82181294047538,23.410023383637917,2162.98126768882,363.4201174757233,2.3437142008433856e-13,2.3437142008433856e-13,det2,computed_linefit,146.15278853291426,308.9731900542388,0.0748941776608683,48.30442622166064,48.30442622166064,,,,,5,"(0, 100]",2008
143.49075043083093,14.716606895985471,3105.8970019657327,433.7121132046632,2.3437142008433856e-13,2.3437142008433856e-13,det2,computed_linefit,127.5471671071058,241.2668564850883,0.1068893848471566,80.47834648109799,80.47834648109799,76.40114234350688,87.00528589299658,4.360164621814541,0.117933476384713,12,"(0, 100]",2008
136.78368254960446,-79.3098555815216,2728.30277269135,470.54339830970673,5.71269289430398e-13,5.71269289430398e-13,det2,computed_linefit,40.20608388815727,98.96191571033852,0.317079400545574,176.7778394214458,176.7778394214458,177.35285711548892,38.21547725011747,1.5969945316095178,0.0639398895048004,47,"(0, 100]",2008
144.34224278107513,117.3828254937282,4966.900418427677,500.5934967554929,2.542114972925208e-13,2.542114972925208e-13,det2,computed_linefit,74.8235736960898,265.1464427339648,0.086592724539202,133.51918479487384,133.51918479487384,,,,,17,"(0, 100]",2008
132.9060549267347,170.99879674267746,3377.973112930051,455.10038957834297,3.06111178766429e-13,3.06111178766429e-13,det2,computed_linefit,52.84949881752056,344.6142328126969,0.1078858191913389,172.4532006437104,172.4532006437104,4.932982429825854,4.745641081118082,167.52345661439352,0.1634362251613164,42,"(0, 100]",2008
135.8532209270067,-111.60657312398088,3053.301085239385,392.564124531985,5.084229945850415e-13,5.084229945850415e-13,det2,computed_linefit,43.94291552185804,68.43517745292512,0.2934761308293622,179.79408048705483,179.79408048705483,4.708811330661967,26.929919683548487,175.48716843062834,0.0376644207862044,62,"(0, 100]",2008
130.01432093635415,-112.67137749011482,2908.330263963699,361.1009982231789,4.687428401686771e-13,4.687428401686771e-13,det2,computed_linefit,49.86240767218274,69.20800635597863,0.2672208440850451,178.5566650240241,178.5566650240241,2.2927523787971653,2.113842530182998,178.1531271387876,0.2111789831592711,74,"(0, 100]",2008
138.71162154110368,151.42760876302958,2537.8366924784864,497.3193050598655,4.291584011338472e-13,4.291584011338472e-13,det2,computed_linefit,41.58421180388983,333.23532814891536,0.2388772728889005,178.76767343316243,178.76767343316243,171.00678781218275,66.58771475991362,8.918540250237271,0.1143867648797411,43,"(0, 100]",2008
136.81791356106964,-173.79341355859856,4105.358199473429,426.4554898809182,5.71269289430398e-13,5.71269289430398e-13,det2,computed_linefit,43.3361800962134,8.740209557736872,0.2951764542492274,178.25696301275875,178.25696301275875,171.76195037861044,40.68537492508431,7.259935054992861,0.0484850396848513,54,"(0, 100]",2008
137.32907891271114,144.79900679235453,3176.0924673168984,503.2894299404738,2.542114972925208e-13,2.542114972925208e-13,det2,computed_linefit,45.47381932319839,331.57152132720125,0.3094682429447018,174.5213764188697,174.5213764188697,23.012527311414708,35.62783468314745,153.74632720849456,0.1561078640581462,15,"(0, 100]",2008
153.7512721504224,27.012034522795165,3032.903430801663,459.9064847036637,3.06111178766429e-13,3.06111178766429e-13,det2,computed_linefit,129.9361499358748,196.26194421006625,0.0671756511328868,75.96135559434461,75.96135559434461,,,,,14,"(0, 100]",2008
132.59247268778293,151.74234722831653,2166.3990541856037,494.3433639179655,3.639754730461873e-13,3.639754730461873e-13,det2,computed_linefit,64.09099465679108,304.64173529753583,0.1076327640513861,152.27639286185922,152.27639286185922,140.33719763168244,132.97941396607325,12.316748284652224,0.0857258044794875,15,"(0, 100]",2008
141.1445588199881,-94.18885216265244,2071.9663152084304,448.8523202169234,4.721768995590352e-13,4.721768995590352e-13,det2,computed_linefit,38.743022399720665,85.80992572832444,0.2731251129355541,179.8875786116581,179.8875786116581,170.8525701818159,34.496438960606845,9.254072650811016,0.0479273183746156,36,"(0, 100]",2008
159.72158539039728,-54.678342056056565,2163.655914502393,506.8572309881652,1.7053025658242404e-13,1.7053025658242404e-13,det2,computed_linefit,20.37423240137118,129.3763012472561,0.2996209530554836,178.5885587639516,178.5885587639516,3.190260349904833,32.73901507179332,176.20817422283625,0.0995713023694618,40,"(0, 100]",2008
157.31846810779373,-20.423821921812312,1768.708492341471,500.4068310752594,2.842170943040401e-13,2.842170943040401e-13,det2,computed_linefit,19.39655782151776,175.5541118589569,0.08371091619221,173.41836003659665,173.41836003659665,,,,,18,"(0, 100]",2008
155.98004316439628,95.01490203773233,3418.9807382079694,490.7793221418864,1.2710574864626038e-13,1.2710574864626038e-13,det2,computed_linefit,133.58528032404243,213.82764065854263,0.067867365560902,60.81515725407661,60.81515725407661,,,,,27,"(0, 100]",2008
148.47637664508215,-71.15218780869631,2902.912401611364,494.95473829518073,4.43961293735052e-13,4.43961293735052e-13,det2,computed_linefit,32.38538897449018,112.06280308006096,0.2905451826958739,178.09296335277503,178.09296335277503,6.9669799898714295,51.54987604735547,171.32504111339352,0.075603837671369,32,"(0, 100]",2008
162.451657612276,58.72894345543406,1947.685373588086,485.57289536266944,2.3437142008433856e-13,2.3437142008433856e-13,det2,computed_linefit,109.6031015495359,226.1265070459892,0.0356044421112328,87.5528560713965,87.5528560713965,,,,,33,"(0, 100]",2008
149.28062577807188,-14.998583070491032,2000.589656793053,489.538922792218,5.115907697472721e-13,5.115907697472721e-13,det2,computed_linefit,91.05360698460328,173.7833385199855,0.0788985710934048,119.27171639658492,119.27171639658492,,,,,16,"(0, 100]",2008
163.8962214594534,-120.64470258920852,7493.839893938862,489.0171916181612,2.411662016538279e-13,2.411662016538279e-13,det2,computed_linefit,15.636239139573046,65.72378405158051,0.3224457792710402,178.19781129875872,178.19781129875872,178.31420410459427,28.995982422423094,0.8369492049550594,0.1140449631313341,59,"(0, 100]",2008
163.15096922634274,-86.75997237506913,2155.076143829374,498.38619486627607,2.411662016538279e-13,2.411662016538279e-13,det2,computed_linefit,26.88732013869008,158.5236424148468,0.0596008345852628,155.28773958928323,155.28773958928323,,,,,63,"(0, 100]",2008
155.89099937746482,-56.866899637639136,2397.965367979108,506.0580011595325,3.06111178766429e-13,3.06111178766429e-13,det2,computed_linefit,24.704792730842737,127.86646687853926,0.1949759604240048,177.9559483582682,177.9559483582682,1.9900718138955944,2.135573432434034,177.82864181965255,0.1893494412671721,58,"(0, 100]",2008
152.8017893255495,46.12611526369126,2078.9777214469136,451.6095787233147,8.03887338846093e-14,8.03887338846093e-14,det2,computed_linefit,0.0,180.0,0.2367266186219936,152.8017893255495,152.8017893255495,27.198210674450497,27.198210674450497,180.0,0.0269883422197112,7,"(0, 100]",2008
155.33666094606264,79.4165580548118,2922.451669844445,477.47763142633903,2.7847474288855413e-13,2.7847474288855413e-13,det2,computed_linefit,120.51033336739326,188.5045790833624,0.131946593034654,69.89062328982344,69.89062328982344,55.02040993790808,58.75338558768415,16.663086685433317,0.1604182590292292,12,"(0, 100]",2008
130.2312302010373,-7.279626892835759,6353.464629972105,445.5509959297168,2.411662016538279e-13,2.411662016538279e-13,det2,computed_linefit,133.47468006950493,226.77117612498864,0.0816838939437232,83.15759116918825,83.15759116918825,,,,,10,"(0, 100]",2008
139.05838936943795,161.36207153136138,3769.941910191229,483.6662555474844,2.898457019905882e-13,2.898457019905882e-13,det2,computed_linefit,38.51951060738992,347.49529776500754,0.2908670706754261,175.39415417305705,175.39415417305705,175.45528281262528,39.075617385875546,3.27618960776452,0.061820087478587,21,"(0, 100]",2008
141.57230877988184,92.11774163618156,1996.782492971612,462.15002281351104,3.410605131648481e-13,3.410605131648481e-13,det2,computed_linefit,50.35616862040991,219.2499454044457,0.0748161743605785,142.06602864687835,142.06602864687835,,,,,4,"(0, 100]",2008
141.91387110571395,-145.12148193147567,4002.225948194056,402.3160096880927,3.215549355384372e-13,3.215549355384372e-13,det2,computed_linefit,38.76062847087064,35.53267960850121,0.2307213596596887,179.21246431667487,179.21246431667487,4.953025265125416,4.927150814768862,174.3838378918812,0.0830961898462893,160,"(0, 100]",2008
137.44318477409385,-125.38595140266416,4563.020237639466,379.18075378838273,5.084229945850415e-13,5.084229945850415e-13,det2,computed_linefit,43.31300078722328,54.21547480259767,0.2362615612319859,179.19655654613007,179.19655654613007,8.736957844753768,8.211742436831615,170.46975599577615,0.0738458922592679,96,"(0, 100]",2008
163.9710618348016,149.32360367778895,1734.893660987121,506.1422394004148,2.842170943040401e-13,2.842170943040401e-13,det2,computed_linefit,14.2804076210122,343.5285627116376,0.2528529211830626,175.90886464756878,175.90886464756878,2.213489723662621,8.824977321814464,174.73122638544228,0.126466775417057,17,"(0, 100]",2008
161.71727052438993,-3.963145892141379,5414.781185860473,496.1871001807687,2.6048926968973323e-13,2.6048926968973323e-13,det2,computed_linefit,115.46024173921832,261.54296108181904,0.0396581013000474,67.29469532933584,67.29469532933584,,,,,40,"(0, 100]",2008
160.6665571355531,28.661447096248494,3623.322933568142,481.0004891630398,2.7847474288855413e-13,2.7847474288855413e-13,det2,computed_linefit,65.56874470854099,281.6837620326252,0.0551787286747348,118.5739101818642,118.5739101818642,,,,,14,"(0, 100]",2008
139.1181220326081,30.38980223553005,2739.7789753377183,391.5661293008304,2.3437142008433856e-13,2.3437142008433856e-13,det2,computed_linefit,93.77616809150904,220.64820583392984,0.068324654404893,126.35935140425764,126.35935140425764,,,,,9,"(0, 100]",2008
147.92319348773088,-73.26766673771466,3153.8960465445616,492.4048990166672,3.06111178766429e-13,3.06111178766429e-13,det2,computed_linefit,33.156336285122734,106.68038318436489,0.2410435779247893,178.92010720883104,178.92010720883104,1.7204379873627236,1.0212080908679673,177.2576967566813,0.2111048031025252,61,"(0, 100]",2008
142.64707568189036,-120.11328363382763,2106.366983710922,412.2055402105139,3.215549355384372e-13,3.215549355384372e-13,det2,computed_linefit,34.79676987383174,61.79718861910934,0.2503599401149741,177.20751009283632,177.20751009283632,0.7992167997386637,2.3762106340932827,177.0139606458399,0.1868141755523512,54,"(0, 100]",2008
155.55619921735249,-164.86056694880617,4150.663762341856,472.853622030537,4.2537719614005497e-13,4.2537719614005497e-13,det2,computed_linefit,27.996057416985177,9.307435427531368,0.2268542258343273,175.61539337076132,175.61539337076132,28.550322148779745,21.39000858468804,147.0925784457149,0.0304799236430954,32,"(0, 100]",2008
130.63027078845997,-157.44294342326114,3244.5369976790344,358.72509226893163,1.2710574864626038e-13,1.2710574864626038e-13,det2,computed_linefit,49.03880005566188,23.573755022141043,0.2998519672621849,179.16219491499,179.16219491499,4.72920858739444,33.184714716738455,175.6585314894606,0.0473938560175007,63,"(0, 100]",2008
155.09544576161522,-128.19125343107424,8477.644550278252,461.2058517689208,2.3437142008433856e-13,2.3437142008433856e-13,det2,computed_linefit,22.24219913126261,49.04657446201404,0.2294909578988075,177.1182430453957,177.1182430453957,1.9782013906097755,1.9784193868766449,178.98405858687747,0.2647484252612535,79,"(0, 100]",2008
158.43636360611987,-108.2832249917242,3508.4214140914,479.9361257140292,3.410605131648481e-13,3.410605131648481e-13,det2,computed_linefit,23.56412992042008,68.95724684380248,0.2606417972123402,177.73706003245564,177.73706003245564,2.9382651835794733,3.422769737828767,175.191257322592,0.177137554905209,23,"(0, 100]",2008
149.93477228599988,-29.478985051781667,4681.380252151668,502.2908941862354,1.797546735911271e-13,1.797546735911271e-13,det2,computed_linefit,25.27915297266721,169.55957483050202,0.1255773809273824,170.00098749858108,170.00098749858108,42.38475228969009,33.764555205037155,131.06649767015267,0.0583480314515634,37,"(0, 100]",2008
139.16634641276175,-169.14226382765546,1814.215219046078,424.28584726508,4.43961293735052e-13,4.43961293735052e-13,det2,computed_linefit,41.97781470871284,7.011885791195601,0.2689876767731023,177.2113497956923,177.2113497956923,3.972817916654977,5.452478445725839,174.31780383071094,0.1593800502535289,33,"(0, 100]",2008
161.1659879642602,-99.32239636016013,2976.909919377856,490.2491738727141,2.049518613753201e-13,2.049518613753201e-13,det2,computed_linefit,18.37708548189536,91.18156855457242,0.1855336789634193,176.6221106321468,176.6221106321468,174.50560311467382,21.48206667825924,2.244627490300051,0.12272000247335,51,"(0, 100]",2008
133.3915376826951,-167.03547988314352,2879.839216529961,396.6211482511496,4.98798976161204e-13,4.98798976161204e-13,det2,computed_linefit,48.07280824898261,13.673828519400548,0.2574642247626029,178.44554044546916,178.44554044546916,4.9167720336779785,8.728701476470311,173.80044727839962,0.122837079910459,56,"(0, 100]",2008
135.7038721126586,-160.44903123065427,4938.391037062733,391.315649643788,3.4576501834057014e-13,3.4576501834057014e-13,det2,computed_linefit,113.43242455573134,284.18899350418565,0.026169422998126,69.8484225251917,69.8484225251917,,,,,74,"(0, 100]",2008
136.98644721212767,-61.67809969867314,3483.6728576212085,498.9797862398633,4.721768995590352e-13,4.721768995590352e-13,det2,computed_linefit,53.84083234747243,124.90557437470127,0.1970666596595143,168.11580890068177,168.11580890068177,67.2810107238052,22.14824777881072,101.05472991307902,0.0471219608172088,34,"(0, 100]",2008
146.3000926116425,-94.52579172298552,4284.111818594356,461.7542121135435,4.687428401686771e-13,4.687428401686771e-13,det2,computed_linefit,32.91729587002758,85.05208567321282,0.3115585696141842,179.1837838009698,179.1837838009698,174.31364637475994,32.581958194593426,6.490917450338712,0.0169191941490215,58,"(0, 100]",2008
135.57900480049474,105.5369717055498,2012.6564002681437,4.059432074281432e-13,478.8196545877248,4.059432074281432e-13,det1,computed_linefit,64.06350649153218,277.8635588729574,0.1059383820603356,159.41831224200973,159.41831224200973,130.0857519625065,91.17910902245664,29.33874350143006,0.0623192011487661,62,"(0, 100]",2009
148.0989049484836,-159.9691937450907,2955.38593637462,1.392373714442771e-13,444.1811436078455,1.392373714442771e-13,det1,computed_linefit,35.245521159725975,17.617524209479257,0.1354807681814954,176.39971034553346,176.39971034553346,147.36894942422956,25.48724405560669,29.28687742343649,0.0470132037205112,251,"(0, 100]",2009
136.6420314827309,-163.23125042384487,2562.6502067959145,1.2710574864626038e-13,401.5409552747231,1.2710574864626038e-13,det1,computed_linefit,50.10514206068888,14.16413419101171,0.1492083618247842,172.9924506246025,172.9924506246025,63.54416438915129,52.93444623985779,109.53536604656712,0.0311814391649967,57,"(0, 100]",2009
150.8379041701781,-142.48006830525125,2034.6347143816515,3.639754730461873e-13,443.9391279182581,3.639754730461873e-13,det1,computed_linefit,29.753377060705844,35.27384385428738,0.2497314355689484,178.74720760943896,178.74720760943896,13.894879863852156,18.15901191719438,165.14164502598388,0.0492684214809856,64,"(0, 100]",2009
136.0133831690163,133.27226505439012,5645.190791650319,1.392373714442771e-13,507.5261357967297,1.392373714442771e-13,det1,computed_linefit,50.61912196244728,313.158245076788,0.1851961162647573,173.3669676115376,173.3669676115376,75.09826548606831,28.496209374619863,98.34941818446678,0.0342399726903356,125,"(0, 100]",2009
158.0704692710096,128.16074522517266,2198.8797872155224,2.6048926968973323e-13,507.1972399252279,2.6048926968973323e-13,det1,computed_linefit,25.862148711458783,303.6787711988046,0.1133017679159119,175.67112247122847,175.67112247122847,60.58496900944783,21.776436363178583,115.17709122750756,0.0288001714188013,148,"(0, 100]",2009
167.48547199696122,-0.5015039855970501,2469.426620174353,1.803155319699033e-13,501.4386603305179,1.803155319699033e-13,det1,computed_linefit,13.005943842021107,178.4708256896658,0.2557036257114384,179.45871372952527,179.45871372952527,22.862065950410116,10.715203717438788,156.69482174798733,0.0249216524687509,124,"(0, 100]",2009
132.80025677419755,-94.83893305329356,4981.876553818417,4.4961132117454033e-13,423.4218733211608,4.4961132117454033e-13,det1,computed_linefit,51.52910544720833,89.11550624966078,0.1405459426643926,174.733742489308,174.733742489308,80.05340771525896,31.359232755627996,95.098057840035,0.0256677116024466,93,"(0, 100]",2009
168.97313950525694,-92.04544226265502,3534.236212960191,2.6048926968973323e-13,502.69987154573215,2.6048926968973323e-13,det1,computed_linefit,10.96131944536928,85.84547779606463,0.2267899181648202,179.59250052623688,179.59250052623688,12.537261118644023,9.13975545396943,167.60078364686055,0.0377476765498351,160,"(0, 100]",2009
142.52273261120803,139.7604101464036,5667.642348770259,2.411662016538279e-13,506.5276523882682,2.411662016538279e-13,det1,computed_linefit,43.11090873781495,313.05177340720667,0.1926740554769728,172.8957806213924,172.8957806213924,48.93723019064672,20.824094870753523,124.28875079240784,0.0511808092185073,297,"(0, 100]",2009
139.54614230937932,-138.46151702078467,4870.771363969902,6.27856082768816e-13,386.290771620861,6.27856082768816e-13,det1,computed_linefit,42.05428881746004,41.99195192086267,0.2368163706648508,178.3718838308848,178.3718838308848,98.56644812360142,21.916241754048357,79.86577173560923,0.0220882940982312,171,"(0, 100]",2009
130.0418172510457,36.42030913775838,3111.153946310789,2.1268859807002749e-13,330.5169227204783,2.1268859807002749e-13,det1,computed_linefit,63.09286311028967,224.29017121748336,0.1256112680824065,165.33186319525316,165.33186319525316,135.62432607554092,83.70176491013996,30.032797401168388,0.0691209042455649,123,"(0, 100]",2009
141.61735303368914,130.36322037173682,1827.4018057251835,8.03887338846093e-14,507.18270857466393,8.03887338846093e-14,det1,computed_linefit,34.885982933131444,316.47823813972275,0.243633354832492,174.94963509557104,174.94963509557104,160.7080041290572,37.18251843477447,21.499913156313404,0.0391358256381878,29,"(0, 100]",2009
134.6343283044803,-161.31683333517137,3678.688532965151,9.323013879825752e-13,388.1178227842414,9.323013879825752e-13,det1,computed_linefit,48.03894402078058,20.317454963020552,0.2223755866637819,177.07422547647633,177.07422547647633,112.91255095751234,19.91243330299851,64.37213203637288,0.0256965257440543,152,"(0, 100]",2009
165.8697841483575,147.9677719407704,2498.126873966667,2.2914314707516465e-13,506.6237601746285,2.2914314707516465e-13,det1,computed_linefit,15.79837251116032,316.9927777006419,0.161184739095304,176.71873760715746,176.71873760715746,172.40927041358773,23.25492559175735,4.60678183794834,0.0940937073959138,222,"(0, 100]",2009
150.28157960055435,-154.1305993949075,1620.0130209581312,2.1268859807002749e-13,447.4708303996307,2.1268859807002749e-13,det1,computed_linefit,31.94811882853208,23.42311255709296,0.2622163535337343,177.4423476978207,177.4423476978207,139.59878463181997,16.050286910393915,38.11962521436982,0.0309821266122342,164,"(0, 100]",2009
130.75782488499198,78.2409168813632,2862.431993824812,4.484870100344409e-13,396.29498251202585,4.484870100344409e-13,det1,computed_linefit,72.96268446169334,262.03158836426,0.0821781005365583,156.0548213476715,156.0548213476715,,,,,60,"(0, 100]",2009
133.60424042798272,-31.0984351861827,2560.7101239420167,5.71269289430398e-13,498.5036467966779,5.71269289430398e-13,det1,computed_linefit,53.65330214100954,156.6757563468784,0.1395845268143808,170.61950177002046,170.61950177002046,126.93845517592275,54.29875072295543,44.58062853568904,0.0576789279687073,106,"(0, 100]",2009
162.83278245963697,101.03617534972965,2325.224687351102,1.8198773652309369e-13,501.0373000634576,1.8198773652309369e-13,det1,computed_linefit,60.61013104975178,237.64526376195,0.0202918705262188,130.97805381113847,130.97805381113847,,,,,254,"(0, 100]",2009
169.8132808906043,-8.888277948483545,1632.7777387212825,1.797546735911271e-13,504.64064304346783,1.797546735911271e-13,det1,computed_linefit,10.29590228915618,168.90760019473538,0.2318137108932522,179.5932218123653,179.5932218123653,35.58955489024931,13.904121471237268,144.23412097166707,0.0105515469766574,125,"(0, 100]",2009
145.2304936925578,83.52948273237273,2764.656427734418,2.0544394338345686e-13,456.1338679487674,2.0544394338345686e-13,det1,computed_linefit,33.10806651402126,262.52565096030634,0.2699840697825743,178.24662932049588,178.24662932049588,170.94161760598328,45.731719633037095,10.6863918018029,0.0784536657008628,85,"(0, 100]",2009
154.54778401648272,-93.9610022860904,3812.8310440852074,3.413564442514688e-13,481.0608445692672,3.413564442514688e-13,det1,computed_linefit,26.703928233651123,86.84233479852962,0.2616522426442216,178.6994520250329,178.6994520250329,166.7461690845832,22.74370530791211,11.953409159605387,0.0523016054363397,183,"(0, 100]",2009
159.62060363557342,-113.39935555096118,2384.70520395479,2.842170943040401e-13,480.58935039616006,2.842170943040401e-13,det1,computed_linefit,23.47443657598108,67.86414998465483,0.1989185482230222,176.86937285000727,176.86937285000727,3.663903072388381,4.726894060912265,173.302265638265,0.1597226308956324,110,"(0, 100]",2009
144.59358914550378,63.91648590009546,3185.654105148704,1.885282921623116e-13,425.91846112374185,1.885282921623116e-13,det1,computed_linefit,42.584690514998776,244.65712052710572,0.1758317807114745,172.80671735189148,172.80671735189148,58.713409790881336,27.07388569682662,114.14445781313653,0.0457295079993667,153,"(0, 100]",2009
131.00054829773504,-140.88438881408186,3589.415331325081,6.677589751956664e-13,334.3145614496955,6.677589751956664e-13,det1,computed_linefit,56.51647566547273,38.80854033385516,0.1412313243422862,172.47901782866512,172.47901782866512,29.62047497889438,22.52734387112353,142.8921599586572,0.0857073099212054,278,"(0, 100]",2009
132.6405335048949,55.71896230980139,3086.3685211013194,5.392640207733813e-13,352.4309180159263,5.392640207733813e-13,det1,computed_linefit,68.41263557981961,236.8071816880577,0.0985887476936991,158.9271627034546,158.9271627034546,,,,,71,"(0, 100]",2009
156.462265762177,129.8451717851041,3654.226568995021,2.3437142008433856e-13,507.34576568085583,2.3437142008433856e-13,det1,computed_linefit,49.55476843167568,293.4712852033424,0.0495802502016188,152.41657084202816,152.41657084202816,,,,,367,"(0, 100]",2009
130.93474602776294,-87.66965504557169,3386.3854962646637,4.4961132117454033e-13,439.2506307990192,4.4961132117454033e-13,det1,computed_linefit,49.752608968048335,92.06965782286436,0.2314665735342917,179.28470774904156,179.28470774904156,113.97647821287592,38.99492694859232,65.38862426461361,0.0205596039647709,129,"(0, 100]",2009
142.62971333505945,16.22423543532621,4691.149489349589,3.639754730461873e-13,427.9983851931144,3.639754730461873e-13,det1,computed_linefit,42.70484892491614,197.29239062214805,0.1864394652458717,174.62153301844904,174.62153301844904,154.2173461042117,22.123555291231607,20.40634374952664,0.0668872180820578,268,"(0, 100]",2009
134.56409309875346,-104.35305985536274,1788.0553199907065,4.617981178760124e-13,403.8087780563339,4.617981178760124e-13,det1,computed_linefit,42.41081970459516,71.8992529993737,0.170363209060669,176.0122720274222,176.0122720274222,7.717735234813963,33.84608226521867,175.16134445308847,0.0658645305385387,89,"(0, 100]",2009
136.4684169632753,-9.73759891796837,7092.809976191581,4.0693694993695867e-13,463.2367861759408,4.0693694993695867e-13,det1,computed_linefit,46.084557150480094,171.76511142323915,0.2164705993247013,177.23623453234978,177.23623453234978,69.03240192889251,54.23411913342844,108.25594040039732,0.0185039827337132,159,"(0, 100]",2009
135.0821910614159,64.30523075553013,3060.551100904063,1.885282921623116e-13,380.7366628568121,1.885282921623116e-13,det1,computed_linefit,72.51007268881861,251.86268094960067,0.06640628903325,151.6926104920613,151.6926104920613,,,,,123,"(0, 100]",2009
151.0555563778079,-84.44342795710298,1701.9344820061397,4.101499851475925e-13,484.1232970589056,4.101499851475925e-13,det1,computed_linefit,30.142185931148703,97.49872352973016,0.2085421711876807,178.4666223893261,178.4666223893261,159.65920877097213,53.00251323931851,18.88298869517692,0.0347584473370505,141,"(0, 100]",2009
142.819998117067,71.96887114983105,5136.634532112107,2.1268859807002749e-13,429.55175139695694,2.1268859807002749e-13,det1,computed_linefit,44.20694674648611,251.3425771879701,0.1829754403222038,172.9612752709494,172.9612752709494,122.33637110440466,35.24887806377583,50.65017410029952,0.0439172297995867,95,"(0, 100]",2009
159.00673284167885,143.97001275953207,4822.594563773368,2.4777471841961613e-13,506.5171164044559,2.4777471841961613e-13,det1,computed_linefit,21.85080579401961,320.669864934161,0.2585173369147125,178.52105210637305,178.52105210637305,165.14134739874433,27.204838223039676,13.699344327263988,0.0616212484882745,165,"(0, 100]",2009
138.99331382610046,-107.33574022340645,3438.8983201644533,4.366225850770097e-13,415.176739639806,4.366225850770097e-13,det1,computed_linefit,43.01829189280479,69.07340234748125,0.2095134854476985,176.8665127760632,176.8665127760632,5.489393596949894,9.40605995498923,172.25462289920304,0.1674002473837863,118,"(0, 100]",2009
160.69214238167277,-90.98453128749333,2470.8119393276675,4.808647507754992e-13,493.5085114635088,4.808647507754992e-13,det1,computed_linefit,20.79173555530141,96.75292896512954,0.1500478367350831,176.96356166147072,176.96356166147072,54.44617158248519,12.420691938968602,123.00151357418366,0.0255135516538858,377,"(0, 100]",2009
132.5507967331778,51.90665701617922,3678.193240869902,2.1268859807002749e-13,347.3532721011219,2.1268859807002749e-13,det1,computed_linefit,56.689896102845445,230.5741830698323,0.1463155204492566,170.7000959016087,170.7000959016087,105.1694116327326,62.63907321654427,65.61053378425862,0.0377619896777402,95,"(0, 100]",2009
161.10539988162557,-45.65497218430011,2824.238918765744,2.898457019905882e-13,507.535789837809,2.898457019905882e-13,det1,computed_linefit,21.932689602638614,133.2576596578652,0.2164477233026938,176.938453831842,176.938453831842,13.29757271215033,13.658051473118428,163.82897118912658,0.0999404789466675,185,"(0, 100]",2009
137.18666635891074,140.43014880013274,3058.1814717908965,3.6838745804788353e-13,505.9809798252098,3.6838745804788353e-13,det1,computed_linefit,57.08093527631402,313.65072526174254,0.0820167240829815,164.83277966319056,164.83277966319056,,,,,125,"(0, 100]",2009
153.62162800714614,-78.9031534821948,2065.807059895819,3.865770426254882e-13,492.61475188706834,3.865770426254882e-13,det1,computed_linefit,27.30714231612715,101.74366399169342,0.2399730286126966,179.02640227603067,179.02640227603067,166.0061146729552,22.51938284309589,13.049481111275536,0.064591549754609,150,"(0, 100]",2009
152.94142904971335,-127.63124571656748,4393.464085955639,3.8131724593878125e-13,453.1829269602063,3.8131724593878125e-13,det1,computed_linefit,28.39123471858817,53.58574009529095,0.1873046305374668,178.55211693566892,178.55211693566892,139.70109366053074,21.36192747361292,38.86820854153463,0.0173755442153821,140,"(0, 100]",2009
157.97394249011896,-60.559150674182696,2373.672526175614,3.639754730461873e-13,505.30583061983816,3.639754730461873e-13,det1,computed_linefit,25.680704290613004,126.25328112775536,0.1968563387505471,175.4287232977192,175.4287232977192,33.597309353939494,14.609153509395332,142.00541487068477,0.0409869469161041,240,"(0, 100]",2009
133.02084947363096,93.2305588690966,4689.1898970101065,4.218015328563021e-13,446.45205274316095,4.218015328563021e-13,det1,computed_linefit,54.17461879724598,263.18130126316566,0.1090126665439164,169.42957942259775,169.42957942259775,156.55345906963996,125.32502668812045,13.636355744004,0.0772803687188192,69,"(0, 100]",2009
151.19118751587217,-147.05472719402357,5773.66971794791,3.8553082408300657e-13,447.0196141306051,3.8553082408300657e-13,det1,computed_linefit,30.830510268517944,33.50119594518916,0.2269162177794836,177.9595091545718,177.9595091545718,161.4126933150087,26.26853205676476,16.593896983726214,0.0510526170600252,141,"(0, 100]",2009
143.91089280176087,62.75846841912548,1872.0564541928925,3.362902011246897e-13,421.54932827716505,3.362902011246897e-13,det1,computed_linefit,56.09183539188948,250.788814018053,0.1062405953027457,159.20919008407978,159.20919008407978,152.7738675877581,64.99674037914892,6.561341056781791,0.0943966709452352,126,"(0, 100]",2009
135.1368283667304,177.05277002622822,3034.268386835416,2.7408903977723625e-13,444.3366080574139,2.7408903977723625e-13,det1,computed_linefit,50.054508159817566,354.03251234156863,0.2095484702995952,174.35292433102907,174.35292433102907,37.57279012621755,40.04735652582725,136.80859605492097,0.0465434274926202,57,"(0, 100]",2009
130.48577896481902,91.10674277824816,1875.0180713350544,1.6018760103400348e-13,434.78698701360975,1.6018760103400348e-13,det1,computed_linefit,64.22861959889724,262.82391656357134,0.1294566840727457,163.75199160495336,163.75199160495336,18.116190198257435,22.775964583324967,145.7596922075171,0.1162358716949079,128,"(0, 100]",2009
169.30241658391537,-113.3949244865031,2713.893792344593,2.360884497795176e-13,500.0109320182446,2.360884497795176e-13,det1,computed_linefit,11.243427186093516,69.73873859217406,0.240735554466365,179.19174696551482,179.19174696551482,6.563721995385625,7.195599768837559,172.74014973216566,0.0393955441085003,215,"(0, 100]",2009
141.7031797717119,42.268457964469,4169.781181353048,2.1268859807002749e-13,398.5446471013082,2.1268859807002749e-13,det1,computed_linefit,42.2366915040547,223.81652657343577,0.2283440647654361,175.93531238116176,175.93531238116176,147.4033930383427,66.48633683156932,28.569972974646607,0.0428912850652178,111,"(0, 100]",2009
133.5942308724849,61.50730734494892,3603.188266591413,367.4509493677721,2.842170943040401e-13,2.842170943040401e-13,det2,computed_linefit,147.53632028152046,208.0386196298525,0.0766436603597709,75.0779661831111,75.0779661831111,,,,,20,"(0, 100]",2009
154.5903860667879,-67.22612715787254,7219.353286290703,501.4324573926409,3.639754730461873e-13,3.639754730461873e-13,det2,computed_linefit,25.666189367033173,111.67461170749928,0.2711129176401378,179.46111079428255,179.46111079428255,26.28307976894839,21.28267933003464,153.59694399921418,0.0146585443291509,61,"(0, 100]",2009
149.94469969530368,-167.2730875873209,8268.361261283662,458.4294425036749,3.215549355384372e-13,3.215549355384372e-13,det2,computed_linefit,29.586936730197056,8.474642120260548,0.2346537177245437,177.83454000782282,177.83454000782282,5.300733784748681,4.687694881991263,174.76467986360706,0.1099476428809002,101,"(0, 100]",2009
130.88093822446527,-3.963482297217033,6537.807947869196,437.3131992902677,2.898457019905882e-13,2.898457019905882e-13,det2,computed_linefit,126.57357515211632,299.8324618977825,0.1204727533622514,43.30401776269191,43.30401776269191,42.56341617078702,41.71618561500201,2.1307030987435325,0.1320576150337363,13,"(0, 100]",2009
141.30302101672626,157.14540043776654,2585.883984967232,491.7296212214412,1.797546735911271e-13,1.797546735911271e-13,det2,computed_linefit,45.68357786130744,332.79272579085807,0.1148736175686732,172.4299069884462,172.4299069884462,11.69090620763115,12.885503811184313,160.76791817395764,0.1626562948165732,59,"(0, 100]",2009
145.01035272490114,-78.03048614553703,3157.7577261717142,483.654986847692,4.43961293735052e-13,4.43961293735052e-13,det2,computed_linefit,34.739071190274274,99.25861544700444,0.2786889129538304,178.43033059868458,178.43033059868458,173.4824471120563,27.29327841313544,6.224360097146527,0.0620736790410073,41,"(0, 100]",2009
159.8622290578133,-66.43504544801122,2765.426982565242,503.8873534145644,3.314512409159136e-13,3.314512409159136e-13,det2,computed_linefit,21.305111914502422,111.3277947301385,0.2653713132748883,178.58978335085342,178.58978335085342,6.249257686490062,9.23166476479436,172.53464444732904,0.0785315166056127,36,"(0, 100]",2009
149.78962523182517,-82.01069671522747,5695.940893536324,484.9372844477112,4.291584011338472e-13,4.291584011338472e-13,det2,computed_linefit,29.536171447926318,100.61812509835642,0.270037703770808,178.52739006517183,178.52739006517183,3.7543840465865497,18.14399812526902,176.21283721666853,0.0949996400681433,60,"(0, 100]",2009
143.23288786168223,132.41422834942583,6172.210395991308,507.4831728991898,3.410605131648481e-13,3.410605131648481e-13,det2,computed_linefit,36.724516660181,296.54453221332767,0.1976950851166628,170.5251328557265,170.5251328557265,88.65614126175521,40.85382368626694,84.61146002521843,0.0285790044573054,26,"(0, 100]",2009
148.49236464994945,13.515365590792811,2566.394200876099,453.05683691381313,2.842170943040401e-13,2.842170943040401e-13,det2,computed_linefit,106.34654379663677,149.0971541542556,0.0585029398318416,96.79019961414008,96.79019961414008,,,,,13,"(0, 100]",2009
156.60506016261996,-26.58853706320793,3233.9935507494906,503.0552782743358,2.3437142008433856e-13,2.3437142008433856e-13,det2,computed_linefit,24.422082471149125,176.54166447278237,0.1176729946455881,170.62470183510587,170.62470183510587,22.09394652932945,18.53424437524496,149.77685602218136,0.1166345555570717,21,"(0, 100]",2009
142.72920635719635,1.1519871320548036,3618.780558646584,454.5708313784629,2.3437142008433856e-13,2.3437142008433856e-13,det2,computed_linefit,115.95028555891538,170.82277639289612,0.0774354519736481,100.80531469560658,100.80531469560658,,,,,18,"(0, 100]",2009
144.15023638730307,99.00876762306616,2153.037003151483,478.3539516803266,3.410605131648481e-13,3.410605131648481e-13,det2,computed_linefit,137.05553078009882,191.65188629770725,0.0684869049605627,54.90469593971096,54.90469593971096,,,,,16,"(0, 100]",2009
148.62370946322642,38.01210537199276,3386.27434764283,434.2579069896283,3.314512409159136e-13,3.314512409159136e-13,det2,computed_linefit,165.3063182365613,252.75065100897535,0.030302862452748,44.16646447497743,44.16646447497743,,,,,12,"(0, 100]",2009
162.40552841041762,-25.38232884387348,3690.022217896465,504.6335561956329,2.898457019905882e-13,2.898457019905882e-13,det2,computed_linefit,13.689695382153689,131.7428849534048,0.3435304599670591,172.77166655242982,172.77166655242982,8.443891747768035,9.12845201584228,178.60755331272503,0.2173067193806062,16,"(0, 100]",2009
130.3917283354524,-39.132815026546375,5388.363144919927,505.3444803889934,3.06111178766429e-13,3.06111178766429e-13,det2,computed_linefit,52.052425292792535,141.25044360285693,0.1486747068427557,177.537859781892,177.537859781892,15.579555836453974,18.518480975834045,163.18381709158615,0.1836468360437126,38,"(0, 100]",2009
154.10602817696213,156.4303225433539,4477.112564809861,500.3150101138222,2.7847474288855413e-13,2.7847474288855413e-13,det2,computed_linefit,28.213516005915405,341.9114439535879,0.1364670507000706,176.59694958510772,176.59694958510772,8.065478436246375,16.267804881387978,169.7827200687167,0.1128950964443554,12,"(0, 100]",2009
148.4642196902735,-114.07346311964572,4171.3271584122,443.844082684373,4.2537719614005497e-13,4.2537719614005497e-13,det2,computed_linefit,31.95127623893744,72.3666446385837,0.2579731777856672,176.58770926212034,176.58770926212034,5.534179723791744,7.912297772781842,171.495621199084,0.0708462408670971,61,"(0, 100]",2009
135.25523396783274,9.072238579097398,4325.817510542081,414.1865316406203,8.03887338846093e-14,8.03887338846093e-14,det2,computed_linefit,158.4940670984267,176.92926548397426,0.0772664321314965,65.8887576052638,65.8887576052638,,,,,16,"(0, 100]",2009
152.55804248915564,119.63293696507614,3763.843220965181,504.2998191105947,3.410605131648481e-13,3.410605131648481e-13,det2,computed_linefit,49.71436175907628,278.5385510411825,0.0570219361042844,154.40027073991538,154.40027073991538,,,,,18,"(0, 100]",2009
162.76688233612327,-50.57508651620716,4548.044849665527,507.4004268474152,2.3437142008433856e-13,2.3437142008433856e-13,det2,computed_linefit,17.614732752871937,136.08708342826262,0.2651742964090324,177.97003125894332,177.97003125894332,26.93769786176421,36.33105422100655,151.3024758564571,0.0246420023778745,55,"(0, 100]",2009
131.63287494315156,-122.60752565057426,3396.567471618394,348.55164449889173,5.90734137257031e-13,5.90734137257031e-13,det2,computed_linefit,48.70926193666956,57.44953378982658,0.272668940324778,179.6552014211104,179.6552014211104,2.956685432717855,5.002311306322302,176.70985792559327,0.1170506350268788,71,"(0, 100]",2009
136.57210242991863,155.3421827898518,2195.2136756806563,491.1275690776974,1.797546735911271e-13,1.797546735911271e-13,det2,computed_linefit,35.4479092832481,332.1716658760865,0.2116522173054253,171.7719814929217,171.7719814929217,143.70633022158356,22.739573666643675,29.52889286650769,0.0309605517136787,13,"(0, 100]",2009
132.20094149995748,-10.30645093318868,4330.72391404609,457.3510344170771,2.049518613753201e-13,2.049518613753201e-13,det2,computed_linefit,114.55158845857405,174.21502180447567,0.0512612541826125,113.116766888723,113.116766888723,,,,,28,"(0, 100]",2009
144.62544467403055,-10.093710748653985,1874.475779629393,477.2181225594277,2.3437142008433856e-13,2.3437142008433856e-13,det2,computed_linefit,147.21140536231886,158.84002476267904,0.0632586674982363,67.80287423742875,67.80287423742875,,,,,12,"(0, 100]",2009
130.63747321654222,33.41633325159137,1664.9887063225217,337.9680116177105,3.06111178766429e-13,3.06111178766429e-13,det2,computed_linefit,90.63987216396792,232.5966983682599,0.1161667016324574,135.18639524743392,135.18639524743392,141.41856973283996,148.17494180231893,17.05537240637543,0.0899963164526535,8,"(0, 100]",2009
140.77476154981812,16.64722600142456,3027.4780232445028,419.7560234679087,2.898457019905882e-13,2.898457019905882e-13,det2,computed_linefit,72.17453392336654,272.04378344760755,0.0143830190596467,112.88753397284133,112.88753397284133,,,,,5,"(0, 100]",2009
148.07214636219578,-149.5079494183179,1805.8009432914089,435.0843139601697,3.215549355384372e-13,3.215549355384372e-13,det2,computed_linefit,31.880298067045167,28.47523537161561,0.189812306275568,178.9330952723836,178.9330952723836,6.916443985710875,6.809253726390191,172.3782069756109,0.0544434048897286,55,"(0, 100]",2009
164.465174591123,76.66017039346607,4577.095280512046,494.5603713466027,1.797546735911271e-13,1.797546735911271e-13,det2,computed_linefit,132.713726649972,226.4968684998354,0.0712757346653177,61.09128153551712,61.09128153551712,,,,,11,"(0, 100]",2009
135.1551071050038,-154.68731944197668,2166.3918601201567,377.2703887628671,1.797546735911271e-13,1.797546735911271e-13,det2,computed_linefit,47.31584663405839,23.153740182386425,0.2300108119020601,177.08067881196996,177.08067881196996,1.9804505165268005,3.3984191008652904,175.38992066374828,0.238542025878495,78,"(0, 100]",2009
132.71203208415758,-123.35103175645692,1849.8943398429976,353.9058456849787,5.569494857771084e-13,5.569494857771084e-13,det2,computed_linefit,47.21520279658692,56.1715605786976,0.2930641733781959,179.64194857150432,179.64194857150432,161.65754245654645,45.71447019354438,18.58987437947238,0.0144548642741798,71,"(0, 100]",2009
155.3336014521467,103.4121826210142,3380.47616383808,496.1096109276554,2.273736754432321e-13,2.273736754432321e-13,det2,computed_linefit,121.3109045656454,195.63164579139584,0.0392314880877734,62.71260649194306,62.71260649194306,,,,,28,"(0, 100]",2009
134.0551235682269,-109.65990641929282,1880.4643414168584,388.5038373324615,4.687428401686771e-13,4.687428401686771e-13,det2,computed_linefit,44.28951719630774,67.59677730521875,0.2508581197550747,177.44713970559826,177.44713970559826,1.0545430576371415,1.3322496779887325,178.38820017061377,0.2607466518098233,65,"(0, 100]",2009
135.35608233534683,75.80617325532063,3126.0762541896997,407.592066589976,4.721768995590352e-13,4.721768995590352e-13,det2,computed_linefit,135.67826454954118,169.39500899698302,0.070349253610463,61.42651890369823,61.42651890369823,,,,,20,"(0, 100]",2009
153.38348351065594,-145.76633124012318,1551.0741207629517,455.2437998778916,5.684341886080803e-14,5.684341886080803e-14,det2,computed_linefit,23.67650595230458,32.100626105427274,0.2873513712469954,176.92387968610936,176.92387968610936,1.7789596157896557,11.715307842252685,177.58528737503897,0.0777165264324302,38,"(0, 100]",2009
169.79314820489597,-77.71944813440633,2531.6698861583627,505.3299729359202,2.3437142008433856e-13,2.3437142008433856e-13,det2,computed_linefit,8.150808251210748,128.18298072029037,0.2107426170440456,175.4383078979596,175.4383078979596,6.591808229997486,1.9781772876907688,171.75592391595438,0.0849488195094785,70,"(0, 100]",2009
160.7085947161465,166.64629267238237,2265.656424227748,499.3061752014592,1.2710574864626038e-13,1.2710574864626038e-13,det2,computed_linefit,18.990800621543613,345.80524324075145,0.2563070459764787,179.5920660582441,179.5920660582441,0.8919477172012499,0.9681874144715236,179.51573435767918,0.2497629161515309,34,"(0, 100]",2009
162.24708895377643,45.75543780569305,6497.243336787805,483.4600407409658,2.542114972925208e-13,2.542114972925208e-13,det2,computed_linefit,18.775780748638702,167.51692827297276,0.1134773098041516,162.43203962972768,162.43203962972768,97.50314707006191,29.706586302582963,73.38741484323538,0.0328767792033336,20,"(0, 100]",2009
138.93668910786494,-144.6374132289,5208.408983542271,385.6860741226452,3.215549355384372e-13,3.215549355384372e-13,det2,computed_linefit,40.224726477636096,36.5948444143416,0.2841676384594946,178.83923202409187,178.83923202409187,3.241637826077074,4.103928350582916,177.9021698281647,0.1987859896589374,131,"(0, 100]",2009
130.26059409285784,143.88068944290936,5172.046245886426,503.0105592758504,1.7053025658242404e-13,1.7053025658242404e-13,det2,computed_linefit,117.65266828138124,282.6205830496326,0.0436424234418705,102.01616997015556,102.01616997015556,,,,,43,"(0, 100]",2009
141.5731886003991,0.215608139424428,2267.2664513602967,453.3612771638868,2.3437142008433856e-13,2.3437142008433856e-13,det2,computed_linefit,112.4144265936137,129.1950242018079,0.0440868003823182,93.59522631986322,93.59522631986322,,,,,10,"(0, 100]",2009
141.87943267549576,65.61000998521698,2309.7488852424103,415.96135471751495,2.842170943040401e-13,2.842170943040401e-13,det2,computed_linefit,147.52966816900567,308.9731900542388,0.2219175895548641,58.9930792670181,58.9930792670181,57.406928201132445,57.45509555346432,2.0856280358855663,0.2311468039524876,6,"(0, 100]",2009
133.44800431187466,140.62529002251588,3502.202915952808,505.65652456332566,2.542114972925208e-13,2.542114972925208e-13,det2,computed_linefit,65.56965321856717,303.56494012885616,0.1591641626708501,156.39558751293865,156.39558751293865,110.27692870386686,61.003955691158815,46.88174797463943,0.0799663618082406,15,"(0, 100]",2009
148.71295856305488,34.91270012905175,2673.277539530905,435.7626474742652,8.03887338846093e-14,8.03887338846093e-14,det2,computed_linefit,71.7464835564433,229.4301144032844,0.056587051059094,138.1692845512236,138.1692845512236,,,,,12,"(0, 100]",2009
151.02352200998624,176.05722610499484,3239.3823094575355,479.8349477072375,3.26540580689313e-13,3.26540580689313e-13,det2,computed_linefit,29.538624123632463,353.4746847694921,0.2397219712020221,178.61841750494753,178.61841750494753,1.7570014129677094,2.577274194374168,177.12714143575096,0.167049432437223,40,"(0, 100]",2009
152.8869768031439,109.9503083180408,1820.3289330676175,498.8500218753706,3.26540580689313e-13,3.26540580689313e-13,det2,computed_linefit,112.46358386189416,251.16621386736847,0.0706258456521237,89.32371231141187,89.32371231141187,,,,,14,"(0, 100]",2009
146.73618443261265,-130.3770022602895,4998.654383287192,425.1896230223524,3.595093471822542e-13,3.595093471822542e-13,det2,computed_linefit,34.248472713530134,48.18731401543589,0.2562183022375952,178.73279334466716,178.73279334466716,12.46150263146807,16.852312198107242,166.29332005433,0.0310959327925094,44,"(0, 100]",2009
140.73789513111353,103.31942659543122,3408.18968586598,480.657504885502,3.26540580689313e-13,3.26540580689313e-13,det2,computed_linefit,146.35916815242254,264.04443063525866,0.074544523464632,71.72101661105025,71.72101661105025,,,,,25,"(0, 100]",2009
151.97989892470508,-162.92115522196326,1644.232974422804,460.6460367313605,5.209785393794665e-13,5.209785393794665e-13,det2,computed_linefit,28.083654178210622,25.755033222354346,0.1879891937047721,175.92238590594667,175.92238590594667,3.095025379647473,3.5325603090209783,173.41597217798315,0.2313583521323918,33,"(0, 100]",2009
145.7838214768403,169.26367926342104,3303.300532587624,1.7053025658242404e-13,479.7686269859315,1.7053025658242404e-13,det1,computed_linefit,34.876964695505215,345.1991980378639,0.1939308200845761,177.60268513840344,177.60268513840344,171.33696254683198,47.15290253948341,7.118169079131318,0.0979226828406066,105,"(0, 100]",2010
158.55204725217766,-163.48062257252545,3157.284443869462,3.314512409159136e-13,479.94309589434766,3.314512409159136e-13,det1,computed_linefit,24.001627497688883,16.590247450219966,0.2307599242434209,177.44617893998466,177.44617893998466,34.808839667894794,9.476775688594582,142.65327946367154,0.0282145933690072,77,"(0, 100]",2010
133.5122521597855,79.04017274671604,3009.9625914999488,1.392373714442771e-13,408.9096564442365,1.392373714442771e-13,det1,computed_linefit,80.3978917055916,248.75791369134345,0.090491358028453,144.92791919976315,144.92791919976315,,,,,179,"(0, 100]",2010
134.77123207194566,55.086858259066425,2062.835376064511,4.755861633237119e-13,364.4283801409967,4.755861633237119e-13,det1,computed_linefit,48.86913991540451,234.6506600973135,0.1570619435272505,176.3456714262494,176.3456714262494,142.68085159746198,42.886101961933264,33.66486147786442,0.0531487060310521,78,"(0, 100]",2010
148.83684597343108,9.325794901481377,7269.411315420501,5.859285502108464e-14,459.1762844490001,5.859285502108464e-14,det1,computed_linefit,45.24461218210459,186.13581664416188,0.1025528492861746,165.7850738510989,165.7850738510989,151.16270124022236,60.700258231117566,14.668758608959171,0.0683410282952619,263,"(0, 100]",2010
136.69188016345075,-24.351035564902865,4496.555939110425,4.582862941503293e-13,490.8278215730912,4.582862941503293e-13,det1,computed_linefit,48.75101861695329,156.4414238226412,0.2067015741510273,174.52738685359515,174.52738685359515,137.84898554520757,58.44618895257426,36.68647205381428,0.0544803956528898,128,"(0, 100]",2010
147.95560856935143,132.46610632788733,3382.0639332657643,2.898457019905882e-13,507.49822766697656,2.898457019905882e-13,det1,computed_linefit,32.605622162203886,315.0154804630128,0.2565516627440228,178.52590327606393,178.52590327606393,169.8083233189015,42.25109682153635,9.306576168706764,0.0556881746069617,58,"(0, 100]",2010
157.87382025387413,-174.01302812295853,1988.8386941735987,2.093389619894912e-13,484.5153038455368,2.093389619894912e-13,det1,computed_linefit,26.200031256790115,359.2038299157516,0.0798624734717003,175.0759224051908,175.0759224051908,,,,,196,"(0, 100]",2010
150.03141648511885,-38.41618304386134,1542.856610844315,2.842170943040401e-13,506.3997625757995,2.842170943040401e-13,det1,computed_linefit,32.84998599513483,139.48389832074798,0.2223467679442906,176.91815948868137,176.91815948868137,63.08645276931305,18.634903392833536,113.9723969799462,0.0197141330723327,90,"(0, 100]",2010
136.87062899465116,30.377722374562172,3102.4456380602846,2.898457019905882e-13,379.2539324570894,2.898457019905882e-13,det1,computed_linefit,48.51356484430176,211.86145155215905,0.1998312902026809,174.51195828796563,174.51195828796563,139.09417826646936,34.37931611845753,35.42891667965088,0.0499905033392127,113,"(0, 100]",2010
151.4971701416855,-22.253661889582165,1656.126787989259,1.2710574864626038e-13,497.9961452808254,1.2710574864626038e-13,det1,computed_linefit,30.130132719832712,163.13994806944066,0.2311812613684941,176.8994231513405,176.8994231513405,158.33788661027705,35.235424178329794,18.82724210040908,0.0306005649679057,35,"(0, 100]",2010
143.79173102576328,22.189331005256168,3343.3686557250794,4.43961293735052e-13,424.3117589684781,4.43961293735052e-13,det1,computed_linefit,45.16043942948571,205.6266103089796,0.1249901571754482,170.77451310178463,170.77451310178463,162.6209609730355,119.7680768759762,8.233758282340276,0.1049388326133788,186,"(0, 100]",2010
132.39509263759038,155.06055621866588,2922.9311316686108,2.3437142008433856e-13,489.0356741804357,2.3437142008433856e-13,det1,computed_linefit,55.90072264372202,326.9256539673793,0.1512435468905373,169.54028952676575,169.54028952676575,53.643334756703005,32.425836897981085,116.34168342506756,0.0509643770624798,73,"(0, 100]",2010
135.87384775549438,-80.8999100436131,1918.965778691756,4.366225850770097e-13,465.8070825459221,4.366225850770097e-13,det1,computed_linefit,49.58941457301972,101.00422106921694,0.1920579530025129,174.36331924109558,174.36331924109558,163.49544362664267,52.43781774978279,10.873619068638495,0.1121703562259227,130,"(0, 100]",2010
141.34403930300974,53.97989779261536,3766.79307561158,4.889855783314162e-13,400.3767134902829,4.889855783314162e-13,det1,computed_linefit,42.352634451884775,232.10138224266973,0.1841105203218349,176.10752820825738,176.10752820825738,144.57639039118345,41.95438733272058,31.590678582676716,0.0673048619603483,107,"(0, 100]",2010
146.92631190067044,-160.10050380252733,2107.4293537793387,1.7053025658242404e-13,439.80398457297264,1.7053025658242404e-13,det1,computed_linefit,35.02840126316179,18.5047309336384,0.2368892351653868,177.8951595226915,177.8951595226915,33.41109390466632,13.73404929490944,144.66093110137956,0.0304299856934944,120,"(0, 100]",2010
150.54148378867353,85.3840071423789,2886.092646645931,3.113442275577916e-13,471.97272268446375,3.113442275577916e-13,det1,computed_linefit,35.99283879935059,263.5646711357283,0.1412075911188874,173.3927282605482,173.3927282605482,166.1307748237609,132.1118430312191,7.266780233566192,0.1059802576915147,213,"(0, 100]",2010
143.21640067080534,151.02362503436606,5185.972546951187,2.6048926968973323e-13,499.50584382166863,2.6048926968973323e-13,det1,computed_linefit,42.02264286055414,324.1438475447555,0.1861475110875808,173.18582175713172,173.18582175713172,132.93136088018883,37.95232003371689,40.58488752000876,0.0425106989555492,43,"(0, 100]",2010
135.9272687996884,-54.06366530812091,2486.309692120194,4.0194366942304643e-13,505.19352187534014,4.0194366942304643e-13,det1,computed_linefit,47.00368105354781,128.927159290429,0.2379612200122102,176.37472345442862,176.37472345442862,17.697359159598623,26.89996814493024,158.72971211216634,0.0614612118427806,47,"(0, 100]",2010
152.17612935498985,-5.020453867868024,3720.224775822797,2.382173337059642e-13,483.0795970349229,2.382173337059642e-13,det1,computed_linefit,30.558295547841556,176.22669018992067,0.2404874472273155,177.19887423161808,177.19887423161808,170.40228524578777,47.91350715760459,6.803411030428245,0.1227493345987127,178,"(0, 100]",2010
142.34320909333834,-146.74703522255513,3276.439615934072,3.314512409159136e-13,405.70598359122187,3.314512409159136e-13,det1,computed_linefit,44.72913175125879,31.83471793587632,0.079853695073188,172.8666289070043,172.8666289070043,,,,,249,"(0, 100]",2010
142.5346550982866,-101.69638274984324,1958.5927621432795,3.362902011246897e-13,438.9902548827554,3.362902011246897e-13,det1,computed_linefit,38.1135126891017,82.12936013347515,0.2509601632115762,177.5681112155342,177.5681112155342,4.330669873633246,8.44361054973997,175.13082490462628,0.1582672751994547,83,"(0, 100]",2010
146.658268418406,81.33672965538871,2818.4823510245565,3.6646375060137275e-13,456.81819617319695,3.6646375060137275e-13,det1,computed_linefit,49.27728726386948,265.53886103727467,0.0848752958741368,163.83240439476995,163.83240439476995,,,,,100,"(0, 100]",2010
151.18891583455758,41.59349035499199,3492.289090599488,2.898457019905882e-13,444.9157976639729,2.898457019905882e-13,det1,computed_linefit,30.588855322771916,220.92832344272915,0.2704569676631592,178.19196469077477,178.19196469077477,23.7966551199234,23.38535124556618,154.4835027073337,0.0342804110998922,110,"(0, 100]",2010
153.03346025106,100.42913861188312,3016.437428241206,9.099386826154684e-14,491.50511759405566,9.099386826154684e-14,det1,computed_linefit,31.722435922903298,273.74298069599564,0.1866490448527404,174.23104643562732,174.23104643562732,64.40357706951696,20.59788010001026,109.97645153719098,0.0378012602684461,119,"(0, 100]",2010
132.5610178054968,135.2766222661111,1537.7520331742912,2.1268859807002749e-13,507.4486083389892,2.1268859807002749e-13,det1,computed_linefit,64.40582541997024,310.1915655975117,0.1001718084791644,162.52714563154427,162.52714563154427,92.56933417296052,57.95058717083164,70.1143119360768,0.0381298547406163,44,"(0, 100]",2010
143.5502826723103,-70.799469917726,1666.7188283324774,6.506026660565338e-13,491.67371589909015,6.506026660565338e-13,det1,computed_linefit,40.21863209840242,114.83725825068495,0.2316376571602843,174.86227135815574,174.86227135815574,48.70629438709235,18.65795871116951,126.51549258901098,0.0384199780465171,61,"(0, 100]",2010
146.47530711088865,-61.2608271263778,4999.3699236036255,4.617981178760124e-13,502.22792274403935,4.617981178760124e-13,det1,computed_linefit,37.14851831508162,122.4827964569096,0.1598587956335146,175.780006766913,175.780006766913,165.44222346008937,124.2588230212442,10.376135020571684,0.0886331552620592,191,"(0, 100]",2010
139.85264310008222,22.27170828678552,1703.2714549043544,3.06111178766429e-13,406.3048694477325,3.06111178766429e-13,det1,computed_linefit,67.47742276163656,200.0239737356917,0.0690247381302857,152.6128020160029,152.6128020160029,,,,,205,"(0, 100]",2010
166.11962088918165,5.662034789807237,4511.875724621034,2.428351918216984e-13,498.4710430583704,2.428351918216984e-13,det1,computed_linefit,17.504337519413674,184.69136495438264,0.1758556934691034,176.3666677654755,176.3666677654755,147.4053259641382,18.307715664993164,28.99067943170797,0.0356872271133004,184,"(0, 100]",2010
162.71550870638814,-1.6980908579161935,5195.122170916511,2.428351918216984e-13,496.4691502624236,2.428351918216984e-13,det1,computed_linefit,19.14780883447145,182.9840300375512,0.2173514196986159,177.63193911299228,177.63193911299228,160.82972608250282,38.4741437786038,16.945862303885114,0.0363522214908332,191,"(0, 100]",2010
134.0286993635899,-88.67053262794475,2370.576380456273,4.622488726127779e-13,443.51976088874846,4.622488726127779e-13,det1,computed_linefit,48.87779358736592,92.33659942857923,0.2166086071661076,177.00044896035106,177.00044896035106,157.65587180836167,35.12388258044566,19.359075385633066,0.0568363732653452,107,"(0, 100]",2010
146.13914331414563,-49.885588808931054,4349.853331365438,3.5040636720219573e-13,507.1974859708668,3.5040636720219573e-13,det1,computed_linefit,54.38948343264106,133.0829879702973,0.0813829970069535,159.3722852102337,159.3722852102337,,,,,371,"(0, 100]",2010
161.1443980240259,-9.113891819333125,2967.7045300416003,1.797546735911271e-13,497.8652425255392,1.797546735911271e-13,det1,computed_linefit,21.644434739121312,179.4859375464107,0.2458138440907163,175.9278324583374,175.9278324583374,9.404889319201091,12.60754233356568,167.34314722969728,0.0879369188677808,77,"(0, 100]",2010
131.02063634478287,-102.8561786028555,6613.481570144464,4.617981178760124e-13,393.7934226715343,4.617981178760124e-13,det1,computed_linefit,62.1067081830901,77.35591594165635,0.1159132097845049,166.8715029558723,166.8715029558723,76.90344770718214,41.50892955101462,89.96885870348099,0.0509227299518631,200,"(0, 100]",2010
158.13803661688812,-4.625205917562013,5041.964030023977,1.3406493525361334e-13,491.8752705778581,1.3406493525361334e-13,det1,computed_linefit,24.37945378907716,181.0239619875232,0.2067480568789912,176.6472051241257,176.6472051241257,23.964055077527146,17.06510088962447,153.11586722233173,0.0534074611114433,171,"(0, 100]",2010
130.8326309508782,-119.18197290438148,5399.726719071713,6.27856082768816e-13,350.1349721647007,6.27856082768816e-13,det1,computed_linefit,51.67782734357589,59.89781846325363,0.1912356655201688,177.39132088551534,177.39132088551534,162.04817965166566,44.44822820201581,15.43828020296642,0.0622981914307058,159,"(0, 100]",2010
161.5766817804586,-177.72947838408638,3163.795581069125,2.953670686285155e-13,493.0996692855425,2.953670686285155e-13,det1,computed_linefit,22.778838657668764,11.656835689564211,0.110582879197455,174.54654834106594,174.54654834106594,4.347315572854666,3.977615415686797,171.38476624246982,0.2271928734336158,262,"(0, 100]",2010
150.77781267782103,9.31704460870166,4570.189105949814,1.392373714442771e-13,464.7558287774702,1.392373714442771e-13,det1,computed_linefit,36.43962938201071,193.63659959529173,0.1655624875436325,172.41616563391366,172.41616563391366,133.37972053173243,40.95075106535288,39.12217745038884,0.0476116081106794,88,"(0, 100]",2010
168.28172007684304,-151.2731111023459,5538.7434336726365,1.1718571004216928e-13,497.64465794911416,1.1718571004216928e-13,det1,computed_linefit,9.010002359939756,13.6282703111483,0.2511820171493411,176.18583507210263,176.18583507210263,4.778713825954118,9.157403044720064,176.58849233046533,0.0651571808755235,274,"(0, 100]",2010
131.1849365521269,147.3392986005818,3339.0870642028417,2.411662016538279e-13,499.6238080679658,2.411662016538279e-13,det1,computed_linefit,71.63975029148496,318.92743155704017,0.0666035145747325,156.065797090183,156.065797090183,,,,,285,"(0, 100]",2010
143.068730972276,-164.4691784252848,4630.660912559023,4.591667681496435e-13,430.6105385471736,4.591667681496435e-13,det1,computed_linefit,40.82715321038764,15.263303205110144,0.1889867537428372,176.10050665633366,176.10050665633366,116.19050253292497,30.63107019040667,59.91003459522872,0.0285615503566102,284,"(0, 100]",2010
141.04013983067225,142.64591439300543,1724.5610757735728,8.03887338846093e-14,505.1668591531049,8.03887338846093e-14,det1,computed_linefit,53.97769365649556,316.76016176787994,0.1014770738574919,164.40037808306934,164.40037808306934,86.67276860609762,42.37829582244594,77.77636339341593,0.0509810965875668,146,"(0, 100]",2010
160.39633006401823,116.34272262661575,7616.926439788584,2.3437142008433856e-13,504.9672575679424,2.3437142008433856e-13,det1,computed_linefit,22.084711999497618,292.7861420299582,0.2355894409867877,177.2158916355955,177.2158916355955,2.766686615960262,2.505305305265326,174.63438203722714,0.1616081869686865,162,"(0, 100]",2010
130.46561277175738,152.14270028287604,3293.7160665677607,5.51117393276437e-13,492.81171432471615,5.51117393276437e-13,det1,computed_linefit,57.29247582052321,330.8225898832308,0.1464739164133958,172.170124836327,172.170124836327,157.71992272457337,60.05949945923808,14.450222051232942,0.0872162209567848,92,"(0, 100]",2010
159.95575919455965,165.69654433812187,4481.391389071467,2.6699771962137133e-13,499.1293717820232,2.6699771962137133e-13,det1,computed_linefit,20.4115288735488,344.8539079493335,0.2582560256386246,179.53119859031642,179.53119859031642,174.11268317112155,34.01134047132855,5.43827285211397,0.0804103576149486,149,"(0, 100]",2010
141.0358818120493,19.13251714342968,2963.556433646754,2.1268859807002749e-13,416.6889819090238,2.1268859807002749e-13,det1,computed_linefit,43.06961005579608,200.92004794332252,0.2339367912364597,175.73053959294802,175.73053959294802,64.92356864532914,34.72356195320306,110.9103437837739,0.0230131214716307,82,"(0, 100]",2010
150.82090143008747,-15.747617900552395,5328.647012085274,3.5040636720219573e-13,491.8874550573534,3.5040636720219573e-13,det1,computed_linefit,30.1673887671998,163.298346027489,0.1976634383269784,178.90468143523697,178.90468143523697,1.512675934103053,1.5168071269793213,178.10948859383018,0.2807559475434583,45,"(0, 100]",2010
153.8780608570692,17.155357437912503,7524.878205138046,2.411662016538279e-13,466.699265664067,2.411662016538279e-13,det1,computed_linefit,29.80043557266467,200.2184037393979,0.2126783160481734,176.0521758888174,176.0521758888174,96.79243688248704,20.834348965781206,79.36377001738016,0.0337285392777755,320,"(0, 100]",2010
132.79886890791158,163.7046020038361,5067.186905330373,472.4005347551873,3.5040636720219573e-13,3.5040636720219573e-13,det2,computed_linefit,61.18001711790532,345.9010293557969,0.0751962068169568,165.90952616184188,165.90952616184188,,,,,22,"(0, 100]",2010
138.87314178291584,141.4071252185331,2100.689404994492,505.6181820705265,2.542114972925208e-13,2.542114972925208e-13,det2,computed_linefit,41.27121632727308,225.82175374708984,0.0794200610006171,121.5953524924729,121.5953524924729,,,,,26,"(0, 100]",2010
145.63184276377592,159.08599555968289,4366.592217297997,492.56870763608254,2.542114972925208e-13,2.542114972925208e-13,det2,computed_linefit,34.21890681033303,337.829510099243,0.1838534775804126,179.2765042196844,179.2765042196844,19.87283588212808,26.77206003552283,159.77512580431417,0.0514721052783163,40,"(0, 100]",2010
138.244349353746,-15.43545773300956,3657.521012477336,477.3202899397725,3.639754730461873e-13,3.639754730461873e-13,det2,computed_linefit,100.4821772382923,184.2158753825741,0.0898080501620091,118.74963762496913,118.74963762496913,,,,,24,"(0, 100]",2010
130.31761501291822,-15.12038231815218,4269.654121651897,466.7350651554444,4.889855783314162e-13,4.889855783314162e-13,det2,computed_linefit,126.87296205036584,155.89872522412813,0.0925677775797802,102.37042425486048,102.37042425486048,,,,,6,"(0, 100]",2010
135.01779595266186,-127.14386261278696,6632.999520992461,363.2218618956675,5.084229945850415e-13,5.084229945850415e-13,det2,computed_linefit,45.59020918204217,52.91704524294597,0.3023546032795441,179.39045624537434,179.39045624537434,28.78052719019219,35.11856211323955,150.7604104463002,0.0154537541836893,79,"(0, 100]",2010
162.31532551310858,166.80251138111734,3980.9872563698254,500.5247129223901,2.049518613753201e-13,2.049518613753201e-13,det2,computed_linefit,18.768054330624903,346.43265838806485,0.305628233084098,178.91046698126905,178.91046698126905,176.9697566544471,18.732461091470658,2.088791187634068,0.114530407770828,52,"(0, 100]",2010
150.85693282830616,50.1027734272985,5438.267311348505,444.2059735397895,2.842170943040401e-13,2.842170943040401e-13,det2,computed_linefit,118.2763592807234,213.28643792331567,0.0448183660785625,89.81585837952548,89.81585837952548,,,,,33,"(0, 100]",2010
131.48097990049644,-74.20280508445396,2403.8377468563185,474.95336722154775,5.569494857771084e-13,5.569494857771084e-13,det2,computed_linefit,49.333443608479904,104.85215420415122,0.2681283946606682,178.91795903963296,178.91795903963296,175.37766443197398,174.35999707649256,3.920017393539246,0.1592153950105544,41,"(0, 100]",2010
152.02642582571866,49.854695934423,5275.493792328136,449.0291327101644,1.607774677692186e-13,1.607774677692186e-13,det2,computed_linefit,150.009523700594,280.4740050076798,0.0701540546533898,51.964100509126204,51.964100509126204,,,,,20,"(0, 100]",2010
130.80690890022598,-109.65326959363846,4075.463014041916,373.2374749154172,5.084229945850415e-13,5.084229945850415e-13,det2,computed_linefit,48.69479978078173,69.41476780777012,0.2408371725623916,179.138516048443,179.138516048443,3.5554977797251484,4.88592102945438,177.00624809142596,0.086902380624382,69,"(0, 100]",2010
142.71648298986267,-36.73269384133809,3614.755613461317,505.0515798095379,2.842170943040401e-13,2.842170943040401e-13,det2,computed_linefit,38.72882216075176,146.50980835835796,0.1369981296354146,177.5356047870247,177.5356047870247,20.69543002437645,19.267013996282927,156.84230639506086,0.11235320637413,49,"(0, 100]",2010
164.05107188163123,-134.73554093514142,5027.8605395966615,487.9551901999804,3.639754730461873e-13,3.639754730461873e-13,det2,computed_linefit,14.89977695171061,39.54435495804022,0.2500915358732593,178.15315570201378,178.15315570201378,0.7681060977199912,0.8650949540038754,178.7891106078352,0.1978887265192261,68,"(0, 100]",2010
130.65485843385932,80.3856487837705,2223.2473882535232,402.46722352609805,2.049518613753201e-13,2.049518613753201e-13,det2,computed_linefit,69.28645479979798,218.07227526080703,0.0508698871222455,139.04029555755343,139.04029555755343,,,,,8,"(0, 100]",2010
159.56323587498358,-130.38550041136122,3013.5537679646022,475.8526726825774,3.26540580689313e-13,3.26540580689313e-13,det2,computed_linefit,21.59757605919195,52.79999917087097,0.2506225449773533,178.37166279120973,178.37166279120973,1.4183856387474467,3.477844937099212,176.9947169939488,0.1433086745680725,36,"(0, 100]",2010
136.9344502831546,158.79332287777584,3486.051856393004,485.9823562526339,2.049518613753201e-13,2.049518613753201e-13,det2,computed_linefit,43.729229597448224,335.071690772244,0.1719764132476778,177.35859840163818,177.35859840163818,17.011622556888977,24.35449962219369,161.231353838196,0.077473231652908,33,"(0, 100]",2010
168.22687171789025,-26.218354737708403,3623.802101812807,506.3216634744404,2.7847474288855413e-13,2.7847474288855413e-13,det2,computed_linefit,8.571914380511624,157.25110689621997,0.2274474904729693,176.74209810391622,176.74209810391622,15.359565000173776,12.003055532714498,166.25544023917243,0.0719778706806022,27,"(0, 100]",2010
156.8129726427084,-104.51394549304656,3532.503362415079,478.1055997739291,3.8131724593878125e-13,3.8131724593878125e-13,det2,computed_linefit,16.452652053832054,73.95816203918555,0.2040917624283815,173.24628081604084,173.24628081604084,163.2936725616356,42.60478814401024,10.061974467333336,0.0528894968931451,37,"(0, 100]",2010
138.58001843970365,157.03610931449276,5598.415083462606,489.9663781543529,4.721768995590352e-13,4.721768995590352e-13,det2,computed_linefit,43.94028508517161,337.4176224144832,0.2492264832597421,177.4664708148542,177.4664708148542,27.43689910909198,33.888627260848864,150.04942030169082,0.0819585819991849,21,"(0, 100]",2010
144.43072778063217,-27.721617118253764,3806.209253818228,498.90941047374525,2.411662016538279e-13,2.411662016538279e-13,det2,computed_linefit,39.18334444453215,176.2271412706959,0.0890966034404062,165.09903331521238,165.09903331521238,,,,,23,"(0, 100]",2010
136.7913697331137,-110.92095334390712,4137.910823105252,398.36723082075326,4.582862941503293e-13,4.582862941503293e-13,det2,computed_linefit,43.10654754429701,69.13954031560598,0.296263589145367,179.88984997571998,179.88984997571998,2.977506588985729,4.602247220658354,177.12191734821894,0.0988285294968077,67,"(0, 100]",2010
153.66086361769374,-79.89161040992275,6989.892318896589,491.8404935006008,3.410605131648481e-13,3.410605131648481e-13,det2,computed_linefit,28.15039597237638,104.17743817930456,0.2298308989736564,177.40271243810707,177.40271243810707,4.238624372321125,3.749572481964322,173.2118973246198,0.1355952458718819,71,"(0, 100]",2010
134.73700822176855,-121.35528431167658,1705.4214508804778,368.7734832196591,6.12222357532858e-13,6.12222357532858e-13,det2,computed_linefit,46.25213324152394,58.66545115826606,0.2719852243107832,179.01074701040048,179.01074701040048,3.5188131938957103,3.67381487028252,175.52634341622462,0.1322073762715442,46,"(0, 100]",2010
156.37484627818424,92.4692087730267,4429.522326747594,489.4602496822893,3.4576501834057014e-13,3.4576501834057014e-13,det2,computed_linefit,148.46302475632598,200.42861081601944,0.0199869006103358,44.25540552560988,44.25540552560988,,,,,22,"(0, 100]",2010
141.03698139535584,-60.393249153374505,2227.5877836667487,501.4056391513202,3.410605131648481e-13,3.410605131648481e-13,det2,computed_linefit,37.97980769326546,115.5624090631028,0.2970288467794223,177.29909832663296,177.29909832663296,6.4659078942982005,8.12504802338607,174.28709746407154,0.1714406944733024,23,"(0, 100]",2010
145.55386295033966,-95.90591017187673,2032.9945956100464,457.7225646752484,3.8131724593878125e-13,3.8131724593878125e-13,det2,computed_linefit,34.30767241745699,83.20464392838988,0.21135968091432,179.479054027776,179.479054027776,6.964955768400056,5.472742239480933,173.3709972317384,0.0630538501079075,88,"(0, 100]",2010
138.09700042654157,-61.885003910070985,1683.6698344437302,499.1206646904993,4.98798976161204e-13,4.98798976161204e-13,det2,computed_linefit,42.251409213084365,118.00280896748772,0.2482972464265275,179.64357154528508,179.64357154528508,10.327824342581746,11.9074913620174,169.37641496860326,0.0835072426235054,32,"(0, 100]",2010
155.77468775314705,171.83892495396944,4095.313131522343,491.0291727329438,2.542114972925208e-13,2.542114972925208e-13,det2,computed_linefit,24.478879300299468,348.5932031033944,0.2576417872633278,178.6380035053455,178.6380035053455,161.25945180127522,22.667611328248285,17.589203937668312,0.0214340576516608,44,"(0, 100]",2010
164.9759402506518,-24.312895460940844,1977.1440435793616,505.190761796158,2.842170943040401e-13,2.842170943040401e-13,det2,computed_linefit,28.55227900061679,167.05599392593265,0.1150166216026761,165.88864630807473,165.88864630807473,159.36804015393784,127.299056505075,6.549125885653599,0.0860118606657322,17,"(0, 100]",2010
161.70578480997256,-40.47776736865009,2875.3293416160877,507.2986256653648,2.273736754432321e-13,2.273736754432321e-13,det2,computed_linefit,17.62701597046362,130.27176846207269,0.3217817564600391,177.07370067939806,177.07370067939806,177.25729949139205,20.841929628446312,0.5286317742992384,0.2503447899394868,36,"(0, 100]",2010
140.85580648375998,-160.76393622172432,4776.616686667677,415.5065427182657,2.6048926968973323e-13,2.6048926968973323e-13,det2,computed_linefit,39.14111603462741,20.60075327669227,0.2700235861048599,179.13854190374627,179.13854190374627,3.408070136572278,9.75454658842666,176.86486045785992,0.1039253080345759,60,"(0, 100]",2010
137.3068817115651,52.32860661049301,1843.04498574748,376.6172950329114,2.842170943040401e-13,2.842170943040401e-13,det2,computed_linefit,115.43022825167064,186.22505291684547,0.0586521368574519,96.256337586856,96.256337586856,,,,,14,"(0, 100]",2010
146.47662462056638,-97.0031062438004,6413.377255084133,458.5531849423923,3.595093471822542e-13,3.595093471822542e-13,det2,computed_linefit,34.58467661339408,86.91395452014666,0.2201647044709313,177.56375860724546,177.56375860724546,6.248745336438486,6.7965191675443375,171.52679952336945,0.0891943169927043,59,"(0, 100]",2010
151.89549430950842,-58.90578246116117,5891.670839795749,504.76753089482656,2.542114972925208e-13,2.542114972925208e-13,det2,computed_linefit,28.65694070148229,124.56554191511134,0.2660710730723629,178.26021181491222,178.26021181491222,2.670893198022392,2.6339779772243155,176.21639462543578,0.1389084215822583,87,"(0, 100]",2010
131.1611813483276,-157.01620015457863,6488.990577627034,360.5613465509295,5.51117393276437e-13,5.51117393276437e-13,det2,computed_linefit,49.61448286437633,23.44133628412512,0.2603856468084136,179.15046755611232,179.15046755611232,170.08640876274808,40.43157603600983,9.159491907403822,0.0829839844957223,80,"(0, 100]",2010
165.28666012270327,-97.68957475792196,2106.1011837794763,497.3592524514284,2.411662016538279e-13,2.411662016538279e-13,det2,computed_linefit,14.535424144271817,75.67288452899103,0.3675676537399377,178.31563103694847,178.31563103694847,178.23358437837567,174.08880125825883,0.1371176564371116,0.3147425331757296,26,"(0, 100]",2010
148.17380839360823,-113.59712688691263,3900.077078234189,443.1859328066009,4.2537719614005497e-13,4.2537719614005497e-13,det2,computed_linefit,30.785099176654047,70.44152036127119,0.2518472703844345,177.6579672294857,177.6579672294857,170.23210511910085,27.31349301339556,8.194503455251782,0.0321746543439083,70,"(0, 100]",2010
133.26003107236005,4.57558585947293,4233.585494296845,419.2777688888004,4.1382633578908325e-13,4.1382633578908325e-13,det2,computed_linefit,134.66269948571124,195.190424467072,0.0869452164250849,91.569155912195,91.569155912195,,,,,27,"(0, 100]",2010
138.46588016734708,173.86641661059403,1894.629655236162,459.0088722553499,3.639754730461873e-13,3.639754730461873e-13,det2,computed_linefit,40.99895560019333,356.21730649908073,0.3233057799337881,178.35976849329336,178.35976849329336,178.0613349586093,88.50799553867878,1.5129870460343633,0.1940391421397924,21,"(0, 100]",2010
137.81518289986872,-104.97130931691434,2743.356732801788,415.3155327246281,3.979039320256561e-13,3.979039320256561e-13,det2,computed_linefit,42.44138212660664,77.55437744257962,0.2838883560725477,178.2805863625422,178.2805863625422,4.246302378368653,2.654520877465899,174.28088634460218,0.123491641340977,93,"(0, 100]",2010
136.47706413904973,-167.3535834631446,4034.414885235849,410.0255713890605,5.71269289430398e-13,5.71269289430398e-13,det2,computed_linefit,43.70389212462485,12.176869766103692,0.3176867454201825,179.62899047053077,179.62899047053077,13.206547019105358,5.001529237480948,166.67518536880132,0.0274905905329773,58,"(0, 100]",2010
155.72038782910676,1.7039384978360506,2619.6124352371926,483.4318421984886,3.639754730461873e-13,3.639754730461873e-13,det2,computed_linefit,132.3074463853145,209.6590735909717,0.0898871336302455,69.82051863281387,69.82051863281387,,,,,15,"(0, 100]",2010
140.06609377515218,-8.257055628953612,3603.9590926931314,466.4861560113751,4.721768995590352e-13,4.721768995590352e-13,det2,computed_linefit,136.01084800743007,228.1714511573798,0.0652265417256912,72.23257272447682,72.23257272447682,,,,,24,"(0, 100]",2010
162.98697499625632,1.8314227736175983,1999.7004593030304,495.4438130380893,2.3437142008433856e-13,2.3437142008433856e-13,det2,computed_linefit,125.11040411010332,260.0931368950288,0.0254449266664687,59.91461042423944,59.91461042423944,,,,,26,"(0, 100]",2010
144.61938476623249,-92.07773390024416,4238.631621894839,461.4692213309556,3.595093471822542e-13,3.595093471822542e-13,det2,computed_linefit,36.75648281033885,87.51536918322003,0.2739907083675544,178.60343891140158,178.60343891140158,18.99584956532756,28.258210087233188,159.67925771687365,0.033277670975011,48,"(0, 100]",2010
139.82684395815136,174.4924046567942,2200.7684802905333,460.4745477517986,4.98798976161204e-13,4.98798976161204e-13,det2,computed_linefit,39.67384406307896,358.3849986220531,0.2981364378018503,177.4527793022378,177.4527793022378,3.4509075255233417,7.764221842216758,176.48201068835928,0.1537541968232411,43,"(0, 100]",2010
157.3059311180008,114.82900513054572,2328.382470800957,503.5359573290917,4.099037227506402e-13,4.099037227506402e-13,det2,computed_linefit,39.404538699031605,268.6407169766018,0.0703722736201119,158.84851670402182,158.84851670402182,,,,,30,"(0, 100]",2010
162.10841044413365,37.872369082627046,1597.6554825734845,483.3289745399424,3.26540580689313e-13,3.26540580689313e-13,det2,computed_linefit,128.45055874184987,155.36725193892772,0.0705634394114574,61.26945136120138,61.26945136120138,,,,,14,"(0, 100]",2010
142.40975255046556,-74.53540405884952,5439.746392097788,3.362902011246897e-13,485.6850055745842,3.362902011246897e-13,det1,computed_linefit,40.42930011424902,107.4636051275801,0.1876312146526186,176.89490869501844,176.89490869501844,155.86216689236144,36.18060920978681,21.09502642907697,0.0612763801398638,208,"(0, 100]",2011
158.916137828345,152.48042071009306,2887.9149465348155,1.7053025658242404e-13,504.1498590131661,1.7053025658242404e-13,det1,computed_linefit,24.233121774733107,329.68932795642354,0.148876192901074,176.67306942414845,176.67306942414845,172.4203012924663,29.488919866480792,4.278589489900943,0.1003700093789457,229,"(0, 100]",2011
138.79498903222026,-71.7955350934098,2987.122589808244,4.755861633237119e-13,486.43403642768095,4.755861633237119e-13,det1,computed_linefit,45.41088105770016,110.90380397692368,0.1992298885705681,175.40539155753794,175.40539155753794,67.50845271541112,28.48824252159244,107.98679332397629,0.028547174956036,100,"(0, 100]",2011
136.96920192303034,131.3156016779548,3831.313010458779,2.411662016538279e-13,507.3118700640538,2.411662016538279e-13,det1,computed_linefit,52.85448156525789,311.0947211342394,0.1715870846843996,170.1749592643182,170.1749592643182,105.80965434419106,55.62609998270198,64.37852322544757,0.0549933259349134,61,"(0, 100]",2011
153.1806503723702,-112.04829650195066,2041.7105606496373,3.228085657724633e-13,462.4147535021253,3.228085657724633e-13,det1,computed_linefit,28.585706837630177,70.09119421034738,0.2501927763321218,177.9731197644143,177.9731197644143,2.2138133923088765,2.037020872581868,176.0640604171743,0.1550673118456532,90,"(0, 100]",2011
155.112468002942,95.51174559526302,2939.187070626048,1.885282921623116e-13,489.9951339776789,1.885282921623116e-13,det1,computed_linefit,25.22430436365645,277.6827658268298,0.2699212687455272,179.02089162631182,179.02089162631182,45.017433724739554,16.329402890381562,134.59975725154487,0.0198969777023719,89,"(0, 100]",2011
147.7204646189967,6.11784553057538,2288.0150506410805,2.382173337059642e-13,460.1184496593132,2.382173337059642e-13,det1,computed_linefit,33.522675542694,185.47353034222093,0.2611738090506342,178.7085482999826,178.7085482999826,172.17354344032668,47.60836335596914,6.65546027118282,0.0768984701818106,127,"(0, 100]",2011
143.3857910167282,-14.147168562151029,2807.515383756758,2.411662016538279e-13,481.5641564473169,2.411662016538279e-13,det1,computed_linefit,39.188719925976514,168.68669744465802,0.2893910157077586,176.8927056375135,176.8927056375135,4.360482614220479,17.853736790317623,173.10154201974362,0.1554469749785793,116,"(0, 100]",2011
151.7234277357743,-54.27113280849989,2816.135435045962,3.314512409159136e-13,506.3887406281245,3.314512409159136e-13,det1,computed_linefit,30.31518146671013,125.46540952067603,0.2337880220116454,177.9573233052126,177.9573233052126,87.87855828654472,16.421321483061607,90.2077342694832,0.0190884001052927,152,"(0, 100]",2011
163.34026241050114,168.56707994224865,3107.8228303182186,2.21980646867526e-13,500.6910151515532,2.21980646867526e-13,det1,computed_linefit,20.656679609574898,349.84480794629434,0.1472771482900195,175.98244059686337,175.98244059686337,160.5368330910909,30.661294847889305,15.46558648650866,0.0476873325975778,74,"(0, 100]",2011
159.3086624207185,-6.480447474575632,1769.5590785151244,2.8563464471519893e-13,494.5005933669048,2.8563464471519893e-13,det1,computed_linefit,22.544503205809,180.9945105172177,0.2477756669900621,176.68404521700515,176.68404521700515,100.49727860599458,22.011588436238284,76.94575044313046,0.0295461094370459,77,"(0, 100]",2011
160.40205233319634,-35.977780311313495,1712.0320788049255,3.06111178766429e-13,506.6567045823964,3.06111178766429e-13,det1,computed_linefit,22.71800149676671,147.67785561008586,0.2436639134125913,176.6138265889238,176.6138265889238,99.51407661148762,14.41358942575432,77.15300019934975,0.0194332722280955,98,"(0, 100]",2011
136.53536516272283,-8.10679458097494,1744.556734876195,2.1268859807002749e-13,459.7328230955666,2.1268859807002749e-13,det1,computed_linefit,48.05049509779917,177.0815836393373,0.2535249666689241,174.09977415369266,174.09977415369266,5.561645259404742,7.460107522220065,168.83406684758825,0.1604752027699957,37,"(0, 100]",2011
144.46651520366103,124.81586657575453,3155.1053155007426,2.666192676669783e-13,505.437867472257,2.666192676669783e-13,det1,computed_linefit,36.07448155484522,299.76710946885686,0.177893252044507,176.99796024582773,176.99796024582773,119.0043472280397,27.52108026670783,59.41831491153309,0.0287894617242911,79,"(0, 100]",2011
130.76569221308776,75.83299303558903,2183.899068971616,2.1268859807002749e-13,389.0856606969512,2.1268859807002749e-13,det1,computed_linefit,74.72863557227828,254.3188341360488,0.070022911028363,154.4717326747085,154.4717326747085,,,,,94,"(0, 100]",2011
135.79991909599602,-146.66057464129622,2441.1051408795875,3.639754730461873e-13,369.390970961588,3.639754730461873e-13,det1,computed_linefit,45.508286477164894,34.178173274654085,0.2255188044211953,178.56427855953626,178.56427855953626,143.5792610308854,53.708926662759474,35.03486340703771,0.02135974124339,82,"(0, 100]",2011
131.7195503290121,-110.07254670045364,1570.5192410761929,5.147390503530812e-13,376.469589865751,5.147390503530812e-13,det1,computed_linefit,49.1602054505908,70.37787471406116,0.2475251691966822,179.05737674034424,179.05737674034424,54.17811359978329,12.741379356888592,124.8838807684144,0.0219209876229795,65,"(0, 100]",2011
141.80736354406014,42.951305698794805,3200.0930403736056,2.898457019905882e-13,399.0517706147682,2.898457019905882e-13,det1,computed_linefit,41.67332488387972,223.29013732670876,0.2004459801536704,176.51253412717372,176.51253412717372,171.53870920853976,172.5506118074055,4.97673923653012,0.1389024721537581,148,"(0, 100]",2011
134.2583380572945,-58.440202875382056,5278.649391032572,3.8553082408300657e-13,501.5876398179277,3.8553082408300657e-13,det1,computed_linefit,50.78185415130072,125.45206384280829,0.1587245214097385,174.18457911281988,174.18457911281988,93.84366832833726,60.51683413891085,80.55314348379389,0.0207414785957128,36,"(0, 100]",2011
131.82243737663475,-179.39679553250437,3453.2122871096467,5.006175727489942e-13,426.14632138810725,5.006175727489942e-13,det1,computed_linefit,58.040056507627895,359.14606406907353,0.117386969250451,170.06934795437115,170.06934795437115,26.2862992671327,23.974767565660976,143.85413492779512,0.070651282844754,119,"(0, 100]",2011
169.60458868058114,144.00632447575387,2721.4920948710137,2.635720902473993e-13,507.2734071005065,2.635720902473993e-13,det1,computed_linefit,10.7448152208349,328.51936627200945,0.1899604564738319,179.10171387432524,179.10171387432524,168.30214100976892,6.8432130224072765,11.338170989260416,0.0357430005879831,114,"(0, 100]",2011
155.79373273059457,-117.42492206052653,5642.491480500844,2.898457019905882e-13,467.6302294385783,2.898457019905882e-13,det1,computed_linefit,26.544931669040157,65.82743051345544,0.1408211093493273,177.27828562734,177.27828562734,148.77846208640165,20.106642126061825,28.691846059058943,0.0330687051851316,409,"(0, 100]",2011
164.1048494381018,-41.54308399633138,2376.3671150106434,4.059432074281432e-13,507.4185807374444,4.059432074281432e-13,det1,computed_linefit,16.182289890362533,134.78734782529384,0.2414863745980311,178.94646144639046,178.94646144639046,169.33170640741227,19.41348407957739,10.494536885952938,0.0624976949707941,187,"(0, 100]",2011
137.44181522303646,173.06690692821633,7066.577263412346,1.399606873320082e-13,458.70633211823423,1.399606873320082e-13,det1,computed_linefit,74.61217800435114,342.80869197781226,0.0392568709966567,146.83773437292982,146.83773437292982,,,,,194,"(0, 100]",2011
149.17580300428023,-51.04310461552878,1777.4356043981934,3.113442275577916e-13,507.0455654673806,3.113442275577916e-13,det1,computed_linefit,33.218429886508005,124.52920883491598,0.2488387291827598,176.64810765103752,176.64810765103752,60.680299412775724,29.90979773378629,116.80699511071244,0.0217625130340843,66,"(0, 100]",2011
140.09719871983347,86.2812468250995,2771.969216213948,3.1974423109204513e-13,447.1417259836374,3.1974423109204513e-13,det1,computed_linefit,64.13189413673639,275.5238840398815,0.0669521234775001,154.7450026155767,154.7450026155767,,,,,54,"(0, 100]",2011
133.30329797768874,-167.59295615100015,3493.942877437405,2.6048926968973323e-13,397.7342592391231,2.6048926968973323e-13,det1,computed_linefit,49.30803865283415,12.457339356166422,0.2253131550921872,177.38839602916337,177.38839602916337,15.515860136597952,16.10522621995094,161.88579655254898,0.0569416450881365,119,"(0, 100]",2011
158.28261489774812,129.05761733910626,3779.3999649163034,1.797546735911271e-13,507.30130881973713,1.797546735911271e-13,det1,computed_linefit,22.941646114071613,309.69793590652745,0.2672807349284841,178.7518187725882,178.7518187725882,173.05721566763694,18.704750649554235,5.744718917679584,0.0898902201894346,114,"(0, 100]",2011
146.8872364344205,-58.89685647293983,4129.905603717864,4.177121143328313e-13,503.8188995230991,4.177121143328313e-13,det1,computed_linefit,34.55005395043106,123.46102808433358,0.2693832774460055,178.0536529225266,178.0536529225266,153.41267479410058,32.76662430659215,24.84809221587841,0.0384114436753076,105,"(0, 100]",2011
144.87517602160517,-26.88158243197186,2885.0210347663005,3.6838745804788353e-13,498.3329357562192,3.6838745804788353e-13,det1,computed_linefit,37.80312020325684,153.86816130576872,0.2824209856550098,177.28493451972048,177.28493451972048,24.35238991960367,28.3620604515887,152.93310250624805,0.0472893962475505,135,"(0, 100]",2011
131.2954128234102,-22.445602013269788,3358.473609314688,4.889855783314162e-13,483.8648394340663,4.889855783314162e-13,det1,computed_linefit,53.22310200431988,162.6597869723554,0.171298981545146,173.99045525136955,173.99045525136955,164.39186170892756,134.8386540118325,10.336850438318804,0.1182655192500943,189,"(0, 100]",2011
133.85659324031795,-27.96816854327323,5941.886068171133,4.3290658060549894e-13,494.5486655574924,4.3290658060549894e-13,det1,computed_linefit,50.10346382353517,155.39071256527637,0.1996259493909837,175.31730689464086,175.31730689464086,152.61753715835854,125.0187193822608,22.812121544791992,0.0593966651745445,104,"(0, 100]",2011
135.89689287931034,-155.17842852428072,2981.4955801241445,4.43961293735052e-13,382.0767038616166,4.43961293735052e-13,det1,computed_linefit,45.68064128812916,24.836544530171945,0.2483861842741823,178.42243044712637,178.42243044712637,168.28972158303577,41.30376185878814,10.143216303327977,0.062766026019585,104,"(0, 100]",2011
133.33159564603005,-62.764557231697005,4437.0903245949685,3.8553082408300657e-13,496.4156123892228,3.8553082408300657e-13,det1,computed_linefit,50.71926883766349,116.05324190275238,0.2270352759266614,175.85306695437376,175.85306695437376,158.45965142410768,56.513260062745424,17.489974038482327,0.0691970858498155,78,"(0, 100]",2011
150.9277415675965,-57.93419107004674,2129.6503057074056,2.898457019905882e-13,505.0162339226222,2.898457019905882e-13,det1,computed_linefit,31.87063429112822,130.87390097973207,0.1549391863678992,174.7355452245785,174.7355452245785,0.7632952863550458,0.8428592569567029,175.04322874118532,0.2855245304292816,44,"(0, 100]",2011
134.4199559110901,-107.31804099581416,1483.673030018725,4.889855783314162e-13,395.8115463897424,4.889855783314162e-13,det1,computed_linefit,58.02061905189032,76.51333430137613,0.102537155222223,167.2042890923631,167.2042890923631,68.59744556139566,48.18194977011945,98.6591465725631,0.0398804998840114,40,"(0, 100]",2011
138.30902137635334,87.93546813560083,2559.3350005810294,3.1974423109204513e-13,445.9672557200632,3.1974423109204513e-13,det1,computed_linefit,43.80729419036403,261.8737476162292,0.2074825843085359,175.374873183867,175.374873183867,6.789204381385833,5.441240064509722,170.63458400064286,0.2082415012645108,50,"(0, 100]",2011
147.0037060810766,96.60822174180328,1975.3997226437864,2.557953848736361e-13,479.2508849520944,2.557953848736361e-13,det1,computed_linefit,31.780769541147716,274.64463315905607,0.2414571333033987,178.3927106952642,178.3927106952642,160.13495586711545,33.70723662478963,20.76876611556501,0.0574462006996852,93,"(0, 100]",2011
153.71413712295703,70.08514562141455,2482.678222626706,2.666192676669783e-13,465.8624040900392,2.666192676669783e-13,det1,computed_linefit,32.00538057727041,249.59914527770195,0.1961898351248756,174.27562996568903,174.27562996568903,116.41921244468271,27.377356337028232,57.857497596548846,0.0397027833348119,265,"(0, 100]",2011
138.98408017012918,-168.48338412400886,3868.402500052366,3.5040636720219573e-13,422.2414496211703,3.5040636720219573e-13,det1,computed_linefit,43.62344467112204,12.390117545326664,0.201859847837634,177.3270302317462,177.3270302317462,97.81596846117678,18.897798760259302,79.57622927661922,0.0263556340292937,97,"(0, 100]",2011
167.90881026328694,53.8533701917904,3965.731873354021,1.9895196601282805e-13,496.6649451332626,1.9895196601282805e-13,det1,computed_linefit,13.1466957897584,236.6982835290412,0.2592319333576146,178.77540394840094,178.77540394840094,7.23540038323322,9.343754662159869,171.66888520837756,0.1439191007476591,151,"(0, 100]",2011
145.31367323391183,43.862338580731546,5851.781485295841,2.411662016538279e-13,417.4571885967029,2.411662016538279e-13,det1,computed_linefit,35.39998856589153,224.0161024297582,0.2566672316828095,179.28089805995185,179.28089805995185,4.733891010289697,2.8905201611768097,174.5542852922471,0.1564824184396284,122,"(0, 100]",2011
162.4955965484792,10.25042748665276,1756.8550858346578,2.360884497795176e-13,491.40132141949374,2.360884497795176e-13,det1,computed_linefit,19.78142068994383,186.7646725417758,0.258341170512736,177.46590622934454,177.46590622934454,151.39127817078048,28.802909563524867,26.24430665592057,0.0448104969855703,123,"(0, 100]",2011
135.35213053932972,-58.2415173492892,1978.789926711681,4.889855783314162e-13,501.9911627720604,4.889855783314162e-13,det1,computed_linefit,53.47326714462104,125.98302154480434,0.1584965288671951,170.61895985291824,170.61895985291824,31.935326460302957,29.058201969889478,138.71699459832007,0.0642557283590186,98,"(0, 100]",2011
167.83429860041397,3.8609732677944257,1530.8856151671937,1.8474111129762605e-13,500.9102580235721,1.8474111129762605e-13,det1,computed_linefit,13.891260037611556,182.0886399493194,0.2302012866579815,178.22898619749137,178.22898619749137,171.44296966466965,32.782992851978,6.8134882634925855,0.0966146067658769,158,"(0, 100]",2011
139.99430132163064,-13.654130111598462,3428.222530601663,2.411662016538279e-13,476.3552193317336,2.411662016538279e-13,det1,computed_linefit,44.38431856495473,170.35926209431832,0.1390700636519847,174.85990334367867,174.85990334367867,95.369928695538,15.67360546156686,79.82556793454464,0.0289784624061536,109,"(0, 100]",2011
156.39353383096164,-146.3898712966696,3001.888587758732,3.314512409159136e-13,466.38255283136255,3.314512409159136e-13,det1,computed_linefit,26.664081001162025,33.85846725278909,0.217543446606275,176.94057250778928,176.94057250778928,51.33495712562107,13.469881151555782,125.60812665490764,0.0280574761790498,113,"(0, 100]",2011
145.43518122726638,-39.88143218649871,2021.7316870922589,3.06111178766429e-13,506.571411163992,3.06111178766429e-13,det1,computed_linefit,35.85003567578273,144.30530556158683,0.2346378677867051,177.26598547624485,177.26598547624485,14.560006606741904,28.52525098187765,163.19250667144786,0.0683830666968695,91,"(0, 100]",2011
158.91550264764476,-176.19265888285153,3274.5258297308114,2.9842794901924213e-13,487.8498692938674,2.9842794901924213e-13,det1,computed_linefit,20.265854510009348,3.902111603016464,0.264003990649528,179.1806738790106,179.1806738790106,8.410041180380704,5.079625144686987,172.39657859882274,0.0669431284215539,90,"(0, 100]",2011
132.0435543648735,-20.11838432795988,2016.2179148889936,1.2710574864626038e-13,479.8610508165784,1.2710574864626038e-13,det1,computed_linefit,58.63273581399616,165.0817569081972,0.141364201698358,168.5446307573343,168.5446307573343,25.483518578348217,21.84463977450097,143.15081001447354,0.1120504452030864,119,"(0, 100]",2011
159.7523758874529,-24.31538456213108,2392.9819168699432,503.33866791429415,5.684341886080803e-14,5.684341886080803e-14,det2,computed_linefit,138.30773925987273,216.2507087054576,0.0699031158883996,54.02258750000036,54.02258750000036,,,,,19,"(0, 100]",2011
169.98754896522323,114.56049086272895,6154.630310411486,506.7118627695783,1.2710574864626038e-13,1.2710574864626038e-13,det2,computed_linefit,10.645227887976764,304.6392442124118,0.2911553084719098,178.08823886425742,178.08823886425742,177.91931398179523,17.107504356681208,0.5203987427279992,0.2405562789863204,57,"(0, 100]",2011
165.52170569847817,-40.9278996285932,2330.5290975945536,507.4101742261011,2.542114972925208e-13,2.542114972925208e-13,det2,computed_linefit,15.938239254809387,132.53902434419365,0.2734795126015391,177.75077293853525,177.75077293853525,10.891777498906723,19.137892937907296,168.38036981518394,0.0543668260051305,41,"(0, 100]",2011
153.055343756752,175.62600430697313,2830.5539501819094,483.792999338678,2.7847474288855413e-13,2.7847474288855413e-13,det2,computed_linefit,26.22670121122218,350.37773114258863,0.2241401690267525,177.54475095173277,177.54475095173277,0.9938411025869104,2.332508013446566,176.78711062740223,0.1804001032909795,46,"(0, 100]",2011
147.446126364573,-82.76375693445938,2464.3343986963705,480.6381474457116,3.215549355384372e-13,3.215549355384372e-13,det2,computed_linefit,36.112373184808334,107.29649366400706,0.1957981860790832,173.31239024343952,173.31239024343952,25.18334643766336,36.93301096408025,148.46977143425258,0.0463475129468972,46,"(0, 100]",2011
147.41929462437912,163.41954507058026,4006.573245888691,489.2341099739492,2.273736754432321e-13,2.273736754432321e-13,det2,computed_linefit,29.97753731094483,345.2465695741796,0.1988775543148281,177.22964498075558,177.22964498075558,5.947817300173059,13.977736481868284,176.08687601417245,0.1365441257503689,40,"(0, 100]",2011
156.31826684011466,-168.42470184564525,2441.4715001251525,477.30094628703904,3.215549355384372e-13,3.215549355384372e-13,det2,computed_linefit,23.91764189607759,7.716549605287838,0.2569106631690568,178.42533224963222,178.42533224963222,9.342582857023936,13.899138933797266,170.12780592568822,0.0591891975358218,34,"(0, 100]",2011
162.3465329622277,-6.4250649581288615,3091.125216690556,497.9506212074801,1.7053025658242404e-13,1.7053025658242404e-13,det2,computed_linefit,44.8893692174986,129.15908266728732,0.0389035191671286,145.89170374890992,145.89170374890992,,,,,15,"(0, 100]",2011
133.68698357897813,-10.722161326702942,4356.26661324716,460.8476937920581,4.617981178760124e-13,4.617981178760124e-13,det2,computed_linefit,70.60990408061089,173.33030715187087,0.0956359990970337,155.46671231536763,155.46671231536763,,,,,10,"(0, 100]",2011
130.29181149072753,133.0748444428057,2236.3966237020168,507.5120632046409,2.542114972925208e-13,2.542114972925208e-13,det2,computed_linefit,92.53254532908888,294.5658225676391,0.0751089174368582,133.9495486638498,133.9495486638498,,,,,18,"(0, 100]",2011
145.23779190558008,154.18604848643497,5269.216704111964,497.4331605220213,3.215549355384372e-13,3.215549355384372e-13,det2,computed_linefit,41.3751124967589,329.3506521258554,0.1310653501665437,172.75026979468555,172.75026979468555,143.2962213401976,61.46350974208203,29.484986538280463,0.053115722088867,25,"(0, 100]",2011
163.03422951595996,-99.64002383842424,2026.151602958302,493.3345559712759,2.411662016538279e-13,2.411662016538279e-13,det2,computed_linefit,15.099371673850428,79.58619350271995,0.3748166323175627,178.1214464467566,178.1214464467566,3.220732396366375,16.448412463321947,177.34609037328093,0.0319375200294315,44,"(0, 100]",2011
136.15990361023498,-148.25300492093288,4210.332866424428,373.274602260134,4.98798976161204e-13,4.98798976161204e-13,det2,computed_linefit,44.2922705025631,31.13578211961235,0.227714929547507,179.37938769837342,179.37938769837342,1.522215113103024,1.2434337093083934,177.88598891558624,0.2194805018866372,122,"(0, 100]",2011
132.61108228621546,104.30707985894894,2050.5510054409224,473.0085918298218,4.823324033076558e-13,4.823324033076558e-13,det2,computed_linefit,118.0946252524101,222.2872375552521,0.0993942502287921,89.1850711900333,89.1850711900333,,,,,11,"(0, 100]",2011
145.95553641148138,-24.286544532510916,3231.241878921504,496.4161604221924,4.0194366942304643e-13,4.0194366942304643e-13,det2,computed_linefit,68.80787004803705,230.54944367831428,0.0701076256828526,115.8538669924161,115.8538669924161,,,,,12,"(0, 100]",2011
150.67777499400785,16.34292326229624,3976.878236821508,457.2414318065132,1.2710574864626038e-13,1.2710574864626038e-13,det2,computed_linefit,107.01379405014998,308.9731900542388,0.1070894323375225,64.19544143153902,64.19544143153902,43.99443896259536,43.38785738973307,24.546145443964186,0.1278270430331565,13,"(0, 100]",2011
142.760814769784,0.2085357682892974,3445.434803574671,456.35234687692616,1.797546735911271e-13,1.797546735911271e-13,det2,computed_linefit,39.25428409761521,182.24541191487427,0.0522569556692202,177.62313217961628,177.62313217961628,,,,,6,"(0, 100]",2011
136.02114999214146,-109.7347984175828,4938.078565871916,397.3461493893344,5.115907697472721e-13,5.115907697472721e-13,det2,computed_linefit,44.45170156886943,67.57904845404505,0.2685517997541692,178.06814220347425,178.06814220347425,17.021753408761086,6.531592650546195,161.5939407019602,0.0296146830560483,81,"(0, 100]",2011
144.68929395243967,53.1555062250838,2261.497615153091,416.9955359126921,2.049518613753201e-13,2.049518613753201e-13,det2,computed_linefit,132.65066985374446,244.63612454068624,0.12400918064764,82.16838138382123,82.16838138382123,63.94779964348938,69.70818418918672,18.817474393239053,0.1630625319794461,8,"(0, 100]",2011
144.75694386395946,100.3720670410615,3396.078244168319,481.205036659259,2.3437142008433856e-13,2.3437142008433856e-13,det2,computed_linefit,129.5189955799258,237.80151892635436,0.0602972574724818,78.93752614921175,78.93752614921175,,,,,15,"(0, 100]",2011
152.09317052479565,-133.49293933908493,3678.5924406391664,448.5532916231553,2.411662016538279e-13,2.411662016538279e-13,det2,computed_linefit,31.029527608738245,50.05749073009682,0.2460390063184647,176.4232332465114,176.4232332465114,4.189673266211207,3.941264721400278,172.37507845471185,0.1483295470646566,47,"(0, 100]",2011
153.19998505929993,158.65101694819003,3754.797013820272,498.3371067789307,1.607774677692186e-13,1.607774677692186e-13,det2,computed_linefit,26.8052287968492,339.0813036684786,0.260553309328102,179.8059061296561,179.8059061296561,177.91755695619324,39.068967933119445,2.127188572916161,0.163929701769239,60,"(0, 100]",2011
141.41303942626314,-62.44804034948208,2376.69468833571,499.6787401736063,3.410605131648481e-13,3.410605131648481e-13,det2,computed_linefit,36.0492337457618,115.18130022606668,0.3149623099337782,177.08395844385797,177.08395844385797,178.1979404498582,39.95889822146801,1.202450217604191,0.1808295500163179,28,"(0, 100]",2011
140.23173505044235,118.77220950123603,6328.716758756874,500.4939776035847,2.273736754432321e-13,2.273736754432321e-13,det2,computed_linefit,45.4503225575508,267.78958643370896,0.0820679150686028,158.4418678077055,158.4418678077055,,,,,46,"(0, 100]",2011
160.57402650302944,-170.12771176281237,2304.883816157764,487.7926876003838,1.607774677692186e-13,1.607774677692186e-13,det2,computed_linefit,19.61693523417844,4.415886026243579,0.2219270760429817,178.16734650969065,178.16734650969065,3.605368807486104,7.343229712718408,175.16135924001708,0.121112119592997,44,"(0, 100]",2011
133.39951266265783,-83.5573285393474,6136.535812560679,455.3671705572354,4.582862941503293e-13,4.582862941503293e-13,det2,computed_linefit,43.44892827774429,98.94714809291648,0.2577424579314538,176.3850561370483,176.3850561370483,176.60428581438967,50.03598601521565,4.430523552293614,0.1017046144792412,109,"(0, 100]",2011
136.38090834758756,19.0429892060759,3106.813798358908,395.8157140503371,8.03887338846093e-14,8.03887338846093e-14,det2,computed_linefit,143.14619118220028,239.1500569843652,0.0788902367834724,74.7629332601929,74.7629332601929,,,,,12,"(0, 100]",2011
152.66423097614373,27.45858338884026,3029.735669562448,455.7210258015887,2.6048926968973323e-13,2.6048926968973323e-13,det2,computed_linefit,143.6134105272359,245.3499042359613,0.0717758283713568,59.98991608411026,59.98991608411026,,,,,24,"(0, 100]",2011
150.31605203222696,80.60349534093993,3491.5896498159746,465.9621104884983,2.049518613753201e-13,2.049518613753201e-13,det2,computed_linefit,35.49670498831936,321.0625390840243,0.3134979172048018,148.1121300099473,148.1121300099473,30.63739051965708,30.44933824265488,152.22448376254638,0.2676027741336479,5,"(0, 100]",2011
150.62069119500345,76.0312779178348,4080.3867831785087,461.80745457289953,3.410605131648481e-13,3.410605131648481e-13,det2,computed_linefit,128.56977583322814,227.26623149722772,0.046434115068776,78.05053206094364,78.05053206094364,,,,,18,"(0, 100]",2011
136.88702960061246,-24.153738114522163,2892.526295491538,490.6590318585696,4.582862941503293e-13,4.582862941503293e-13,det2,computed_linefit,108.44233461561892,184.43067434658423,0.0707867800121581,109.77804614369032,109.77804614369032,,,,,27,"(0, 100]",2011
147.636834948312,-128.83287132360817,5573.583727414922,429.98782232273874,3.8131724593878125e-13,3.8131724593878125e-13,det2,computed_linefit,32.44377909579336,50.81633155170477,0.3062171355981463,179.79545990947298,179.79545990947298,171.67592957300894,30.00225818876489,8.218858999551292,0.0302774442770975,75,"(0, 100]",2011
134.9145999487787,25.638243205517377,4183.86030621274,375.66492565110633,8.03887338846093e-14,8.03887338846093e-14,det2,computed_linefit,143.42181043521705,290.29774839586986,0.1262685788000118,58.1489254864731,58.1489254864731,57.05662720595307,51.65843056031076,1.994072182612873,0.1328369237426468,14,"(0, 100]",2011
167.74190638667991,-115.67720398923626,5016.116270441086,497.3551352385674,1.797546735911271e-13,1.797546735911271e-13,det2,computed_linefit,8.405691275852822,59.55208685941175,0.2012759088647047,176.05696526028458,176.05696526028458,6.448201686034325,2.333373644731191,169.65280084789947,0.1312075389708209,49,"(0, 100]",2011
149.9002315612628,128.4024557882916,3701.1726125381815,506.9716173604784,2.542114972925208e-13,2.542114972925208e-13,det2,computed_linefit,70.26541379292067,283.30185374735146,0.0803847468566576,136.02182469032303,136.02182469032303,,,,,33,"(0, 100]",2011
155.84017324193036,-147.68245041612138,2451.524995350601,464.8533929885687,1.607774677692186e-13,1.607774677692186e-13,det2,computed_linefit,25.30745629687289,37.70606702933966,0.1938475900344105,177.47128018620677,177.47128018620677,3.920948946114601,0.752129354288243,173.59394826070513,0.1272755292944145,42,"(0, 100]",2011
159.58497105805634,-139.16888270264758,6564.965932514776,475.67698445037,3.6838745804788353e-13,3.6838745804788353e-13,det2,computed_linefit,19.446529995245434,39.75821314425574,0.2596395455434543,178.96478306195914,178.96478306195914,178.71965774795575,19.7471902207702,1.1378405346571356,0.0859228345922849,89,"(0, 100]",2011
135.75097489780592,-179.4914992355834,4421.959947381526,437.2237163412408,1.2710574864626038e-13,1.2710574864626038e-13,det2,computed_linefit,44.57530898334844,357.6662703789734,0.2375252483279757,177.98449370232908,177.98449370232908,8.203018034396612,4.065877301345012,169.94015306053404,0.0626801024623094,74,"(0, 100]",2011
133.1012158332476,96.87719521454702,1614.3810164282393,456.0668233157388,2.3437142008433856e-13,2.3437142008433856e-13,det2,computed_linefit,103.32822883582912,188.77547408803545,0.0651655374671209,82.30016662557254,82.30016662557254,,,,,11,"(0, 100]",2011
139.8848179091303,55.354428461125664,4686.50921580924,393.7174609122277,2.6048926968973323e-13,2.6048926968973323e-13,det2,computed_linefit,122.28855398508044,129.16124307943016,0.0430409586665617,55.91518387909528,55.91518387909528,,,,,10,"(0, 100]",2011
156.2350435821657,-163.7819785125106,5133.128536794404,474.0110857549722,2.7847474288855413e-13,2.7847474288855413e-13,det2,computed_linefit,23.04360688078543,4.220986696443278,0.2443947319405311,175.18807323498365,175.18807323498365,173.66558589179897,14.260766109896274,2.146671600169869,0.1402248716307774,68,"(0, 100]",2011
163.05416979811844,-51.79124135347519,2770.7536887660053,507.3235900292616,3.639754730461873e-13,3.639754730461873e-13,det2,computed_linefit,17.377435236047774,130.14616145150762,0.326571402131538,179.28375527618107,179.28375527618107,178.4017936166957,23.52431821315424,0.9677034059236902,0.2216347782792251,22,"(0, 100]",2011
137.89558247773112,-79.520692852959,2596.3458010775125,471.7098290056023,3.8131724593878125e-13,3.8131724593878125e-13,det2,computed_linefit,42.61886297333707,99.2961865641613,0.2439298705702449,179.05124109623966,179.05124109623966,72.6290704497093,32.51496158109585,106.94404564793406,0.0110573147858474,65,"(0, 100]",2011
136.94743717631587,-75.57200680023298,2146.6228161089043,478.10358602146033,5.684341886080801e-13,5.684341886080801e-13,det2,computed_linefit,42.83840873819792,101.90492175662892,0.2200780387393224,178.26781559354606,178.26781559354606,4.067600444092813,2.716823198859509,175.27117594657597,0.112279938775837,53,"(0, 100]",2011
151.9303124217653,-138.95432275713787,1570.1662459631923,447.8917493468288,3.26540580689313e-13,3.26540580689313e-13,det2,computed_linefit,28.491076611950557,38.99844684241715,0.2735749488237877,178.94252802564142,178.94252802564142,2.0394005064809577,4.194565984811908,177.5208337151287,0.1275308258171611,38,"(0, 100]",2011
141.8952982620091,-2.754569498034784,2380.3504355340588,459.7316416469229,8.03887338846093e-14,8.03887338846093e-14,det2,computed_linefit,36.47195900430275,128.9731900542388,0.4085522030532728,151.27369473075427,151.27369473075427,29.27359310050121,32.17171610854596,160.42485853620008,0.2162585972290907,5,"(0, 100]",2011
160.53288959824707,71.80972151780387,1965.439763890544,485.1131919654355,3.314512409159136e-13,3.314512409159136e-13,det2,computed_linefit,167.76575015330346,129.16124307943016,0.1213600156140095,16.358129398976647,16.358129398976647,16.346481991606925,18.243992237019373,0.1432803267711974,0.147506254338762,6,"(0, 100]",2011
143.30459448652104,-129.91633282247864,3843.8106063873847,408.1637971581503,5.209785393794665e-13,5.209785393794665e-13,det2,computed_linefit,37.59973380365628,50.58601206535458,0.2179641787734531,179.04615556239648,179.04615556239648,2.170182530360199,1.6977868961141869,176.93414446156274,0.1753805820929058,96,"(0, 100]",2011
147.74687590958305,81.031751141185,2861.6088947414028,459.4679940874387,2.542114972925208e-13,2.542114972925208e-13,det2,computed_linefit,39.7413732819901,213.5587681815237,0.1064487562316449,151.75203304237382,151.75203304237382,95.75165602551228,94.79565802528226,58.35195525626181,0.0707991172718402,8,"(0, 100]",2011
157.73113503656091,-102.37990709883172,2504.808472028432,481.6361562920397,3.06111178766429e-13,3.06111178766429e-13,det2,computed_linefit,24.56056468120069,84.15646170593166,0.1970003771252206,176.5391949710776,176.5391949710776,17.235174349915127,11.329003912439331,159.3988159164304,0.0528593486590191,77,"(0, 100]",2011
136.72948455428744,-159.11537289663713,3527.6617402580896,2.666192676669783e-13,393.55490678153024,2.666192676669783e-13,det1,computed_linefit,44.03785580010716,21.97718840720583,0.2078471076059788,178.924089860772,178.924089860772,164.67626529994632,49.18533926386159,14.486212019254475,0.0576286653469287,128,"(0, 100]",2012
131.5055783373902,-85.5271088617977,2367.481492226842,4.77493177197955e-13,446.5360092463793,4.77493177197955e-13,det1,computed_linefit,52.3333210076399,91.77576962929156,0.2199617481327185,175.63509419187812,175.63509419187812,158.95476757555008,43.89595489180932,17.28474841234394,0.0854543969016489,87,"(0, 100]",2012
136.19071705033548,134.2416323150698,1491.2521686326795,2.666192676669783e-13,507.5306943747543,2.666192676669783e-13,det1,computed_linefit,48.84350630920925,316.6994708204853,0.1366779376490037,174.66184860173746,174.66184860173746,71.9785541210694,43.02643712147258,103.11152557019632,0.0252881783215791,50,"(0, 100]",2012
139.4902291433912,-128.59085975243866,3887.9624202174855,5.51117393276437e-13,388.1771350299919,5.51117393276437e-13,det1,computed_linefit,43.73224238594938,50.34538565425276,0.2140616727168992,176.69958920267203,176.69958920267203,7.592916361960685,4.424875106598382,169.10896120322855,0.1309725208144861,212,"(0, 100]",2012
151.50213061076306,132.75510299608962,4032.160342198416,2.411662016538279e-13,507.5180749364285,2.411662016538279e-13,det1,computed_linefit,30.0055345528408,312.0001476182581,0.2497051199248132,178.44788466465215,178.44788466465215,40.446196387448126,13.63358976431256,138.00178564753384,0.0267760215373961,138,"(0, 100]",2012
134.37998006705783,150.128395197308,2602.477086869194,2.666192676669783e-13,497.21039614978736,2.666192676669783e-13,det1,computed_linefit,50.75528199417043,327.11347736726,0.1315559674582398,174.39567776969207,174.39567776969207,151.6881951966878,62.4935588957335,22.847974274388893,0.062859893989415,97,"(0, 100]",2012
141.7772709625441,-64.90592149610431,2676.146197208369,3.6838745804788353e-13,497.3650700850875,3.6838745804788353e-13,det1,computed_linefit,39.79602505007061,115.36320506241692,0.2278488946809246,178.41761351663058,178.41761351663058,11.094921692915545,19.66847150865492,167.3281682538841,0.0395119765801869,49,"(0, 100]",2012
165.51557217403155,-105.7689925170566,4549.679021980011,3.074277920629802e-13,495.5382352107362,3.074277920629802e-13,det1,computed_linefit,15.566965846897723,81.06888973474614,0.1677187624834308,177.92466329462204,177.92466329462204,39.289761172878734,13.102038665993438,138.91055545863097,0.0214807382583483,180,"(0, 100]",2012
161.76997947788317,-1.9665823751798732,5243.777916127274,1.8198773652309369e-13,495.3687667798666,1.8198773652309369e-13,det1,computed_linefit,21.02601901400621,181.63656128843985,0.2168934866080145,176.95451892092612,176.95451892092612,21.012338570228664,9.489392646339969,156.0635556942839,0.0560324123439217,200,"(0, 100]",2012
135.0471464776149,-16.77091225568284,4099.823217055328,2.1268859807002749e-13,476.1174708031544,2.1268859807002749e-13,det1,computed_linefit,55.901414054093365,170.20268523638774,0.1347605153517784,167.81467222574733,167.81467222574733,133.32695770759213,57.65506872845241,34.85239529356968,0.0541982637966587,98,"(0, 100]",2012
164.88338138217105,-34.04048669805111,2087.179227853122,2.411662016538279e-13,506.7875578318252,2.411662016538279e-13,det1,computed_linefit,17.522399108172547,149.0659193271947,0.2257955005834155,177.44158289755984,177.44158289755984,163.16257976990124,15.785382037056566,14.359858876986738,0.0586195601737179,148,"(0, 100]",2012
143.45209966645095,-23.179441415711477,2382.384081650001,4.889855783314162e-13,493.6748849649872,4.889855783314162e-13,det1,computed_linefit,39.57637319755692,157.88073441393053,0.2297364850529051,176.90189304156902,176.90189304156902,35.89508947846113,32.959495186609,141.00851836291793,0.0436650808651247,86,"(0, 100]",2012
150.41576742080457,97.85649874117613,2910.357271923052,3.389817618959957e-13,485.7659990386701,3.389817618959957e-13,det1,computed_linefit,31.596784895667824,281.5604185165493,0.2500011554018638,177.24339445465512,177.24339445465512,86.31583258112057,23.14064148947652,91.42942419950394,0.0227419225671924,34,"(0, 100]",2012
131.08030923968735,-17.17173580890704,2742.703791687652,4.617981178760124e-13,472.522899007329,4.617981178760124e-13,det1,computed_linefit,54.32469736586803,161.87869835827,0.1273695484827828,174.54408270407305,174.54408270407305,113.48643866492183,51.66681102998373,61.059874060647545,0.0313235246410688,49,"(0, 100]",2012
137.0562564748837,-101.09457789785668,1961.0749894307976,3.8553082408300657e-13,421.1903078153544,3.8553082408300657e-13,det1,computed_linefit,47.44027614132488,82.48886012868626,0.1989201978976842,174.83587727213924,174.83587727213924,55.693826536848526,34.056993759754114,119.4912490542322,0.0363808685546924,111,"(0, 100]",2012
146.5541133288302,24.89665812179337,2807.030667213136,3.8553082408300657e-13,433.2301237719077,3.8553082408300657e-13,det1,computed_linefit,38.93632500680987,201.92109095690031,0.2313717034749059,174.2366720428316,174.2366720428316,153.09663764487357,39.85148439006048,21.23213041424029,0.0724289735255022,120,"(0, 100]",2012
144.09419797681596,171.7362124308744,1880.537832897438,2.6699771962137133e-13,473.40577301053537,2.6699771962137133e-13,det1,computed_linefit,56.63165858283335,351.0599934465144,0.079085178598915,159.2686215900599,159.2686215900599,,,,,121,"(0, 100]",2012
138.81062761207252,56.46902719430556,7165.9254019154105,4.617981178760124e-13,388.99694867187566,4.617981178760124e-13,det1,computed_linefit,52.29875322550313,236.42341243670268,0.1214564278039204,168.8905700608797,168.8905700608797,149.39379898230064,103.14255903234476,19.50325249187024,0.0773923772780189,200,"(0, 100]",2012
138.6175336007623,116.34900782718688,1669.9417657372564,2.411662016538279e-13,497.4453341060555,2.411662016538279e-13,det1,computed_linefit,43.780350536941945,298.63871870871685,0.2063576895364849,177.1454561343241,177.1454561343241,41.00014242495133,35.6651401626674,136.74507777384608,0.0271630807426901,48,"(0, 100]",2012
164.48232675156248,19.756449038358102,1984.246749571919,1.9895196601282805e-13,492.2174555288996,1.9895196601282805e-13,det1,computed_linefit,18.23644717699908,199.8477183821533,0.281321914401236,177.28109776722695,177.28109776722695,91.2649941778031,14.86398914065716,86.02915098905355,0.0130460158336753,108,"(0, 100]",2012
154.2429402238898,63.84942202442247,1844.572172920548,4.366225850770097e-13,463.3808491520358,4.366225850770097e-13,det1,computed_linefit,31.252138696946425,242.26380117937893,0.201626364886998,174.45350929284888,174.45350929284888,156.8386648218842,49.43326074003504,17.704658279340254,0.0697135332602663,47,"(0, 100]",2012
136.11926462293005,-110.53938520192068,2643.107472492376,4.889855783314162e-13,396.0639014432402,4.889855783314162e-13,det1,computed_linefit,45.591816789100015,69.42511954958667,0.200803720387736,178.2887362658962,178.2887362658962,143.89184343480903,44.13646429907201,34.400985108708454,0.0374007329640778,144,"(0, 100]",2012
160.3801892148028,127.3327535442626,5089.568384899126,1.885282921623116e-13,507.17674009314777,1.885282921623116e-13,det1,computed_linefit,23.580310220145464,310.5757503729353,0.2473991510065354,175.86490304812935,175.86490304812935,4.109572805411225,8.16630163934175,172.42706353935233,0.1597599133385093,96,"(0, 100]",2012
136.7874235614511,-133.25620514208848,3209.42617142222,3.8553082408300657e-13,370.17655287284856,3.8553082408300657e-13,det1,computed_linefit,44.96073031849789,46.56978364163932,0.2334475801365688,178.24766026315706,178.24766026315706,158.7528269413,39.55037202282959,19.49489359172164,0.0401499165568535,100,"(0, 100]",2012
134.75473708833556,-114.38267417225993,2516.820186073281,3.362902011246897e-13,381.4035288698626,3.362902011246897e-13,det1,computed_linefit,59.88746378763426,72.19850223652429,0.07508289866894,164.466784896665,164.466784896665,,,,,270,"(0, 100]",2012
146.73280678024958,21.754500568258518,2693.0370328533354,2.1268859807002749e-13,437.1907488441884,2.1268859807002749e-13,det1,computed_linefit,35.09692495513859,198.7603573167091,0.2561454895741763,177.51496252010818,177.51496252010818,153.0477103895732,47.91416424079128,25.21737682646684,0.0589716141195944,107,"(0, 100]",2012
138.32428434938657,29.57471133324137,2511.2435947657764,2.3437142008433856e-13,388.2402365272172,2.3437142008433856e-13,det1,computed_linefit,45.38244062031454,210.68169913859947,0.232459061711836,176.2157974728885,176.2157974728885,46.41618491814235,31.33231630116544,129.81834556301527,0.0247831976969283,89,"(0, 100]",2012
152.4062936098213,75.12417462968993,3356.274172708552,2.2914314707516465e-13,466.1555363104733,2.2914314707516465e-13,det1,computed_linefit,29.39863642521677,248.68060154884185,0.237341148920065,176.4373844389658,176.4373844389658,45.52801182512948,33.18175810468593,132.1762017134729,0.024799902187725,82,"(0, 100]",2012
168.97329786060064,85.4816091341363,3114.415359870812,1.8474111129762605e-13,502.3549109800843,1.8474111129762605e-13,det1,computed_linefit,11.80620064793849,258.1373502786463,0.2428978795372219,178.35206336816887,178.35206336816887,177.7656361304021,164.45734248011988,0.7451244695144575,0.2026527547993233,172,"(0, 100]",2012
131.79441068993734,8.629554626873162,2110.6255855648246,3.17764371615651e-13,402.6295261819343,3.17764371615651e-13,det1,computed_linefit,54.55835657210747,185.0150697744622,0.0906879998873707,173.049586782782,173.049586782782,,,,,81,"(0, 100]",2012
145.29659447161814,106.68490987202878,3975.824584008633,2.2914314707516465e-13,490.1455356327631,2.2914314707516465e-13,det1,computed_linefit,37.65972071012793,280.3936918996538,0.1851562358896467,175.2561292315169,175.2561292315169,151.9203829263696,94.46793812561287,23.969248216241223,0.0561561733295001,74,"(0, 100]",2012
147.28508811074698,133.34368152429525,3222.3729467318944,1.797546735911271e-13,507.53245057046536,1.797546735911271e-13,det1,computed_linefit,34.527634494077084,311.24664029627473,0.2373101625399302,177.8475098297506,177.8475098297506,90.41520043243344,20.175295242818056,87.48021951739442,0.022099153026752,107,"(0, 100]",2012
166.95035286147672,171.5512504353949,4756.176215225725,2.4777471841961613e-13,502.6454917278302,2.4777471841961613e-13,det1,computed_linefit,14.187786131463003,348.6271968468543,0.2777594454607124,178.67015846727094,178.67015846727094,130.74705604912597,9.970560123333598,47.934623041753966,0.0072632119018016,283,"(0, 100]",2012
140.2512258556931,50.10243280611407,6567.911768643955,1.797546735911271e-13,391.9561574285818,1.797546735911271e-13,det1,computed_linefit,46.79422109182896,229.62667286731923,0.1638422038276558,172.94705142670674,172.94705142670674,151.42429975969466,64.72913407252817,21.525777948882254,0.074103789275908,179,"(0, 100]",2012
149.50455740938023,-123.3590556442281,3139.927414896424,5.178681919428697e-13,440.9315434330503,5.178681919428697e-13,det1,computed_linefit,32.53051525596414,57.12789006786769,0.2498356542963407,177.9490877656675,177.9490877656675,3.89965212178769,13.26819237832786,174.05074874966405,0.1019187413190226,133,"(0, 100]",2012
141.22633830719593,-147.01469599017048,3150.21054270086,3.5040636720219573e-13,400.0663918398011,3.5040636720219573e-13,det1,computed_linefit,39.74301755031467,34.614576302403776,0.2350067803088748,178.5849037416914,178.5849037416914,177.53009868524524,96.34548509166363,1.2810828268404262,0.2141046232424253,90,"(0, 100]",2012
130.41374375182912,14.427916493255276,3706.299321247639,4.889855783314162e-13,379.97310815153565,4.889855783314162e-13,det1,computed_linefit,58.06139929934229,195.537934597953,0.1778777772060689,171.4778486561694,171.4778486561694,142.68142427264183,97.24965774666352,28.81104245948973,0.0696524779110022,100,"(0, 100]",2012
142.79474398037402,-173.65667890331628,3117.909554253102,1.530555893832145e-13,445.2343995694858,1.530555893832145e-13,det1,computed_linefit,38.75655971584085,6.713306933396356,0.180734199163337,178.43208211013413,178.43208211013413,43.204906147596,15.589150350363932,135.28374029972713,0.0330556539783702,102,"(0, 100]",2012
138.22164453500298,-13.539613521612708,5490.679068794573,2.898457019905882e-13,473.74112118142335,2.898457019905882e-13,det1,computed_linefit,48.40723202531564,172.54283943318595,0.1582733032340519,172.10007077562648,172.10007077562648,35.657784825804484,26.232650715377385,136.900800917477,0.0651981196875291,262,"(0, 100]",2012
149.62077200959254,79.31741029328187,3917.587462631648,1.885282921623116e-13,462.57562404998487,1.885282921623116e-13,det1,computed_linefit,31.583261063981777,263.38656295926063,0.2849757930629266,177.58457120895343,177.58457120895343,15.390369664287563,30.09617070731991,163.24728445047884,0.0423198005803183,71,"(0, 100]",2012
133.50794849714927,165.50487299374512,4063.7010421506393,2.898457019905882e-13,469.2612864412168,2.898457019905882e-13,det1,computed_linefit,47.89195872970291,344.0573325229421,0.1431150141662088,178.2429329229075,178.2429329229075,129.14946132402807,37.90280247133667,49.31667930232434,0.030349953412748,110,"(0, 100]",2012
155.43066751681994,159.22321207221225,7470.42774229592,1.9065862296939058e-13,499.3780717877787,1.9065862296939058e-13,det1,computed_linefit,25.43156972238756,334.2233719330204,0.2242693012181915,177.71857506821848,177.71857506821848,37.73175584414746,13.508736721147688,140.64046008208447,0.02660775489955,275,"(0, 100]",2012
131.32790714849273,-96.23736087221717,2320.147218704449,5.15523116383095e-13,414.8096999848619,5.15523116383095e-13,det1,computed_linefit,54.894353186770765,90.65922530633271,0.1722578879318939,171.75498387469293,171.75498387469293,47.96217334728259,29.007359495742445,124.34534016479031,0.0475581312608488,69,"(0, 100]",2012
150.01382527263917,55.73988975718514,3495.191366276224,2.411662016538279e-13,442.8021450052957,2.411662016538279e-13,det1,computed_linefit,31.93031044790011,234.0711327140096,0.266363446707951,177.874942711955,177.874942711955,169.36310148056813,52.112075083909,8.525674412633958,0.0827534508323477,94,"(0, 100]",2012
148.56480290582883,-6.942872544497168,2449.9512400715057,2.0691316789454162e-13,479.218283402602,2.0691316789454162e-13,det1,computed_linefit,41.97251482925229,119.2272035954666,0.0510834155536688,147.16093042819048,147.16093042819048,,,,,51,"(0, 100]",2012
156.6200693092897,20.673447173039506,2979.0304102819264,2.9673135796061134e-13,472.63287005984967,2.9673135796061134e-13,det1,computed_linefit,27.59547220637197,203.48480682200443,0.1933359243844641,175.61539827162716,175.61539827162716,14.211316957936786,11.5166341633788,161.42038516732902,0.1078717678793111,223,"(0, 100]",2012
151.6172402878887,-94.18825337408263,3528.418853821794,3.303068552659585e-13,474.709531471984,3.303068552659585e-13,det1,computed_linefit,30.336030876280965,86.86128125287937,0.1515058625736438,177.98015383000424,177.98015383000424,12.987630984563166,11.460737127667246,164.99483902807577,0.0898329624514662,245,"(0, 100]",2012
144.64772447314235,-137.33382603635457,3501.3508953782966,3.8553082408300657e-13,413.8750206759772,3.8553082408300657e-13,det1,computed_linefit,35.89225358115466,42.53860801621424,0.2543219084188031,179.4549344863423,179.4549344863423,139.16760720871957,22.010034690954125,40.29408921225938,0.0178609811681468,152,"(0, 100]",2012
138.55711731143276,-175.53032561833857,2646.0791668197803,2.49399488080602e-13,435.9824343134796,2.49399488080602e-13,det1,computed_linefit,57.71654331445104,348.19354304060295,0.0897926472200601,159.63723457445886,159.63723457445886,,,,,141,"(0, 100]",2012
137.24122869937315,-27.589991908516968,5398.706057284696,3.06111178766429e-13,495.5718240580878,3.06111178766429e-13,det1,computed_linefit,48.08344392988937,154.48319854039127,0.2179287317078089,174.47491857947378,174.47491857947378,13.718313798441306,27.62894798803188,160.8537365211692,0.0796674281798094,108,"(0, 100]",2012
132.76304835791163,150.1025327009988,3637.338901989539,496.6701441339485,3.26540580689313e-13,3.26540580689313e-13,det2,computed_linefit,44.370027368461336,333.1452905942438,0.1908713304130268,176.39806894268378,176.39806894268378,152.1449157800849,65.05390616234195,29.706028271556,0.0451141677926611,10,"(0, 100]",2012
141.9854107309585,-33.36278346779468,3427.594761923731,502.8185068087686,2.898457019905882e-13,2.898457019905882e-13,det2,computed_linefit,59.42531725247223,198.10536365630207,0.052409152437165,136.97545454934755,136.97545454934755,,,,,36,"(0, 100]",2012
168.34228350447958,82.19918244428813,4068.383417593725,501.1581446396754,1.797546735911271e-13,1.797546735911271e-13,det2,computed_linefit,7.809653106133529,297.3436561365229,0.2686645141437262,173.0918249413333,173.0918249413333,16.322830231181584,13.718123531388152,170.5230798093267,0.0490884834101351,41,"(0, 100]",2012
139.6433071836713,149.96274290703008,5194.375769700347,499.23897895926734,3.410605131648481e-13,3.410605131648481e-13,det2,computed_linefit,41.55776208546974,334.9986445132199,0.1465686899854835,176.48812747190266,176.48812747190266,22.9768145630302,45.98934687801222,156.72172506541548,0.0601072791050957,33,"(0, 100]",2012
131.69330105625306,-177.41389764150404,3698.214344369465,419.934797206052,5.934627159212227e-13,5.934627159212227e-13,det2,computed_linefit,47.87349715223518,1.1164391463554495,0.2078644578449132,178.82363552645313,178.82363552645313,5.153180490637683,6.942155856921119,174.29407981170738,0.0844140353592244,57,"(0, 100]",2012
148.7414269718843,104.0953498075616,6255.373430781307,490.4731735922893,1.2710574864626038e-13,1.2710574864626038e-13,det2,computed_linefit,61.6480119748414,231.00975140176124,0.0627039562063463,132.86143729470032,132.86143729470032,,,,,26,"(0, 100]",2012
158.58538251349918,-170.19181458066925,3327.9240584391096,483.6861966552399,2.542114972925208e-13,2.542114972925208e-13,det2,computed_linefit,22.543971385944403,9.713788219191269,0.2700169101856515,178.8700939565632,178.8700939565632,1.4262574744077734,1.3605616782595202,177.46396689660824,0.148891502336827,36,"(0, 100]",2012
155.83291811144522,122.03851787960504,2468.334399818068,505.7698957386406,2.542114972925208e-13,2.542114972925208e-13,det2,computed_linefit,156.91933606150008,189.04582820605577,0.260109570332879,25.57558119295481,25.57558119295481,9.566057935110624,9.298338008410036,17.122004333553598,0.3009193826944294,14,"(0, 100]",2012
130.8921994103437,83.05350260395436,2137.838825055106,411.4597402070029,2.049518613753201e-13,2.049518613753201e-13,det2,computed_linefit,125.43780085088834,297.5395824616405,0.033726464853122,97.359426860373,97.359426860373,,,,,12,"(0, 100]",2012
134.45763661409285,-85.07221796729385,3254.385636593061,453.5853969710731,3.979039320256561e-13,3.979039320256561e-13,det2,computed_linefit,45.81606847428753,95.08236857489476,0.2707578596161287,179.7047947439197,179.7047947439197,2.255715928413405,1.5688892435969752,177.44934690153983,0.1555858115858683,31,"(0, 100]",2012
130.09307934679958,-55.190185665446776,3038.385653734189,503.8458031128049,3.8131724593878125e-13,3.8131724593878125e-13,det2,computed_linefit,69.88787915513355,136.7475442613944,0.1264018909896438,157.55860142149407,157.55860142149407,130.078431998561,116.66640439548836,27.54250915236477,0.0810606283356452,20,"(0, 100]",2012
130.15364820635045,-148.87980563679136,3439.9402470682585,338.0974047257329,7.731540852509763e-13,7.731540852509763e-13,det2,computed_linefit,49.43957313850787,33.512208416069775,0.2921234810641924,178.13245584262884,178.13245584262884,1.7284385569912009,1.1271123603747464,178.58873687665832,0.2240845581297307,78,"(0, 100]",2012
160.89463601622683,44.30214325913047,3738.810792833112,479.6518000418854,1.797546735911271e-13,1.797546735911271e-13,det2,computed_linefit,141.83145165700205,275.3582514671771,0.132376935703212,51.9932757183402,51.9932757183402,50.643357173827525,55.67203297940219,1.5756738501379628,0.1425327842071647,9,"(0, 100]",2012
133.1749424680808,116.70328173562504,2962.5964319420277,495.70746516352943,4.099037227506402e-13,4.099037227506402e-13,det2,computed_linefit,35.3611058611356,309.16124307943016,0.2382843615857686,165.95670544677324,165.95670544677324,166.4287874312075,60.55407350606014,0.6279100399987542,0.0771260952883452,6,"(0, 100]",2012
150.3019178665249,-55.27871078332937,2264.826155533432,505.9546714463061,2.542114972925208e-13,2.542114972925208e-13,det2,computed_linefit,25.745504126535607,119.96752839297577,0.3601446315545542,175.47366270595825,175.47366270595825,2.275117106403452,2.448032032810406,176.32227555207808,0.1548504455314946,17,"(0, 100]",2012
145.6817980663552,-167.69945115608363,4540.69557058972,445.016685762998,5.084229945850415e-13,5.084229945850415e-13,det2,computed_linefit,33.20990817539487,7.432366382566887,0.2349380304626847,177.077015659963,177.077015659963,161.0098391330323,36.30719474561447,18.03051208456551,0.0189304217773811,75,"(0, 100]",2012
153.4731615762394,-147.6768402622195,4515.9759672070495,456.2661327067343,3.595093471822542e-13,3.595093471822542e-13,det2,computed_linefit,26.20717384719464,33.68357393334139,0.3004105969986963,179.3164795943138,179.3164795943138,2.5434482892150854,7.6500122758625455,177.8601474603674,0.0685596277885119,65,"(0, 100]",2012
138.17772690251144,-62.67986167090897,2432.254897451688,498.2956885980084,4.687428401686771e-13,4.687428401686771e-13,det2,computed_linefit,48.09572796387135,132.4732630032523,0.18245570419738,167.62236157691066,167.62236157691066,160.31397124151496,64.62732298121387,7.4480178870494145,0.1217365542143961,20,"(0, 100]",2012
142.37073569556972,123.5868974317784,3109.5232662414587,504.5470784356102,4.099037227506402e-13,4.099037227506402e-13,det2,computed_linefit,95.32101591517632,288.10552048070434,0.0699621301326392,120.82496434544969,120.82496434544969,,,,,23,"(0, 100]",2012
149.70819706054675,-167.92122664747282,1527.52957388039,458.4106721968264,4.2537719614005497e-13,4.2537719614005497e-13,det2,computed_linefit,30.383419829754352,11.539880387996067,0.2817189584888558,179.71280416794633,179.71280416794633,42.14365890173363,25.240791772119515,137.75768295073482,0.0067520968047259,42,"(0, 100]",2012
132.9046073071983,-99.1226870957907,2462.6562788280667,411.6235355170569,4.1382633578908325e-13,4.1382633578908325e-13,det2,computed_linefit,45.10816385179214,81.16726683373206,0.2369055155630251,178.00182212228597,178.00182212228597,1.6365931738414004,2.388114224686434,177.89017135099516,0.1902372821251144,39,"(0, 100]",2012
152.27702957555746,-15.692598980272804,5874.123899062864,493.26462792504594,2.3437142008433856e-13,2.3437142008433856e-13,det2,computed_linefit,89.24263435270564,261.63925009314187,0.0444624009307416,87.2682151965524,87.2682151965524,,,,,14,"(0, 100]",2012
158.10614811845585,-30.5896313978712,2439.257914879088,505.0094361295109,2.6048926968973323e-13,2.6048926968973323e-13,det2,computed_linefit,30.99132672817388,158.91199910343252,0.1582736823101031,169.99304443166838,169.99304443166838,72.16999521497712,42.89285427108581,97.828870706178,0.0487433469305173,24,"(0, 100]",2012
139.748006060104,175.16481901553175,8901.092913789122,458.9529100000932,4.0194366942304643e-13,4.0194366942304643e-13,det2,computed_linefit,42.33099905100143,356.59269461239967,0.2209555680034587,177.71754995452463,177.71754995452463,2.4546661353648638,2.5496031068207703,176.09868167388075,0.2764082577879293,62,"(0, 100]",2012
130.79307216489053,41.367111082212965,1636.4840598598696,332.16303489013427,3.639754730461873e-13,3.639754730461873e-13,det2,computed_linefit,168.32251648394598,248.47960149747345,0.0309830385133725,59.77404539104545,59.77404539104545,,,,,10,"(0, 100]",2012
144.9518588247984,-47.378160413366174,1764.8543590162126,507.4970885587487,2.842170943040401e-13,2.842170943040401e-13,det2,computed_linefit,37.44614945967941,129.273323335164,0.2398360405271994,176.8910035712503,176.8910035712503,7.336057296767549,7.946038027374743,170.89260190578457,0.1174741547035982,33,"(0, 100]",2012
147.52854163314075,72.86474678687468,3474.697639857692,448.223083196813,1.607774677692186e-13,1.607774677692186e-13,det2,computed_linefit,73.732570862654,211.487363014882,0.0926290455534878,128.53974325076348,128.53974325076348,,,,,18,"(0, 100]",2012
135.6697661475881,-34.57096438652064,2671.7399372803584,502.5362087779247,4.43961293735052e-13,4.43961293735052e-13,det2,computed_linefit,83.40365149678135,175.0701001619122,0.1080517232129498,133.27499911475988,133.27499911475988,96.72843157573386,81.65086958651013,36.59104776318293,0.1041372366455866,12,"(0, 100]",2012
164.6248713022869,141.70367194538832,2218.902211255178,507.1962147028991,3.639754730461873e-13,3.639754730461873e-13,det2,computed_linefit,30.667291609321637,305.3353057945863,0.1291326737471707,163.55915027234536,163.55915027234536,56.12831384575117,45.673118654603165,107.48165264212936,0.0525690489606781,42,"(0, 100]",2012
142.3818519729897,-16.068538439403806,1913.2193443832707,483.24426892429545,3.8131724593878125e-13,3.8131724593878125e-13,det2,computed_linefit,78.34773719643194,152.5899475170684,0.0213097500268958,138.25569553297103,138.25569553297103,,,,,14,"(0, 100]",2012
150.54566866675185,-73.83886577796099,2417.654144058203,494.0732420647247,2.842170943040401e-13,2.842170943040401e-13,det2,computed_linefit,29.48993488737108,106.3412111832646,0.2929756426026907,179.90451600549062,179.90451600549062,2.9922294890079697,11.21687332243157,176.97256487207335,0.1166717178185305,38,"(0, 100]",2012
169.58791345945096,101.96964714771887,2839.7509699344896,505.2405216698632,3.215549355384372e-13,3.215549355384372e-13,det2,computed_linefit,8.591701318905265,300.29091279890315,0.3352400359481828,176.49241217223968,176.49241217223968,147.02138729577086,12.264021223178874,34.667209964641685,0.0302410919787348,26,"(0, 100]",2012
148.34658167587497,-34.82294081359129,1471.949570461073,504.8498189105583,3.4576501834057014e-13,3.4576501834057014e-13,det2,computed_linefit,76.98485209335344,258.3642585765975,0.0433361896488169,89.4493375456502,89.4493375456502,,,,,17,"(0, 100]",2012
145.30913666274714,91.32749826370112,2635.499257266099,468.5643061054928,1.607774677692186e-13,1.607774677692186e-13,det2,computed_linefit,120.67601776495768,232.101126979078,0.051335888892442,87.69073750450566,87.69073750450566,,,,,8,"(0, 100]",2012
154.36069790213136,161.80193827154673,4055.149448045165,496.9450477215608,2.7847474288855413e-13,2.7847474288855413e-13,det2,computed_linefit,25.03413089913352,341.2445723542142,0.2378401904934392,179.3495272186077,179.3495272186077,7.772916989597186,21.03413360280668,172.68981926580912,0.0314539446372827,37,"(0, 100]",2012
167.3684634703184,-9.20844794083229,2085.7718768708746,503.16076182609567,2.842170943040401e-13,2.842170943040401e-13,det2,computed_linefit,7.868184554598432,128.9731900542388,0.2517964661357542,171.46304236456157,171.46304236456157,171.49340688403726,14.002391115409765,3.056769967706932,0.1180746340334249,15,"(0, 100]",2012
146.3606698922059,108.66868447585716,5982.514498961114,493.2863258907657,2.3437142008433856e-13,2.3437142008433856e-13,det2,computed_linefit,53.48801395785875,309.122222306947,0.1026535731012835,155.85636720935275,155.85636720935275,57.34962229027204,39.179364057954594,101.82054785274237,0.0604083883193605,20,"(0, 100]",2012
154.78367686602206,-153.5658706525661,2171.1580342701745,463.6228378402482,3.979039320256561e-13,3.979039320256561e-13,det2,computed_linefit,16.48466126023955,16.52421505213704,0.114211356966757,170.61201563510753,170.61201563510753,1.1171064048202088,9.166183182944495,170.46059410820095,0.1175360215701256,65,"(0, 100]",2012
132.2013324837294,-125.9439925658796,1850.9077756396148,347.2368295408741,7.008127344043916e-13,7.008127344043916e-13,det2,computed_linefit,49.30485855095668,52.60035857726203,0.2722220434398717,178.14020798793496,178.14020798793496,0.7931051662643063,0.3308024992905961,177.98823241035566,0.2214874015045017,51,"(0, 100]",2012
135.6867143471527,-87.33858516287269,3523.5694200609983,450.5770511465047,4.582862941503293e-13,4.582862941503293e-13,det2,computed_linefit,44.607882982233626,92.38718786732244,0.2756016831679538,179.64831904656822,179.64831904656822,3.2950603223330384,1.86477416835855,176.63358283633048,0.1327313987820298,76,"(0, 100]",2012
150.21739921947616,58.70214874170236,5520.56228819738,445.3177690822113,2.542114972925208e-13,2.542114972925208e-13,det2,computed_linefit,156.70233521095443,160.3003651364958,0.118853191039524,40.74234066005951,40.74234066005951,38.012872276657546,39.04338081855464,4.219821462944226,0.1422981450909626,19,"(0, 100]",2012
130.860884803884,-150.81488153733545,1733.450914168914,345.8132150921875,1.7053025658242404e-13,1.7053025658242404e-13,det2,computed_linefit,50.075175550489774,29.78307400981025,0.2367650561042774,178.9590409113135,178.9590409113135,6.145433048885641,10.579415724359269,172.89062645532238,0.0824936738348232,53,"(0, 100]",2012
165.23334633037166,-36.06836560744821,5199.707787782155,507.0403081749354,2.542114972925208e-13,2.542114972925208e-13,det2,computed_linefit,18.07545201149787,137.63906861824591,0.2371804811378875,176.24788550459067,176.24788550459067,173.36841511697355,47.69389361111424,3.4566800674899643,0.1456612917381338,50,"(0, 100]",2012
131.58980351130904,35.779712569496105,2923.483571485626,341.2359442702997,5.115907697472721e-13,5.115907697472721e-13,det2,computed_linefit,138.68769014147736,270.92937271157007,0.0770855018297121,77.49963720373364,77.49963720373364,,,,,29,"(0, 100]",2012
141.4137020727801,88.68775228609172,3594.530945726414,455.2947771598175,2.542114972925208e-13,2.542114972925208e-13,det2,computed_linefit,88.96670972035562,258.90974703166336,0.049798912455517,128.94901308198806,128.94901308198806,,,,,44,"(0, 100]",2012
137.55829911384666,-119.7345613843704,2803.594232765289,386.7260701102327,5.332385353339566e-13,5.332385353339566e-13,det2,computed_linefit,43.16203177234526,60.42603208625861,0.2206772931288148,179.271451756556,179.271451756556,1.718093010112337,1.5148246681368125,177.55419641983565,0.270679606944211,57,"(0, 100]",2012
158.89461299190887,60.43302556615757,5172.863691477388,476.42978304957416,1.2710574864626038e-13,1.2710574864626038e-13,det2,computed_linefit,128.26587609034482,309.0050337108666,0.0534049403767395,61.6743818658386,61.6743818658386,,,,,9,"(0, 100]",2012
155.0590880590097,-129.6550439076492,1728.5523179620975,3.979039320256561e-13,460.75554114703385,3.979039320256561e-13,det1,computed_linefit,27.06071362602825,52.79443376720985,0.2528253384502935,177.62414259025078,177.62414259025078,15.395647326662482,16.33378684426258,162.32201997882055,0.0392906255958563,138,"(0, 100]",2013
142.7702948963441,-62.180253518627886,2159.4769054805997,5.178681919428697e-13,500.3806381271221,5.178681919428697e-13,det1,computed_linefit,41.22605554130875,122.3025422242272,0.2174838490720836,175.1023107224865,175.1023107224865,50.10825829189744,18.74268024616496,125.11196143024218,0.0356033364667319,107,"(0, 100]",2013
133.9891120217513,-101.02661010240176,2315.3343314372464,4.898108710339695e-13,410.2644998980451,4.898108710339695e-13,det1,computed_linefit,46.26422162984372,81.65698508712238,0.2401756082202871,178.04868939913388,178.04868939913388,9.22741032076826,16.507823557385287,170.361930822554,0.089564506767528,128,"(0, 100]",2013
132.73802436492562,-80.28650304612995,3626.021984488754,4.62671908852022e-13,462.3738167960298,4.62671908852022e-13,det1,computed_linefit,119.05379561326232,109.86563773450854,0.0230165914654544,107.60290393637914,107.60290393637914,,,,,305,"(0, 100]",2013
138.17625917742626,39.4372245163038,3753.068287304197,3.8553082408300657e-13,379.2489270832268,3.8553082408300657e-13,det1,computed_linefit,62.04124758863162,223.29610846902827,0.0703272717703923,159.56224334136627,159.56224334136627,,,,,231,"(0, 100]",2013
133.1317299937594,169.36372511388473,2763.9122152938885,3.074277920629802e-13,459.5921167445441,3.074277920629802e-13,det1,computed_linefit,66.18055373073737,339.8740545583316,0.0870952454506707,159.1626323534864,159.1626323534864,,,,,100,"(0, 100]",2013
133.33932320603702,42.92509386921784,2364.116867895105,4.0194366942304643e-13,348.53478866782666,4.0194366942304643e-13,det1,computed_linefit,48.97080857157032,226.2274522139128,0.185100079200626,176.63532807939012,176.63532807939012,47.404543652135416,42.27397917773831,130.61106157232425,0.027906432654011,27,"(0, 100]",2013
151.30128345005937,66.22704311034994,3032.4618616091325,2.953670686285155e-13,454.8520063197544,2.953670686285155e-13,det1,computed_linefit,32.33905040610838,249.3112233201028,0.201827977594566,176.03809751440065,176.03809751440065,170.6980964928529,57.31416916798502,5.61258689710682,0.1344058551643746,141,"(0, 100]",2013
139.61679885300836,-12.549398774594074,1876.668945071248,3.907339045345998e-13,473.8426658608239,3.907339045345998e-13,det1,computed_linefit,44.7799645498857,168.70357025477276,0.2600119160790954,175.52242419605963,175.52242419605963,154.8539296420563,59.75481179368231,20.70562836175445,0.0809436371371194,61,"(0, 100]",2013
132.42863072876165,132.2846160373524,2836.019948953369,3.314512409159136e-13,507.4377233116692,3.314512409159136e-13,det1,computed_linefit,56.20195106232437,312.3758152707909,0.162296320110709,171.36912153648328,171.36912153648328,153.06058372031006,68.31526997862449,18.38220075433399,0.0804746919368034,159,"(0, 100]",2013
130.85665391873476,4.807787905593286,3225.064129512516,2.81719218287421e-13,410.81416670974806,2.81719218287421e-13,det1,computed_linefit,54.0969055527252,186.4243772143797,0.2206672125815474,174.88719431153964,174.88719431153964,122.5058185859666,40.84221845735383,52.38363435338666,0.0295012489146922,151,"(0, 100]",2013
131.6203345926281,-3.9516624484214473,3729.9406055745394,2.449054355169848e-13,438.97625701386113,2.449054355169848e-13,det1,computed_linefit,51.92420343672879,179.4165565696015,0.2616620664599177,175.61326530194802,175.61326530194802,146.66198027583508,92.48807372233928,29.161532801366185,0.0421471418152467,91,"(0, 100]",2013
154.62464253275363,84.29213508632614,3954.417284473032,2.1268859807002749e-13,479.85458211470586,2.1268859807002749e-13,det1,computed_linefit,29.938611028260603,264.30915960315065,0.2411148532821883,175.4367396396738,175.4367396396738,50.15430567451324,23.664669161763527,125.29186013934724,0.0236037900442406,85,"(0, 100]",2013
148.2363783617334,-93.1070342950542,2271.5580134213205,3.5448890921732133e-13,468.4058032240705,3.5448890921732133e-13,det1,computed_linefit,35.37441252328264,89.72095373125777,0.2510764559047747,176.06600280739912,176.06600280739912,8.747009505168025,14.05601833907241,167.32691896654663,0.0999578136162081,183,"(0, 100]",2013
159.67483058036458,-114.57407728736574,2649.552655790298,2.8563464471519893e-13,480.2662030568977,2.8563464471519893e-13,det1,computed_linefit,22.62080870461165,65.45101599570927,0.2556159447938582,177.70434238749377,177.70434238749377,1.7409989890757631,4.114495540416478,175.96672285272655,0.164134463511067,110,"(0, 100]",2013
141.0914635029083,8.808082686555553,5184.12559725619,4.1382633578908325e-13,435.3775703615027,4.1382633578908325e-13,det1,computed_linefit,42.38007700895386,188.2687319823405,0.2242614556214667,176.51075628835454,176.51075628835454,157.41447191974348,61.313695100815664,19.165667479275893,0.0827724248566123,104,"(0, 100]",2013
144.82325433446746,156.21652040009943,2466.5067117626354,2.666192676669783e-13,495.1463612043193,2.666192676669783e-13,det1,computed_linefit,42.21905413103247,336.29435362942155,0.1027616666271767,172.95752460997423,172.95752460997423,166.63580092778892,125.24652586441672,6.352973555993872,0.0801509763849629,123,"(0, 100]",2013
165.88551604803894,128.34306990743403,2695.0499587644995,2.1268859807002749e-13,507.4033209904792,2.1268859807002749e-13,det1,computed_linefit,14.845333576747809,315.86974072792134,0.1934351698960695,177.9828278908853,177.9828278908853,169.91697426872244,3.701379175575403,9.223540731027974,0.0558108148013769,102,"(0, 100]",2013
136.00287087368025,86.45380472276321,2779.6680408451502,2.206117911819664e-13,436.2898644350858,2.206117911819664e-13,det1,computed_linefit,55.3712470630995,269.2911452729838,0.0655197387894199,168.42407875687385,168.42407875687385,,,,,148,"(0, 100]",2013
142.43050202685038,53.99665041651815,1828.8074354181929,2.898457019905882e-13,406.0876476913394,2.898457019905882e-13,det1,computed_linefit,39.130474893114815,237.6814410853952,0.2031778211657851,177.23219672996007,177.23219672996007,163.04920882876715,35.405696143993474,14.698988548557672,0.0579599806395746,85,"(0, 100]",2013
169.261754627081,-95.49508850882157,4746.80101603806,2.1857130740374979e-13,502.4126592810845,2.1857130740374979e-13,det1,computed_linefit,10.545231256377283,83.9550458348789,0.2231955693998943,179.7819074537584,179.7819074537584,10.99768538082762,6.318670583922698,169.21511542964723,0.0561314010038195,240,"(0, 100]",2013
161.53999285728275,-84.954548709703,6033.13490440865,2.382173337059642e-13,497.4073169426209,2.382173337059642e-13,det1,computed_linefit,20.314197672513803,94.77830933079784,0.2048187500793735,178.1436948297524,178.1436948297524,2.095289189398748,2.880032680535268,176.0554133398718,0.2316792409287483,121,"(0, 100]",2013
145.5118739013777,-13.151314266488768,2765.1252220273354,1.392373714442771e-13,482.8490685433192,1.392373714442771e-13,det1,computed_linefit,37.98101776928215,170.67977246316397,0.2023848854268644,175.83866996215374,175.83866996215374,165.1514684827901,124.41037051011736,10.965673422176422,0.1103090008669755,184,"(0, 100]",2013
147.74082171312793,-63.36047139563942,2737.1613900071343,2.666192676669783e-13,501.1439511928774,2.666192676669783e-13,det1,computed_linefit,34.17293585234427,114.5398531344776,0.2518054971917888,177.76743761848348,177.76743761848348,174.32603153815757,55.85660052932907,3.630847705930347,0.1381890608653352,113,"(0, 100]",2013
159.2760283110247,33.12286724604063,3427.637764998947,2.3437142008433856e-13,475.9447771800384,2.3437142008433856e-13,det1,computed_linefit,23.16246811010901,207.93169810261168,0.1829282364051757,176.88614328085464,176.88614328085464,25.764496256248407,15.767112351894417,151.5849567112248,0.0493663381122067,100,"(0, 100]",2013
140.2142660144143,86.91940715834215,6267.780108324498,2.206117911819664e-13,448.7629255114973,2.206117911819664e-13,det1,computed_linefit,44.675208096866704,265.4194459764795,0.1885923997662098,175.00796445864427,175.00796445864427,155.15303100762029,61.98544293295509,19.86684875967001,0.0704051896390488,113,"(0, 100]",2013
133.3720955741808,164.9319663072337,3649.675758770194,3.06111178766429e-13,470.3710976715253,3.06111178766429e-13,det1,computed_linefit,64.24101462240424,344.6117249226571,0.1265686893074047,162.38495359108063,162.38495359108063,153.59679723340386,139.82361069588393,8.849367581944994,0.1050853030586462,46,"(0, 100]",2013
135.49142462817548,102.92698359863256,3720.479053190357,3.422427021971628e-13,473.53066512597,3.422427021971628e-13,det1,computed_linefit,53.65060714661092,281.1715539682564,0.1531366682548368,170.76290322204258,170.76290322204258,12.032324151917411,19.42495967390102,158.7359895568595,0.1176844698127677,100,"(0, 100]",2013
165.98749947649827,-48.06320133706606,1913.5043240961008,1.8198773652309369e-13,507.5191373282204,1.8198773652309369e-13,det1,computed_linefit,13.627900397118514,135.82536141727363,0.2545671702698032,178.99488007868842,178.99488007868842,2.121162607082157,1.9469297883395813,177.51630372026486,0.199183431557315,79,"(0, 100]",2013
142.65169585198618,-132.17793484908847,3067.763036984908,8.695371059717647e-13,403.9110986635503,8.695371059717647e-13,det1,computed_linefit,38.99192248470855,45.46371307374319,0.2330263207441997,177.80349683135057,177.80349683135057,171.2583951095693,47.47570075784499,6.712006806415979,0.0925885759791189,128,"(0, 100]",2013
163.52327171069675,9.328777325550409,3868.0123490438486,1.9895196601282805e-13,493.5312383030253,1.9895196601282805e-13,det1,computed_linefit,21.20001895211396,186.51487644998045,0.1829076249320474,175.1914272893256,175.1914272893256,96.56037406282591,15.351575777540566,78.7686738186593,0.0228725632388097,171,"(0, 100]",2013
132.49552441530858,99.93068710107042,2524.0130871230085,3.021269154923701e-13,462.6648032755959,3.021269154923701e-13,det1,computed_linefit,89.46107222515742,270.38120730903324,0.083365284352548,137.17510245704855,137.17510245704855,,,,,77,"(0, 100]",2013
158.98570145401143,-154.65146690206848,3202.8232690023683,2.2914314707516465e-13,477.2156247509423,2.2914314707516465e-13,det1,computed_linefit,22.0663750530524,22.307232366326875,0.2672502420606608,178.466125858768,178.466125858768,171.4731147391369,25.367199182102823,7.439447053484664,0.0805884092476027,79,"(0, 100]",2013
142.53510287611795,-96.05373592621028,3540.543512829101,3.730180182062295e-13,449.1691764628176,3.730180182062295e-13,det1,computed_linefit,40.33550886543068,85.79904083571132,0.2032076187179643,176.90283371581472,176.90283371581472,24.11782842168047,16.841623773634804,152.8532008871714,0.0580657896568759,142,"(0, 100]",2013
133.95093454241643,170.1744684291287,3256.602400990541,1.530555893832145e-13,458.98797481670766,1.530555893832145e-13,det1,computed_linefit,65.53741223080712,344.01843087995496,0.0903350999511802,159.87272649649023,159.87272649649023,,,,,93,"(0, 100]",2013
136.39417145361386,-166.80630758522554,4386.609947281188,5.71269289430398e-13,408.4313625206869,5.71269289430398e-13,det1,computed_linefit,45.98124002400795,12.42900103587377,0.1976177805303532,177.5642909265878,177.5642909265878,153.11065999274066,26.604554958729405,24.48662932992729,0.0451489964824276,164,"(0, 100]",2013
148.1689125346003,152.1224358190729,1911.0061973771508,2.898457019905882e-13,500.51545293298926,2.898457019905882e-13,det1,computed_linefit,31.734049907197157,325.8121376589928,0.2456306638708837,176.6761843800556,176.6761843800556,139.01648720673944,25.96294955289684,39.2985631467174,0.0302719655920592,125,"(0, 100]",2013
133.0440669128089,142.93646090987218,2090.63748814099,8.03887338846093e-14,504.1244503514284,8.03887338846093e-14,det1,computed_linefit,64.08199433042236,322.0320003281539,0.0856273933812928,162.8580111029767,162.8580111029767,,,,,80,"(0, 100]",2013
137.2868517518497,-48.31445185538202,1796.7327783759797,4.3290658060549894e-13,507.3676635761014,4.3290658060549894e-13,det1,computed_linefit,130.57932708522415,123.92109743409914,0.006813583183984,91.86302660861814,91.86302660861814,,,,,286,"(0, 100]",2013
156.44571854855403,113.37103649210812,2518.5634327069843,1.797546735911271e-13,502.5822506018167,1.797546735911271e-13,det1,computed_linefit,26.73442060666797,294.32303270691483,0.2336249217048183,176.79433456658393,176.79433456658393,92.22386593559042,16.11334380647473,84.71034085086652,0.0264082171553355,129,"(0, 100]",2013
147.27241654946005,41.55572646794089,2262.2273443686468,2.1268859807002749e-13,427.21997867455445,2.1268859807002749e-13,det1,computed_linefit,35.42644824025686,224.183587014444,0.247729161050084,176.9261478883015,176.9261478883015,30.077755240475483,28.838921199406418,147.00365959712082,0.0366531426212375,103,"(0, 100]",2013
132.9794526016178,24.192744294503765,2176.4438806355897,4.475855276957538e-13,367.9855078343065,4.475855276957538e-13,det1,computed_linefit,54.12434961650622,202.44331599192716,0.1878824245340199,172.76930904559322,172.76930904559322,142.63350194593633,109.35051733683557,30.18859130495099,0.0499628955159798,91,"(0, 100]",2013
157.43529843804922,157.94358485113273,2822.5196744380573,2.6048926968973323e-13,501.2377685948899,2.6048926968973323e-13,det1,computed_linefit,23.85599488401949,334.42509401772804,0.2624872805189077,178.1057035426945,178.1057035426945,5.230609519576255,10.171392444998991,173.28184211880725,0.0917540511315246,99,"(0, 100]",2013
136.71750803400175,-73.24632945584199,3508.982975202676,5.178681919428697e-13,482.1156108336865,5.178681919428697e-13,det1,computed_linefit,46.27420341967064,108.75746919817102,0.2403162910470124,176.69236114437533,176.69236114437533,156.70704195777375,46.0711527131491,20.068645176292453,0.0666593242137859,116,"(0, 100]",2013
137.1899363463527,-21.064446877428733,4637.186339822021,2.3437142008433856e-13,486.05170848369954,2.3437142008433856e-13,det1,computed_linefit,103.78680936504983,183.25975999547177,0.0555949976151277,115.25050426449116,115.25050426449116,,,,,93,"(0, 100]",2013
151.30672770105102,-156.82552224749554,1830.5264739427,6.456171315449266e-13,453.35295465471137,6.456171315449266e-13,det1,computed_linefit,30.362644613436142,25.701337746049965,0.2591640432715347,177.91759860479544,177.91759860479544,140.54364424882178,14.546051284678644,37.50674479501926,0.026480082740269,85,"(0, 100]",2013
140.77401298865144,-41.44616153362368,5224.120034733433,4.0194366942304643e-13,506.86108582338727,4.0194366942304643e-13,det1,computed_linefit,45.34990184963487,135.4632626375118,0.1705150078487713,173.53416033190825,173.53416033190825,129.54559611031812,43.7991218765219,44.39576110740989,0.0462734382944432,109,"(0, 100]",2013
130.59171467350905,152.09108041189452,1977.5142810790176,2.666192676669783e-13,492.94862554714746,2.666192676669783e-13,det1,computed_linefit,51.41604947544204,324.91258531867214,0.1142683545224241,174.11702548247678,174.11702548247678,8.939833679146103,8.51436608856121,166.53222996760684,0.1336377058562873,91,"(0, 100]",2013
157.7426744122255,-7.200530079123227,2530.0623802644145,2.360884497795176e-13,492.983910755599,2.360884497795176e-13,det1,computed_linefit,25.36803889900886,176.9154174615421,0.2287256572245131,176.4749451196489,176.4749451196489,125.15540655806724,24.204817781427582,51.76903821741303,0.0228356799355759,68,"(0, 100]",2013
167.80883752359745,53.24474551209343,2671.3997223507336,3.650834679167795e-13,496.4440338461599,3.650834679167795e-13,det1,computed_linefit,31.94195007369424,239.2117261578073,0.0514092788373865,160.14683503268554,160.14683503268554,,,,,190,"(0, 100]",2013
137.3593780361477,64.78835210652488,2308.848929267533,393.1860236192342,2.049518613753201e-13,2.049518613753201e-13,det2,computed_linefit,128.51924841815006,238.3818292559052,0.0356799908050878,93.9312722879386,93.9312722879386,,,,,9,"(0, 100]",2013
140.72335167138678,-27.11591924044828,2040.314851953559,496.62985526925513,4.1382633578908325e-13,4.1382633578908325e-13,det2,computed_linefit,100.91151561162924,164.91845559535534,0.0700985746625216,117.4792452814658,117.4792452814658,,,,,16,"(0, 100]",2013
169.81330972468402,-116.752363831973,4056.422462876868,500.3911273825784,2.049518613753201e-13,2.049518613753201e-13,det2,computed_linefit,9.286970097970038,70.23562316642877,0.3067876092077729,178.51622585858962,178.51622585858962,178.40964250616906,21.43237006461074,1.129906563973183,0.0980229960807024,44,"(0, 100]",2013
132.8900022823465,173.55384238383854,2642.34602035587,448.42335778836514,3.06111178766429e-13,3.06111178766429e-13,det2,computed_linefit,46.88271230459713,354.76017908173185,0.3298531586382903,179.08899514064734,179.08899514064734,176.80963432084965,59.51656357247134,3.343866690388256,0.1423291595199177,18,"(0, 100]",2013
137.55268576015007,-75.9567486067796,3361.095152930457,478.0794675653377,3.979039320256561e-13,3.979039320256561e-13,det2,computed_linefit,40.61994458873336,105.001760588751,0.2995694966718207,178.0653084255154,178.0653084255154,177.27620398870616,41.91624345244709,1.196879902452146,0.0519335992840769,45,"(0, 100]",2013
133.17986792779868,28.45187759220936,1819.9909371543345,361.07052881705295,1.2710574864626038e-13,1.2710574864626038e-13,det2,computed_linefit,99.19030158264664,154.5167228865269,0.1404051262303061,108.32968135644336,108.32968135644336,87.54636224247086,96.11715672828429,28.481790172416947,0.1983741982004925,5,"(0, 100]",2013
131.1988139927013,-58.80122298419192,2452.3172516507307,500.5816288194697,4.856703836433968e-13,4.856703836433968e-13,det2,computed_linefit,41.983365579780994,102.77484463248834,0.3411955380579606,165.26915133729713,165.26915133729713,8.574189626193313,3.7936669661419176,171.52235771908423,0.2148008627158235,10,"(0, 100]",2013
135.02460884688557,-46.55993221351781,6412.777607073226,507.5302359530151,6.844854043943255e-13,6.844854043943255e-13,det2,computed_linefit,173.57245772462105,249.62292870509677,0.0432729800976461,42.44917305652868,42.44917305652868,,,,,16,"(0, 100]",2013
157.32456758319597,35.77080328846831,2601.748769448034,469.19188002645615,1.607774677692186e-13,1.607774677692186e-13,det2,computed_linefit,153.94786021769514,273.499107596514,0.0558048499232102,42.39191706229238,42.39191706229238,,,,,18,"(0, 100]",2013
148.21717538311742,10.208490058834718,3400.449709167228,456.2218526855526,3.06111178766429e-13,3.06111178766429e-13,det2,computed_linefit,119.2735114516954,232.05031759918472,0.0764947738252445,85.79184811817784,85.79184811817784,,,,,12,"(0, 100]",2013
148.68170736264727,-89.21442293784247,3744.8685477005943,474.4335431410421,3.639754730461873e-13,3.639754730461873e-13,det2,computed_linefit,31.515879712841052,93.62042107901708,0.2823464813387284,178.50926143087855,178.50926143087855,7.24971909475465,24.781629557804678,171.52610580472535,0.0636093738006077,74,"(0, 100]",2013
137.58679788613645,-117.30686472766652,2391.215814223226,390.5663383966047,5.362597410144534e-13,5.362597410144534e-13,det2,computed_linefit,42.09077286252607,59.73474541996588,0.2576651410475878,177.98497057198443,177.98497057198443,3.74910725358678,10.944810542208645,174.2441951844874,0.0697100246370158,44,"(0, 100]",2013
159.5668424111298,-80.6503718024742,6622.243966042052,497.4788023821295,3.639754730461873e-13,3.639754730461873e-13,det2,computed_linefit,20.13991920389264,108.67766191870685,0.1658628975291556,176.7557718534061,176.7557718534061,18.874981842875147,5.605645594543608,159.07492465734498,0.0418068916631298,113,"(0, 100]",2013
159.10889072109154,-132.59290078746466,1903.2392285083552,474.2303277867819,5.084229945850415e-13,5.084229945850415e-13,det2,computed_linefit,20.713618011817704,45.64805123834446,0.2771762155674401,179.35058320999102,179.35058320999102,32.44065773024416,18.90066355024565,147.37270871861023,0.0134803095945294,36,"(0, 100]",2013
153.66413952002682,50.12069580029667,3561.070668075384,455.6175218389639,2.6048926968973323e-13,2.6048926968973323e-13,det2,computed_linefit,114.34849911714716,164.9025968601085,0.0542550201610341,78.45843579259488,78.45843579259488,,,,,16,"(0, 100]",2013
145.83180269975173,-81.97170941226545,2864.2993598791427,479.2837174560541,4.099037227506402e-13,4.099037227506402e-13,det2,computed_linefit,35.5285056137301,102.10859579585174,0.2465207091867332,177.30129562898756,177.30129562898756,2.2677727167376576,1.2546750159298607,175.4614491488974,0.1759464312519718,65,"(0, 100]",2013
148.02918951244766,-60.152433980403046,5178.219744183375,503.3352188129035,3.410605131648481e-13,3.410605131648481e-13,det2,computed_linefit,33.128541930322704,134.3501072269088,0.1450151273631545,172.12752354635728,172.12752354635728,5.041133052327277,2.650425538943922,169.13829921252767,0.1367789783296031,64,"(0, 100]",2013
133.40820401168995,-151.40121464261446,3033.6003690443667,361.85855817934345,4.1382633578908325e-13,4.1382633578908325e-13,det2,computed_linefit,46.97736062647872,30.447069643766103,0.2462244055915096,178.59893893384267,178.59893893384267,1.1142060855927554,0.7052365249538278,178.08532325620268,0.2563115137869313,79,"(0, 100]",2013
164.98016340832768,61.35983304038153,2038.2339236001053,491.8453876309369,2.3437142008433856e-13,2.3437142008433856e-13,det2,computed_linefit,61.85122735167374,161.99350102873618,0.0367825061999608,119.85525983849294,119.85525983849294,,,,,14,"(0, 100]",2013
135.3950518753157,-172.93178967190346,4154.055357750385,419.54167433244106,6.55550286107359e-13,6.55550286107359e-13,det2,computed_linefit,45.150658556307846,7.490187312695254,0.2767715879085791,179.3783493742008,179.3783493742008,13.817099580320049,31.310264216732723,165.7002879892233,0.0461432941033741,64,"(0, 100]",2013
142.0604875486977,25.873160191100183,1994.884829604815,411.8098618393015,3.06111178766429e-13,3.06111178766429e-13,det2,computed_linefit,133.93356866603642,244.0901603343791,0.0588602976084202,78.5026949625431,78.5026949625431,,,,,10,"(0, 100]",2013
134.5263897643991,-70.69485743107404,2595.393556682403,484.7341949785903,4.291584011338472e-13,4.291584011338472e-13,det2,computed_linefit,47.69301643224958,109.35836501381584,0.2206225092303756,177.78025728332935,177.78025728332935,4.481698705185535,2.0033606330759377,173.43031410523133,0.2005959573259988,37,"(0, 100]",2013
131.6820328086697,173.88386049511882,2544.519394272543,445.0418002611577,3.8553082408300657e-13,3.8553082408300657e-13,det2,computed_linefit,50.49474188363415,356.5134958291358,0.2231715118182553,177.0464070148654,177.0464070148654,11.629323001194686,3.841718749461004,166.3316084960112,0.0605621942914503,33,"(0, 100]",2013
152.4869154102142,-176.44554988548805,1899.9760888934163,474.9141374354773,2.6048926968973323e-13,2.6048926968973323e-13,det2,computed_linefit,27.476877132284528,357.2404783990761,0.2641256201683014,177.08595933292992,177.08595933292992,7.539799032462055,5.502620823863117,169.64554203643894,0.0880412296755004,34,"(0, 100]",2013
145.03933495280293,-60.274784195949714,3652.884540690183,502.53045076421967,4.687428401686771e-13,4.687428401686771e-13,det2,computed_linefit,39.29877595255255,122.5156488989501,0.2169416491731055,175.34731409327384,175.34731409327384,139.85150790235758,30.703483262540203,35.50232259217483,0.0346488832091455,35,"(0, 100]",2013
137.68154288821736,38.06923640401844,2218.594935353713,376.992010043996,4.582862941503293e-13,4.582862941503293e-13,det2,computed_linefit,139.7967860028517,129.48386773910568,0.0176387121804811,56.3577134390392,56.3577134390392,,,,,10,"(0, 100]",2013
133.90930003968663,143.22351724094966,5215.023386383903,504.00959975065456,3.4576501834057014e-13,3.4576501834057014e-13,det2,computed_linefit,77.80377211715646,307.1551620240362,0.1178905847593814,145.40445203373636,145.40445203373636,65.9479577543237,68.78205121438357,79.89066156062995,0.0903375101699155,30,"(0, 100]",2013
151.0684115104774,80.38820538537152,3968.99570465215,467.7137128919598,3.410605131648481e-13,3.410605131648481e-13,det2,computed_linefit,80.22936387719464,249.34965670031957,0.1492318817263485,128.05753353036891,128.05753353036891,122.32242980749923,134.87156194287357,5.772377512770239,0.1567788215381407,7,"(0, 100]",2013
165.0612741850986,79.21016826513032,5979.631234754842,496.2398696089296,2.6048926968973323e-13,2.6048926968973323e-13,det2,computed_linefit,6.420075464194273,309.16124307943016,0.424379240124365,168.15038580567796,168.15038580567796,168.27002808607665,11.38660227481408,0.4626305632127923,0.1675275389052639,26,"(0, 100]",2013
134.01562714958223,-96.32271262344904,4076.6767277928498,423.0282258611716,4.582862941503293e-13,4.582862941503293e-13,det2,computed_linefit,47.35572108577999,84.3699661382271,0.2437598309460516,178.53903138338293,178.53903138338293,4.343593290148777,4.010283267024694,174.25719498704592,0.1107822314147533,85,"(0, 100]",2013
139.15481175554373,20.695526919962425,4256.898327513174,405.63010454927314,2.898457019905882e-13,2.898457019905882e-13,det2,computed_linefit,147.6451332607882,239.31854759793535,0.1071960584853615,68.55625367386746,68.55625367386746,57.41262365250179,56.38226828428164,12.099189764726685,0.1753874059972008,23,"(0, 100]",2013
143.2233652188518,104.76922722953906,3152.909038567061,485.6333788335575,5.71269289430398e-13,5.71269289430398e-13,det2,computed_linefit,34.389855824413814,309.16124307943016,1.4340609095778512,165.6845335354448,165.6845335354448,24.238750451492148,33.293591203551166,160.0853624894997,0.2692195961257346,4,"(0, 100]",2013
168.7377212334111,98.2022998672339,3545.9676713235344,504.263457731662,1.7053025658242404e-13,1.7053025658242404e-13,det2,computed_linefit,12.108021749773709,296.700477109698,0.3142002174456006,176.1767840606594,176.1767840606594,15.602027794808604,17.30885973721196,166.3700473164441,0.0598465311331786,26,"(0, 100]",2013
135.8755438058425,31.77871113514144,3720.769824064587,371.87690017988905,4.1382633578908325e-13,4.1382633578908325e-13,det2,computed_linefit,125.45608090617084,211.98587761684223,0.0514322324075326,98.66816043347193,98.66816043347193,,,,,12,"(0, 100]",2013
153.48696172537802,118.97154090365947,2718.240552693141,504.2164583385685,2.273736754432321e-13,2.273736754432321e-13,det2,computed_linefit,95.94124393131612,283.9718521572295,0.0317507663423895,109.64871180528976,109.64871180528976,,,,,50,"(0, 100]",2013
131.35628937697587,-159.20717481592035,4538.427069703496,366.8971431524336,2.1268859807002749e-13,2.1268859807002749e-13,det2,computed_linefit,60.23935455536009,22.006601583042723,0.0552093988361457,168.36275276510912,168.36275276510912,,,,,99,"(0, 100]",2013
156.4505550472712,-80.23418483813852,3285.107321052691,494.6109887322209,2.842170943040401e-13,2.842170943040401e-13,det2,computed_linefit,24.29283856314457,100.10288057855544,0.2503720644703051,179.24414998559587,179.24414998559587,2.296106419293164,1.536871681054406,176.95496358836485,0.1283446265563927,65,"(0, 100]",2013
166.6710777876898,-152.51095935785906,6710.662680631321,494.91702453731307,2.273736754432321e-13,2.273736754432321e-13,det2,computed_linefit,10.66640590970789,18.36569354558919,0.3343915715538471,176.7388921295454,176.7388921295454,177.01272610289854,9.532796815831947,0.4313131534030682,0.2612256396556266,63,"(0, 100]",2013
142.4519869768408,136.12625781832173,2099.821262338133,507.3837532600664,4.099037227506402e-13,4.099037227506402e-13,det2,computed_linefit,66.71338346596615,328.620887727924,0.1007844128453622,149.31198853061215,149.31198853061215,27.54251560452199,33.309001399298126,122.32665991492182,0.1223321629247072,10,"(0, 100]",2013
132.20863585668278,152.43074893069706,2294.9443828595445,493.1553812070982,2.6048926968973323e-13,2.6048926968973323e-13,det2,computed_linefit,45.24223489248048,328.61336055218266,0.1497520684265075,176.2365095272792,176.2365095272792,13.818840273651771,27.041725520349107,165.45808557092482,0.1248240159119979,36,"(0, 100]",2013
145.21550369232,-157.83521839703886,2126.9215843870984,430.2386630340482,4.547473508864641e-13,4.547473508864641e-13,det2,computed_linefit,34.173572293806465,19.032898203314534,0.2674454002733489,178.1249232455385,178.1249232455385,4.766311753943944,16.14587884165187,173.90170007183755,0.079518459092988,42,"(0, 100]",2013
147.0205049307494,155.5542337415703,3853.974423298932,497.1055974034784,3.06111178766429e-13,3.06111178766429e-13,det2,computed_linefit,32.97259848612053,334.92275877177093,0.2150043429540136,179.6562275587143,179.6562275587143,10.797547224036547,24.815252997791426,169.0102300931896,0.1056653355582071,20,"(0, 100]",2013
148.5791438017938,-11.734346494063477,2326.373726405715,485.0541345994761,5.684341886080803e-14,5.684341886080803e-14,det2,computed_linefit,155.07024607804522,308.9731900542388,0.1799781509946532,19.28084997260767,19.28084997260767,20.003776488053592,19.85556334503777,5.07177219595468,0.20784691549397,9,"(0, 100]",2013
135.37142850962772,91.6123021803083,6736.987426908056,447.4759540598227,2.842170943040401e-13,2.842170943040401e-13,det2,computed_linefit,111.29007113811656,258.5467276157998,0.0542187825925488,112.2852013653339,112.2852013653339,,,,,32,"(0, 100]",2013
138.6883702550665,57.26151877598459,4669.03516936583,389.20576199879895,4.1382633578908325e-13,4.1382633578908325e-13,det2,computed_linefit,153.65077148123785,187.25267703599027,0.0600927996689795,61.00146157781176,61.00146157781176,,,,,18,"(0, 100]",2013
131.81075703918316,-13.042366553754988,5042.54297181605,463.6192889649136,3.8553082408300657e-13,3.8553082408300657e-13,det2,computed_linefit,161.37611017715074,212.14197283001084,0.0695503542633046,62.35503887020373,62.35503887020373,,,,,21,"(0, 100]",2013
139.4866471680793,151.26370490833514,2867.528537814602,497.8152474633532,2.898457019905882e-13,2.898457019905882e-13,det2,computed_linefit,60.84075838787454,282.38000409431487,0.0921614190546897,138.0282199763425,138.0282199763425,,,,,49,"(0, 100]",2013
160.10629335495176,-19.85198862914865,2039.451792049164,2.6048926968973323e-13,501.7642873766191,2.6048926968973323e-13,det1,computed_linefit,20.857200854469017,158.6777995964773,0.2092003746563084,178.90904007260883,178.90904007260883,26.54870259139592,15.877712124430197,152.49779537943476,0.0432664747742986,109,"(0, 100]",2014
163.2116806476332,97.38329438771773,7178.9800983978885,2.395909646692099e-13,500.0396360518913,2.395909646692099e-13,det1,computed_linefit,19.24691725055574,274.35257385962905,0.2395633055634493,177.36953697332993,177.36953697332993,25.869779072521528,34.36804763762565,151.4997622213739,0.0306858234582848,37,"(0, 100]",2014
134.91386910893462,19.0910116905724,2610.3330012217625,3.4576501834057014e-13,388.7862226001794,3.4576501834057014e-13,det1,computed_linefit,110.65792281512992,207.6045604333109,0.0521043586203228,113.96954920350764,113.96954920350764,,,,,239,"(0, 100]",2014
135.41955323889496,-87.46406238970151,2624.315709321092,4.4719055772360333e-13,449.6924158630096,4.4719055772360333e-13,det1,computed_linefit,45.36255527959951,93.8335184976222,0.2607723836569652,178.79474317003226,178.79474317003226,19.537030967619657,32.66504749123843,159.52722873626058,0.0416915376296379,67,"(0, 100]",2014
143.3091272710433,161.4114381430999,2170.712233436378,2.411662016538279e-13,487.6994871643173,2.411662016538279e-13,det1,computed_linefit,37.90845319593633,343.9028457443553,0.2711057627578701,178.06064490894877,178.06064490894877,122.5009694504741,29.513532651058867,56.023167711903575,0.0130310844901452,68,"(0, 100]",2014
152.11294784354922,-20.797583284118677,1541.6184422506362,3.113442275577916e-13,497.2878291192747,3.113442275577916e-13,det1,computed_linefit,30.386891846158885,163.272842978082,0.2462268696741981,176.81108549988946,176.81108549988946,169.3754473911485,33.083334181946,7.481356493571794,0.1006270481983865,86,"(0, 100]",2014
135.7117480561932,-71.64408889471737,7928.695893984619,4.366225850770097e-13,484.0353600733882,4.366225850770097e-13,det1,computed_linefit,47.78678238241956,110.8256257883429,0.1950848489102257,176.0762354544329,176.0762354544329,6.189269450512269,4.690556503705135,169.9747497709893,0.1612844928074066,125,"(0, 100]",2014
156.66538928126735,139.83533141938403,5658.306654717865,1.797546735911271e-13,507.0953307157699,1.797546735911271e-13,det1,computed_linefit,24.390989143773613,318.5466072515705,0.2551641373256395,178.8220328652056,178.8220328652056,166.94422109500366,29.015259466529518,11.901563102272142,0.0405636507041847,85,"(0, 100]",2014
144.94936270020253,135.39392363425227,5169.409596475678,4.177121143328313e-13,507.4733683518568,4.177121143328313e-13,det1,computed_linefit,36.33244067439293,315.15715679094353,0.2754688098014106,178.71077710317874,178.71077710317874,122.88391214676876,21.64144257530373,55.82694747977481,0.0194464342743996,116,"(0, 100]",2014
142.10439639950476,99.21572202910204,2543.979049487397,3.021269154923701e-13,475.6800844973325,3.021269154923701e-13,det1,computed_linefit,47.27383549688667,275.0471086741955,0.1994874220697359,170.21095880025644,170.21095880025644,28.55035014052266,29.880173691038117,141.685988841211,0.0850851173488711,43,"(0, 100]",2014
160.01662034699342,-60.29190823591028,5570.884203422523,2.2914314707516465e-13,505.7498787098408,2.2914314707516465e-13,det1,computed_linefit,21.740525628683965,124.05525216032548,0.2191782888968979,177.6592510493999,177.6592510493999,130.00232446548364,22.40018478400752,47.72486133900524,0.0177560356384432,185,"(0, 100]",2014
139.75178366101375,101.82746531012484,2413.468798890885,4.1088788676691373e-13,476.8914337376961,4.1088788676691373e-13,det1,computed_linefit,49.96895984331319,279.0916799123483,0.1733913681898716,170.089750844809,170.089750844809,80.45231122121294,38.291514509764525,89.63927719726499,0.0690286650664243,62,"(0, 100]",2014
140.94348165555343,-25.89223193595554,2989.615423381808,4.0194366942304643e-13,495.3412932320124,4.0194366942304643e-13,det1,computed_linefit,39.77466371311593,153.62952984864506,0.2138761294119429,179.22030070631646,179.22030070631646,13.24303532352426,30.04212466252268,166.06342581928368,0.0512876322516414,77,"(0, 100]",2014
151.58450282658657,-62.11567078849492,1858.2447023585949,2.1268859807002749e-13,503.1495904362423,2.1268859807002749e-13,det1,computed_linefit,30.70502963229834,116.20065623088126,0.2756910628300204,177.56465513802866,177.56465513802866,13.283687104189775,25.900067087408974,164.39241437113338,0.0921558864267708,66,"(0, 100]",2014
157.5165457916112,82.65576565544325,2771.6644556553674,2.608766145426361e-13,484.54104288163234,2.608766145426361e-13,det1,computed_linefit,23.66207394932897,265.80632815839607,0.2662325241187987,178.2934323445388,178.2934323445388,42.15130043978956,40.06173840481424,136.73727498527543,0.0202909383933541,49,"(0, 100]",2014
150.7741495778343,77.22327440646686,2960.713052451814,3.113442275577916e-13,463.5188388896441,3.113442275577916e-13,det1,computed_linefit,44.408793922924495,252.06470544803972,0.0786646430816272,164.51720192265572,164.51720192265572,,,,,118,"(0, 100]",2014
166.2760258407828,-167.98598490891388,2272.8070302908577,2.5460839292419616e-13,497.0779438754171,2.5460839292419616e-13,det1,computed_linefit,13.188450560306691,14.766821644433977,0.2597969044411765,179.165195044408,179.165195044408,2.016214959415519,1.9952625195515603,178.36498440768045,0.1836395525360477,197,"(0, 100]",2014
146.11159208115058,140.5236806304839,3153.298983003729,3.113442275577916e-13,506.45738761439617,3.113442275577916e-13,det1,computed_linefit,45.914030747517614,312.82804696963296,0.1225975837923584,167.01969472317546,167.01969472317546,54.56556373448514,23.96624717500516,112.58409666858071,0.0594749804010912,194,"(0, 100]",2014
131.38015604356343,160.37969221376238,4105.861228024226,2.898457019905882e-13,478.1221328285923,2.898457019905882e-13,det1,computed_linefit,60.6616912880664,342.46886235040444,0.1517739664243651,167.83932470348125,167.83932470348125,77.84440938406941,31.17309142344275,90.36929022649008,0.0419037821512915,120,"(0, 100]",2014
158.0458939299281,-86.92838788575986,3421.4811748035427,3.0514067307562664e-13,492.1283345879416,3.0514067307562664e-13,det1,computed_linefit,22.351743970109133,94.515001270827,0.2722255526725126,179.32597257089412,179.32597257089412,102.33368699756784,19.124864392700065,77.06297438235802,0.0095091895915473,171,"(0, 100]",2014
156.28382301648233,28.53705222097261,3565.4653496648016,2.1268859807002749e-13,467.8706222479388,2.1268859807002749e-13,det1,computed_linefit,31.494178798491877,212.76768928176529,0.1676237870462319,171.98325020525692,171.98325020525692,93.43235330752668,23.24633643121766,78.55126130668405,0.0380147374383957,163,"(0, 100]",2014
151.6788098421282,31.732548742032375,2329.2187483853613,2.898457019905882e-13,449.7299946376268,2.898457019905882e-13,det1,computed_linefit,35.660699217786615,208.9982031330169,0.1638478684115552,172.52058601379824,172.52058601379824,52.65075302216571,25.72455945404904,119.99177984792856,0.0509669088120127,244,"(0, 100]",2014
130.71424016317795,108.76394730891371,2347.7514180505977,1.392373714442771e-13,480.674039730426,1.392373714442771e-13,det1,computed_linefit,82.7384215142503,285.5153449991741,0.0886334998336385,146.42196216861856,146.42196216861856,,,,,99,"(0, 100]",2014
141.8987470488804,-89.07219577427782,2023.278469984187,3.792594652930609e-13,460.4860639105758,3.792594652930609e-13,det1,computed_linefit,39.16638463714725,91.52258475788123,0.2442899843984322,178.87200186596388,178.87200186596388,172.41425119884232,45.19419426231244,6.486697282253108,0.1018153404097773,87,"(0, 100]",2014
151.58409794211158,171.73984275161192,3009.3045924421067,2.5460839292419616e-13,485.3163270380836,2.5460839292419616e-13,det1,computed_linefit,30.1785285361287,348.38642595209285,0.1655743730232647,177.59234857137187,177.59234857137187,150.09823747083976,41.61108668767089,27.585947667363516,0.0245029821039533,134,"(0, 100]",2014
138.9230530277264,17.394819285915034,5347.48963070247,2.3437142008433856e-13,410.53303555649455,2.3437142008433856e-13,det1,computed_linefit,51.56613486061551,201.7911389011203,0.1326296502866804,169.044433028492,169.044433028492,93.30752675684089,37.38879981948378,75.87602793972938,0.0541293297967207,321,"(0, 100]",2014
158.92657677635736,-135.93527625732006,2432.8931933600843,1.885282921623116e-13,473.5183921972709,1.885282921623116e-13,det1,computed_linefit,23.221695678298417,47.62567359596095,0.2073933902438582,177.46766399999282,177.46766399999282,30.726173491661665,15.276418815213434,147.09038958362717,0.0521688052325548,156,"(0, 100]",2014
151.3787706709807,127.8083959359766,2895.688752340568,2.898457019905882e-13,506.9023755633546,2.898457019905882e-13,det1,computed_linefit,29.712200442126093,307.6291655781781,0.295049051734238,178.90553883137662,178.90553883137662,167.72194702510225,31.299833351204736,11.191611525600734,0.0651530320227178,69,"(0, 100]",2014
140.62111080106197,124.0685389509012,1883.8606448918545,4.0194366942304643e-13,504.601558232772,4.0194366942304643e-13,det1,computed_linefit,41.96381939767331,302.60349737205024,0.1865818602178913,177.24451680225323,177.24451680225323,105.5770932550812,32.88097851731212,71.72353013414094,0.0311363826811395,35,"(0, 100]",2014
148.93690360890983,8.25829213304234,3112.8521821008803,1.3406493525361334e-13,460.7747256517836,1.3406493525361334e-13,det1,computed_linefit,31.831101701007903,184.52508052137227,0.280641513471825,177.9067454712283,177.9067454712283,169.0172240341618,6.637828086884404,9.7659860826306,0.0449445397277274,66,"(0, 100]",2014
131.64787214359933,-167.32558088096405,3122.577753481662,5.886794035975521e-13,390.1289230438633,5.886794035975521e-13,det1,computed_linefit,52.96680219068761,15.025637656150728,0.1966002263134229,175.04053756944865,175.04053756944865,41.34017644431708,18.51608668580543,133.84244951706896,0.0401596045372128,107,"(0, 100]",2014
131.06566543209573,84.149398769464,3877.4199669203135,3.228085657724633e-13,415.3496579742877,3.228085657724633e-13,det1,computed_linefit,58.68285255404976,263.5644270991851,0.1676932885891348,170.24012921004524,170.24012921004524,132.53416222171248,53.35578952329867,37.73740711733672,0.0598536724793057,109,"(0, 100]",2014
138.78017797733784,44.87624876306469,2160.879556307674,2.1268859807002749e-13,381.9487943146071,2.1268859807002749e-13,det1,computed_linefit,43.95955758392376,225.6598385039632,0.1872778351181233,177.2094603723495,177.2094603723495,163.69129636924615,55.5550030661456,13.570010441713338,0.072919681149001,106,"(0, 100]",2014
137.8422831839051,44.70017402045752,2626.7420054870067,2.411662016538279e-13,376.41276909017614,2.411662016538279e-13,det1,computed_linefit,47.64973712891502,229.87062692776723,0.1978926607193949,173.40920389604318,173.40920389604318,163.37836388815856,89.97706838431128,10.351970879167247,0.1150155317005258,77,"(0, 100]",2014
145.92091901160376,85.14029631767306,2696.955550761639,2.666192676669783e-13,460.4513213111727,2.666192676669783e-13,det1,computed_linefit,38.687837895646254,261.747226661651,0.2192335066618553,174.97240937539738,174.97240937539738,165.83393782451768,56.93909151465937,9.251304806672724,0.1201219957618789,61,"(0, 100]",2014
135.05781604528238,111.49573723437685,4063.5717584203007,3.362902011246897e-13,488.9281892223117,3.362902011246897e-13,det1,computed_linefit,42.27710757269177,289.29244428145074,0.1859426251182038,176.93239746671009,176.93239746671009,31.02587849427939,26.703730186408883,150.78281081741923,0.0583904630428919,59,"(0, 100]",2014
133.4827865221732,28.919626841867696,3036.242372972616,2.411662016538279e-13,362.0457877957933,2.411662016538279e-13,det1,computed_linefit,58.60820072139924,217.40792268633976,0.152651411632998,166.17535615288526,166.17535615288526,104.449530440504,55.49085174278084,62.237587783056526,0.0626148337786156,72,"(0, 100]",2014
139.2515544527201,-29.399244538267386,3207.809556167614,4.1382633578908325e-13,498.499397908238,4.1382633578908325e-13,det1,computed_linefit,43.6467852434046,149.54827850538015,0.2107588966080145,177.01677506191396,177.01677506191396,149.4902314735435,54.53061790453762,27.67141614890173,0.0411699148853131,88,"(0, 100]",2014
138.95685589282152,123.82606229591154,4278.136706556938,4.0194366942304643e-13,504.233598191919,4.0194366942304643e-13,det1,computed_linefit,48.29054745909598,301.28577900679204,0.1948967303658327,172.53700709846433,172.53700709846433,67.86566765438043,48.19049893314696,104.6772340654488,0.0538707824002396,108,"(0, 100]",2014
139.68547475776822,151.14717735755923,3168.52908986204,3.4576501834057014e-13,498.0203403799992,3.4576501834057014e-13,det1,computed_linefit,65.47963887818824,316.21082608439224,0.0687734068671745,152.2758727023969,152.2758727023969,,,,,388,"(0, 100]",2014
130.88226305759665,3.2828949468654134,3235.4692937271207,3.469311768564496e-13,415.55894624876106,3.469311768564496e-13,det1,computed_linefit,50.27578459621218,185.71117759794663,0.2574837410504784,177.81597374625045,177.81597374625045,164.0977834357457,51.9726875525627,14.353220862121342,0.0657735186826229,104,"(0, 100]",2014
147.08368699176987,-72.2041968186418,3119.415523137485,2.681298705072267e-13,492.8317311144921,2.681298705072267e-13,det1,computed_linefit,43.15369510178219,123.79927725358472,0.0795419198375734,165.85390509187786,165.85390509187786,,,,,358,"(0, 100]",2014
147.62866466069798,109.8941626225766,5183.890585544112,1.885282921623116e-13,495.44449075623976,1.885282921623116e-13,det1,computed_linefit,36.57018873796343,284.22784142817784,0.1547319200044572,174.7202294272427,174.7202294272427,60.08073021343054,26.70671730567636,115.04302123367869,0.0297756225249602,194,"(0, 100]",2014
155.65506804899226,105.9453330254387,7936.6679968111075,2.428351918216984e-13,498.0439109985709,2.428351918216984e-13,det1,computed_linefit,25.40533055562285,285.8407098171008,0.2793937942281019,178.93868894341566,178.93868894341566,86.02399213125081,18.26703447424012,92.92674632221046,0.0133922835107251,219,"(0, 100]",2014
141.93463072202147,-48.38966184643299,1910.3268867869765,4.0194366942304643e-13,507.3867304523024,4.0194366942304643e-13,det1,computed_linefit,41.620536122175466,134.3095765467989,0.2202834036763007,176.04721793667537,176.04721793667537,164.86333167155138,54.74898082144886,11.210214643884228,0.1105382542682977,60,"(0, 100]",2014
148.80893752726104,-174.15456065613537,1625.4844813249308,1.4561792860887976e-13,463.2663130012266,1.4561792860887976e-13,det1,computed_linefit,32.31378057177517,5.4773842108717385,0.2377297653423148,178.86070168614503,178.86070168614503,162.4315750162075,20.761369950052007,16.43428213266219,0.0404522753034861,92,"(0, 100]",2014
130.32889282015722,-96.49911147302866,1721.6596175651964,4.62671908852022e-13,410.8292844151412,4.62671908852022e-13,det1,computed_linefit,59.57758719069355,8.28144798151283,0.0891954775785855,119.69741761266556,119.69741761266556,,,,,4,"(0, 100]",2014
159.45879144211375,150.5181699878751,3333.602032967616,2.1268859807002749e-13,504.93862334769534,2.1268859807002749e-13,det1,computed_linefit,24.00364807995867,317.02823581731934,0.1115520533563489,173.84561675665384,173.84561675665384,145.45139340257597,28.47624387969172,29.059436235091542,0.0350955409557636,290,"(0, 100]",2014
141.44627348216005,52.81861961738862,4927.122807026605,1.797546735911271e-13,400.0902616758773,1.797546735911271e-13,det1,computed_linefit,42.49973585440619,233.6205763214057,0.1902052648450996,176.01979919559443,176.01979919559443,25.716086218877297,30.13739148597927,150.49083404721384,0.0628777243979183,162,"(0, 100]",2014
131.079437557664,-101.3957659325384,3292.6671784345344,4.617981178760124e-13,398.3941201169958,4.617981178760124e-13,det1,computed_linefit,56.03411150834239,78.33363710144911,0.1329998590911375,172.88322577374916,172.88322577374916,128.22233188527036,95.3497205203326,44.70533942382953,0.0371231751226367,215,"(0, 100]",2014
137.13060012049013,22.161132423450542,3201.2450508387947,393.3717189334108,4.721768995590352e-13,4.721768995590352e-13,det2,computed_linefit,157.3116281017784,184.24286529461904,0.0904725114827428,64.75412413606489,64.75412413606489,,,,,15,"(0, 100]",2014
158.48698868556988,59.33065854920768,2962.1457054092966,474.861193592606,2.049518613753201e-13,2.049518613753201e-13,det2,computed_linefit,113.43709396830288,248.47977642465145,0.0646270787152929,87.83050815229171,87.83050815229171,,,,,9,"(0, 100]",2014
147.27980113214684,25.36263618185084,5220.94908920126,435.87290456655217,3.8131724593878125e-13,3.8131724593878125e-13,det2,computed_linefit,154.93904916515928,274.32041861549834,0.0984740181766429,47.16367112605285,47.16367112605285,,,,,10,"(0, 100]",2014
130.99940891759957,-87.7499059823099,2650.7255442385976,439.162166584066,5.71269289430398e-13,5.71269289430398e-13,det2,computed_linefit,51.36241986351766,93.05110423424034,0.230949505201518,177.5593885283617,177.5593885283617,0.6837221249804715,0.6020584187159473,176.92017349819477,0.2869544135633987,57,"(0, 100]",2014
159.31442936938234,69.94246560806468,3923.8372285809273,481.38918729780113,2.542114972925208e-13,2.542114972925208e-13,det2,computed_linefit,77.520917009417,280.017799328372,0.1119319291785685,120.04055654158869,120.04055654158869,72.01350261482645,70.7146494991294,49.87776735094371,0.1089101127450234,13,"(0, 100]",2014
145.6107213289869,-37.31065556449981,3554.566071504739,505.6346196868381,1.7053025658242404e-13,1.7053025658242404e-13,det2,computed_linefit,39.31636081486924,128.37741000170843,0.2628308174939418,170.12965011849693,170.12965011849693,14.935729682730663,12.94901907034583,161.43303547944674,0.1362915278299248,13,"(0, 100]",2014
147.03539550070033,139.97703322943153,1701.2659715022792,506.6687193801424,2.542114972925208e-13,2.542114972925208e-13,det2,computed_linefit,72.67353724304654,276.0886728643976,0.0922881500718369,128.62487668762066,128.62487668762066,,,,,29,"(0, 100]",2014
157.3731428335055,22.962677498236214,2972.113199806098,473.6885340411756,2.842170943040401e-13,2.842170943040401e-13,det2,computed_linefit,34.582571717070635,129.14035174190315,0.1132555508902966,145.16297664092565,145.16297664092565,40.94140065384714,56.79265129686736,116.43598557202668,0.0806273528157038,13,"(0, 100]",2014
155.64598968151867,70.89913119376477,1687.582551380095,472.1478103072489,2.3437142008433856e-13,2.3437142008433856e-13,det2,computed_linefit,11.82234710549383,308.9731900542388,0.1072333162269696,159.45033787790967,159.45033787790967,34.65167669341985,28.964752781996165,153.06137235442202,0.0916742034184128,8,"(0, 100]",2014
159.60917933347264,95.4042322311536,3164.916582498239,495.5309610301449,2.3437142008433856e-13,2.3437142008433856e-13,det2,computed_linefit,25.295737808239004,266.5049726233582,0.1744976182003204,174.01309298138156,174.01309298138156,84.19997020434451,55.23712452619935,89.92596943267812,0.0418525271594352,14,"(0, 100]",2014
132.97682073232224,-73.49762240087827,2451.7806262509525,477.972770385328,5.115907697472721e-13,5.115907697472721e-13,det2,computed_linefit,46.65958395487344,111.86674843014816,0.1600263336357112,176.07072485168652,176.07072485168652,163.59961232793935,127.17402360265984,13.507895752694717,0.0717008539982223,28,"(0, 100]",2014
143.30721190792934,137.51547685675445,4313.794733989595,507.1591723921639,4.099037227506402e-13,4.099037227506402e-13,det2,computed_linefit,81.6763067154934,277.96084344272447,0.0853634479543546,124.88484901127572,124.88484901127572,,,,,24,"(0, 100]",2014
142.42364553020073,-18.12264106081052,3359.161476590848,486.2952501120028,2.898457019905882e-13,2.898457019905882e-13,det2,computed_linefit,77.61151627285143,134.66143069002948,0.0456750949645459,134.40361632887655,134.40361632887655,,,,,15,"(0, 100]",2014
140.8830536448486,-63.63075270549175,3574.761846872499,498.3143004670443,2.842170943040401e-13,2.842170943040401e-13,det2,computed_linefit,36.96002701339527,126.26622595008912,0.1587877024403423,173.5378173655004,173.5378173655004,7.922774650107081,4.204682078203708,167.3016855361668,0.117490887717988,21,"(0, 100]",2014
144.5473692736494,39.82866736040011,1856.235540567857,414.07243921646,5.684341886080803e-14,5.684341886080803e-14,det2,computed_linefit,148.47929198456023,308.9731900542388,0.0284470978932148,46.37976157548621,46.37976157548621,,,,,6,"(0, 100]",2014
130.9504692325335,-138.65032961466133,2982.955650223129,332.9029788338028,7.814678090691996e-13,7.814678090691996e-13,det2,computed_linefit,49.237590623196,40.37898700705392,0.278530009575183,179.24212412293403,179.24212412293403,2.209149998172968,4.599202965281896,177.78442356751862,0.1256103963829009,55,"(0, 100]",2014
132.69187491152212,65.91497967119885,2377.573605408201,371.7233779152957,1.7053025658242404e-13,1.7053025658242404e-13,det2,computed_linefit,152.4762755725451,295.1436672007692,0.1723300130991501,67.69724333826731,67.69724333826731,67.06593770508206,69.83968216997796,0.8681341827059417,0.1808093693250242,8,"(0, 100]",2014
143.48883964056205,-44.03607957610605,6553.350041415784,507.4180552424018,3.06111178766429e-13,3.06111178766429e-13,det2,computed_linefit,36.70923041425837,130.45873614614163,0.2849052304024938,176.7117394291502,176.7117394291502,10.288115790351268,12.226926304098107,170.90912372054635,0.092606898560453,25,"(0, 100]",2014
167.13191829639425,-170.49755308813613,2574.396117438059,498.84414808266,1.797546735911271e-13,1.797546735911271e-13,det2,computed_linefit,13.516514574477164,8.422804642525106,0.2828447367273349,179.30635857615994,179.30635857615994,2.2910840360498708,10.588902850696066,177.02722467107924,0.1117872788547729,27,"(0, 100]",2014
142.6082908901329,84.82064719193345,2309.196654364382,451.139899878677,2.7847474288855413e-13,2.7847474288855413e-13,det2,computed_linefit,119.97191039387138,293.64885807705707,0.1112474333858653,93.66623936659808,93.66623936659808,92.38378489366112,81.6128237616602,1.358097864292978,0.1138052249452222,9,"(0, 100]",2014
146.649576715292,31.34961655018321,1813.6221316939443,428.34554742152574,2.898457019905882e-13,2.898457019905882e-13,det2,computed_linefit,137.51987742171374,276.6480052358228,0.11509550932343,62.554165086663865,62.554165086663865,57.851625618858286,64.71831763689153,5.534015067732443,0.1301967998029378,15,"(0, 100]",2014
163.77891466124814,32.65121828492321,4487.610774485731,488.16659413313744,3.410605131648481e-13,3.410605131648481e-13,det2,computed_linefit,87.95389094378191,279.6817884551161,0.086267474615588,98.23446510830652,98.23446510830652,,,,,19,"(0, 100]",2014
165.62660291549597,4.37286218345014,1851.829977600692,498.17115184188685,2.3437142008433856e-13,2.3437142008433856e-13,det2,computed_linefit,86.15396349965572,270.32994637126114,0.0328639984407979,94.72874211923887,94.72874211923887,,,,,25,"(0, 100]",2014
141.3460071317602,149.07954092501106,2783.876894810247,500.6262164347309,2.7847474288855413e-13,2.7847474288855413e-13,det2,computed_linefit,38.23411554004335,325.30463150183505,0.2492840496096673,177.61597421162472,177.61597421162472,90.58496162530189,34.542908654469706,88.53758422143916,0.0345598812472099,14,"(0, 100]",2014
130.38628503690234,93.35106572063614,3068.366387229966,441.1858868038233,2.7847474288855413e-13,2.7847474288855413e-13,det2,computed_linefit,129.28268156884067,134.42500472317428,0.0180233058527131,31.273620545297884,31.273620545297884,,,,,13,"(0, 100]",2014
165.75088980204734,-87.97008268340177,4866.388268061997,500.6227037552113,2.049518613753201e-13,2.049518613753201e-13,det2,computed_linefit,13.061168767272552,98.9073153500656,0.3134226079816607,177.9901743780007,177.9901743780007,1.790405251918492,1.3646932180511504,179.286570582623,0.192901493068748,66,"(0, 100]",2014
133.99216488565062,151.4458607106036,3058.586555720657,495.3480361693325,2.049518613753201e-13,2.049518613753201e-13,det2,computed_linefit,36.33797377022828,343.945781886907,0.2953113603133306,167.33981974043033,167.33981974043033,166.95263984210237,73.87643024892311,1.124238085216204,0.074751649941719,7,"(0, 100]",2014
145.9322006801689,176.21151951405685,2826.627762400242,469.9152386361589,2.3437142008433856e-13,2.3437142008433856e-13,det2,computed_linefit,34.32087769867645,355.13988483704765,0.2271797755701459,179.34673537730177,179.34673537730177,79.76852888131258,17.97046414184008,99.72685574600874,0.0104319138162359,72,"(0, 100]",2014
157.85986374466066,40.93605944683425,4355.109031540655,470.2930903470995,2.842170943040401e-13,2.842170943040401e-13,det2,computed_linefit,133.0301271244683,308.9731900542388,0.0736848662923541,51.49147254829136,51.49147254829136,,,,,4,"(0, 100]",2014
151.80496852022034,125.84379712208704,4653.036638850771,506.4509565709212,1.1368683772161605e-13,1.1368683772161605e-13,det2,computed_linefit,51.6641565133984,292.05179872032284,0.1037463168803847,155.03820954944592,155.03820954944592,130.8603366786494,117.51389985749024,24.178926453522912,0.0710023974051822,43,"(0, 100]",2014
143.6060600998523,117.88788196591427,4872.561697333766,500.7683398747757,1.1368683772161605e-13,1.1368683772161605e-13,det2,computed_linefit,35.217215387927816,300.43361806072784,0.1612428191274535,178.10208716243594,178.10208716243594,28.460478692625085,35.64027181908364,153.24863168250857,0.0596710238186941,25,"(0, 100]",2014
157.39709672737354,13.994944187958447,2967.0225850468264,478.5753844557844,3.06111178766429e-13,3.06111178766429e-13,det2,computed_linefit,116.6709408567546,210.6321137782745,0.0588955428095504,85.10564534641067,85.10564534641067,,,,,29,"(0, 100]",2014
146.00178293591063,-161.92861169320784,3194.500501450544,438.3950811608533,2.542114972925208e-13,2.542114972925208e-13,det2,computed_linefit,36.598166342724674,11.522171781626822,0.1739145461862401,175.41159486325478,175.41159486325478,45.03662099582194,14.062368228558356,131.0396525167214,0.0362751398445275,83,"(0, 100]",2014
160.52712599183016,9.922520822745945,1649.8298005508136,487.7893304482128,2.842170943040401e-13,2.842170943040401e-13,det2,computed_linefit,86.6004871746514,239.09760971771837,0.0741548923872269,105.87007435514128,105.87007435514128,,,,,6,"(0, 100]",2014
132.7521403236574,-123.18266160154332,6288.465611153852,354.3978453448944,3.410605131648481e-13,3.410605131648481e-13,det2,computed_linefit,47.58298273312344,56.861495788774526,0.2871952051149952,179.66330355852236,179.66330355852236,2.4444441454027213,16.181814660530925,177.22364995814783,0.0830631939418187,72,"(0, 100]",2014
132.17884534397788,-120.31064343883466,3037.1703844742283,355.7780564354958,4.687428401686771e-13,4.687428401686771e-13,det2,computed_linefit,48.065398139645154,57.83417611641226,0.2957777414288248,178.60110530948356,178.60110530948356,5.219003836119396,4.309233728780874,173.78900095116336,0.081323536007541,72,"(0, 100]",2014
138.41340516028143,-168.96193910337308,2730.2761889378216,421.1073236434658,3.4576501834057014e-13,3.4576501834057014e-13,det2,computed_linefit,38.56342203788508,8.936821864962548,0.1911934270814781,176.68832677527914,176.68832677527914,2.638885434957432,4.308926332923724,178.42773572675267,0.0672076502421573,54,"(0, 100]",2014
147.29726719088154,49.6155586019705,7318.721478998147,428.0869314312968,5.684341886080803e-14,5.684341886080803e-14,det2,computed_linefit,150.34506473852872,192.23088316395032,0.0947196036098803,58.74393166924749,58.74393166924749,,,,,16,"(0, 100]",2014
131.48654052537609,92.5953506918224,3005.2169576230945,441.3891025709762,3.410605131648481e-13,3.410605131648481e-13,det2,computed_linefit,156.36121718317574,191.61177528616335,0.0408092052600657,55.9589960960705,55.9589960960705,,,,,14,"(0, 100]",2014
138.06624490072332,-131.0357692087996,2613.9418983531687,378.63816487109614,6.53081161378626e-13,6.53081161378626e-13,det2,computed_linefit,42.43902234812569,49.00552703700276,0.2788637244753211,179.49397228498492,179.49397228498492,3.286643935850222,4.12968947201566,176.22642997099453,0.1679931075003721,60,"(0, 100]",2014
138.66690087258647,-45.23515230697469,3930.77994621357,507.5103637542013,2.3437142008433856e-13,2.3437142008433856e-13,det2,computed_linefit,44.74808389698296,137.15361220153008,0.2270012953760955,176.21628101344564,176.21628101344564,49.17820900407527,46.451293005822,127.04857818727125,0.0457594448191795,16,"(0, 100]",2014
153.8425615306025,-67.1174718314622,2637.953814880604,501.1558764466248,3.8131724593878125e-13,3.8131724593878125e-13,det2,computed_linefit,26.869269789644395,113.36870320760036,0.2465121513943697,179.2558236587917,179.2558236587917,2.2350121241138154,1.845779248571424,177.02135125649338,0.1228801681387556,47,"(0, 100]",2014
162.24905030138152,149.7359338316252,2826.547600444408,505.7487887169178,3.06111178766429e-13,3.06111178766429e-13,det2,computed_linefit,19.34206960339856,338.248460339987,0.2660499949666378,176.86348553444188,176.86348553444188,8.976775554879477,16.60345071106111,169.35593254300798,0.1370228410812745,7,"(0, 100]",2014
134.2946499970686,6.764927995179647,1847.9301109818853,416.7526604820361,3.06111178766429e-13,3.06111178766429e-13,det2,computed_linefit,140.70261027955945,252.07923451993543,0.0651713852097501,69.44510136493588,69.44510136493588,,,,,9,"(0, 100]",2014
135.10207364485035,-24.135534565197226,5682.978635676022,489.4819472851611,4.889855783314162e-13,4.889855783314162e-13,det2,computed_linefit,147.26367215179974,248.36978712152168,0.0564636608425312,52.22665324809429,52.22665324809429,,,,,36,"(0, 100]",2014
140.50613014356526,-76.80402882463821,6137.313176630285,480.067626151704,4.582862941503293e-13,4.582862941503293e-13,det2,computed_linefit,40.50641880749535,106.14862872316216,0.2697213043732526,177.84907910937474,177.84907910937474,13.861127202919706,19.303627317775767,164.38147827707405,0.0385425947676841,66,"(0, 100]",2014
137.4934891628195,-125.4225275249406,5986.580274480447,379.431131049901,6.53081161378626e-13,6.53081161378626e-13,det2,computed_linefit,42.93628965963065,52.55334597316073,0.2612703259174275,178.56113153923314,178.56113153923314,2.330365699533281,2.185775681432806,177.05034536936554,0.14526369421815,104,"(0, 100]",2014
147.44773418722852,-51.413109356354965,2132.8797363998333,506.9113462748687,3.9382275817135387e-13,3.9382275817135387e-13,det2,computed_linefit,32.35409044624101,128.27895928400608,0.2789058002758718,179.7419744891523,179.7419744891523,2.1677926836308745,2.28165721753298,178.0721004310548,0.142424773403441,37,"(0, 100]",2014
136.52239943939054,34.228523795061854,1622.7176190267703,1.797546735911271e-13,373.022737187209,1.797546735911271e-13,det1,computed_linefit,68.51463756153726,212.1992242880249,0.0758768789982392,154.9086556085517,154.9086556085517,,,,,152,"(0, 100]",2015
149.84104386917787,-115.45863976006626,2597.5783461793485,2.953670686285155e-13,447.8958807585056,2.953670686285155e-13,det1,computed_linefit,31.59431384645454,68.17034308834744,0.2048127307092323,177.64923670209944,177.64923670209944,170.11512199672052,22.68067858984562,7.872122862521398,0.0877937976824915,124,"(0, 100]",2015
133.59451717422974,-61.42285744390562,7645.200312220457,2.411662016538279e-13,498.1946753995024,2.411662016538279e-13,det1,computed_linefit,50.38180699447449,121.34795772790427,0.1851215272947267,175.51699144964658,175.51699144964658,140.60195514293483,33.59924644451084,34.97022575420146,0.0371224182475141,224,"(0, 100]",2015
138.4743154900887,-121.11783975258992,2501.511182488344,4.889855783314162e-13,389.7413787947503,4.889855783314162e-13,det1,computed_linefit,48.331332249571794,58.34705042538013,0.1244069148651122,173.18391756185554,173.18391756185554,160.05792883953927,123.51361170150032,13.160406576563473,0.0786893392737695,223,"(0, 100]",2015
149.27538794247744,-70.31763305232724,2243.324785434663,4.366225850770097e-13,496.2766783730411,4.366225850770097e-13,det1,computed_linefit,32.089924843033444,110.94860099248004,0.2518230308749247,178.4836585938925,178.4836585938925,168.1333081988129,29.1298906092368,10.377321013876598,0.0762564955524009,116,"(0, 100]",2015
143.0470118465233,-168.44593663525546,1571.8441487250516,2.9673135796061134e-13,437.0139062742237,2.9673135796061134e-13,det1,computed_linefit,36.45016278012529,12.057945807744128,0.2830727350786066,179.4138968341294,179.4138968341294,54.9402278280518,9.919659412272395,125.5361632657859,0.0129013457822735,106,"(0, 100]",2015
131.96826112454116,-74.26222001299391,2835.9056621131417,3.5040636720219573e-13,475.3304436329149,3.5040636720219573e-13,det1,computed_linefit,52.16271625336454,107.1469562659814,0.1913376553502053,175.73010527623876,175.73010527623876,147.58933093580333,46.16110084978135,28.141160075908346,0.0546878172084674,170,"(0, 100]",2015
164.00575129599207,-132.7974728572557,3685.8102120220415,1.392373714442771e-13,487.9011893758893,1.392373714442771e-13,det1,computed_linefit,15.833639784358258,50.9404060863193,0.2778408996929264,178.96276943531342,178.96276943531342,8.017018776238691,8.522913594134998,172.2589387750947,0.0377217970719929,125,"(0, 100]",2015
144.37182383677566,52.56476072186613,1955.8467916045504,4.0194366942304643e-13,415.0820719080275,4.0194366942304643e-13,det1,computed_linefit,39.36332091254792,231.28213261123832,0.1957467036248345,176.18430515338952,176.18430515338952,164.83892098223367,58.40450614428261,11.405604315646904,0.0812620981150766,66,"(0, 100]",2015
136.56093024861124,-7.470064845463957,3095.969435298437,2.21980646867526e-13,458.3465400109998,2.21980646867526e-13,det1,computed_linefit,30.790610405486078,191.63316811358024,0.2413627407023534,163.00863395182324,163.00863395182324,1.9479403443712289,2.459781081396327,164.90947345112517,0.2892605822872638,11,"(0, 100]",2015
138.03689390147036,-159.58341132590454,5332.821786072484,2.898457019905882e-13,400.6659346529229,2.898457019905882e-13,det1,computed_linefit,43.93670389358928,20.906087628561657,0.2337238415815564,177.99843128862926,177.99843128862926,141.10368916663072,26.41235968040276,36.89577109687291,0.0336664512926142,143,"(0, 100]",2015
133.46332470999943,147.06031216999148,2282.232807288253,2.898457019905882e-13,500.47631684434026,2.898457019905882e-13,det1,computed_linefit,56.75909394639503,326.2455364729102,0.1419249252502284,169.75778423556525,169.75778423556525,144.7263776544791,42.640008904417954,25.038459967278804,0.0709373259486138,232,"(0, 100]",2015
150.605319769576,120.7912122895712,3120.8439705510423,2.4777471841961613e-13,504.42967741171856,2.4777471841961613e-13,det1,computed_linefit,29.81053890442835,294.205404195922,0.2325864786106468,176.72167751391686,176.72167751391686,159.069292103277,25.242437824896196,18.478723844094,0.0408343500733948,139,"(0, 100]",2015
166.72437799267564,88.13673279578052,1984.2799140501115,2.4624176050968256e-13,500.66825751058514,2.4624176050968256e-13,det1,computed_linefit,12.34435437862731,253.5293711038813,0.2050694441297111,176.64007618145996,176.64007618145996,173.89083796767096,11.661282999203683,4.048900228544029,0.1147154094553514,84,"(0, 100]",2015
153.9246894276669,123.79470956558193,2189.2245173789206,4.366225850770097e-13,506.0566728595264,4.366225850770097e-13,det1,computed_linefit,27.74507020024892,299.46964067450455,0.2813697462979506,177.42803240676716,177.42803240676716,152.47468556959114,22.78367798739901,25.18930686296364,0.0359448030303349,62,"(0, 100]",2015
143.63377116481055,91.57310620384494,3511.2933627986736,1.3067999416982105e-13,465.4964045158065,1.3067999416982105e-13,det1,computed_linefit,46.08748912918893,255.46317473846344,0.0692112182357032,165.66551335976555,165.66551335976555,,,,,121,"(0, 100]",2015
141.3648984799709,-131.60892728735664,3827.328936363231,4.617981178760124e-13,397.1213865455487,4.617981178760124e-13,det1,computed_linefit,40.4246238512178,45.436601650618975,0.1853522112255806,177.40452125442454,177.40452125442454,161.1480561416321,27.480036401722764,16.599756996465484,0.0580690489673887,135,"(0, 100]",2015
132.30264279963788,-139.6168778572862,4802.92221561385,3.5040636720219573e-13,342.192343616965,3.5040636720219573e-13,det1,computed_linefit,54.44932054233834,38.901045956063705,0.184657051586446,173.1506354132456,173.1506354132456,81.74171408165348,21.131031794420625,91.52968207079988,0.0350587785851445,105,"(0, 100]",2015
135.13649760786237,-108.1551218182562,8374.303714137342,4.366225850770097e-13,396.95115574188105,4.366225850770097e-13,det1,computed_linefit,45.83190284087843,70.02539714792759,0.1363366997504696,178.38354759868628,178.38354759868628,28.24107409768128,19.1959009132798,150.66820880149422,0.0418002984630537,176,"(0, 100]",2015
155.72875546033342,-156.80754220365637,4761.436951581077,1.0247593068766007e-13,468.4102480818129,1.0247593068766007e-13,det1,computed_linefit,26.4311616039354,15.323099657473207,0.2337717614410344,176.00198112706542,176.00198112706542,12.987044697682446,9.423066186936795,164.67064832278535,0.0852077431871126,130,"(0, 100]",2015
135.85690018047538,-48.81239361821709,5771.175341840528,4.617981178760124e-13,507.2679390066042,4.617981178760124e-13,det1,computed_linefit,48.425621786211536,132.21514342652597,0.1502153695573939,175.6536679766184,175.6536679766184,82.75118438936317,29.18118211750041,92.90258808462087,0.0297814338866176,142,"(0, 100]",2015
134.01825766354398,-150.02719027311423,4089.509598607949,7.30166935833559e-13,363.2314080496789,7.30166935833559e-13,det1,computed_linefit,45.930666891653466,28.870882282835517,0.2364448645119997,179.20628600802743,179.20628600802743,176.93352555163108,32.53367998856647,3.072937754370379,0.1486941858662445,76,"(0, 100]",2015
137.54463930636896,108.55539778703252,3175.255749732672,2.4777471841961613e-13,486.02596538631457,2.4777471841961613e-13,det1,computed_linefit,42.34690624675127,287.47715699299005,0.1611351276874738,179.26488587322115,179.26488587322115,24.57954331985325,31.039766293849915,155.46417738611814,0.0500299289107052,59,"(0, 100]",2015
145.04210995933477,99.38096421131684,5148.270769778777,1.885282921623116e-13,480.1778904196897,1.885282921623116e-13,det1,computed_linefit,40.69221543199207,277.64115576710424,0.1622551078199233,174.16775218090086,174.16775218090086,102.07264655616606,30.299874891302057,72.09903570880263,0.0392690121261571,155,"(0, 100]",2015
132.460352517786,4.494090744757333,7699.750689720011,5.859285502108464e-14,416.9415733577877,5.859285502108464e-14,det1,computed_linefit,52.87709011316795,186.06080790835847,0.213085789041125,174.52878155908695,174.52878155908695,130.2791981967836,35.88480481957205,44.25739699749879,0.0414356058074123,327,"(0, 100]",2015
142.65187740333965,-156.67536850801088,4360.577010745146,4.475855276957538e-13,417.54422567275583,4.475855276957538e-13,det1,computed_linefit,39.158962129374274,23.555038686591026,0.2062446137232056,178.18355282399085,178.18355282399085,172.3033793477709,52.12067634570014,5.883466232362191,0.1002331999620527,174,"(0, 100]",2015
141.58580347302484,-134.5350239847647,5297.684982881275,2.411662016538279e-13,397.64513986093607,2.411662016538279e-13,det1,computed_linefit,44.974769238362725,44.13546438817856,0.1545463615588491,173.3804036249342,173.3804036249342,41.87173423416221,22.840981120826903,131.5321161002465,0.0647126411994406,409,"(0, 100]",2015
151.4179203012373,179.9010878925542,2354.0112032814905,3.5612299842971617e-13,476.40599108698336,3.5612299842971617e-13,det1,computed_linefit,42.98079538433496,5.969838886211607,0.0938155458199818,165.18597705579904,165.18597705579904,,,,,46,"(0, 100]",2015
130.58298632732675,-169.11185438467376,3165.799835255349,2.9673135796061134e-13,391.0206263183608,2.9673135796061134e-13,det1,computed_linefit,56.76078692623261,14.34048977317432,0.0972239425852176,172.15641766100163,172.15641766100163,,,,,134,"(0, 100]",2015
168.72106239341886,62.90690758319416,3778.4549618230535,2.21980646867526e-13,498.8285324256204,2.21980646867526e-13,det1,computed_linefit,11.043120187034972,246.8382580859696,0.2822190772487302,179.20349635392478,179.20349635392478,149.36698525266985,16.251945163950413,30.80173431317685,0.0186885113193741,277,"(0, 100]",2015
154.25025465587103,-165.41272318915634,2229.5698459147043,2.411662016538279e-13,469.5910073829849,2.411662016538279e-13,det1,computed_linefit,28.113057805607863,12.19455271055236,0.2312087782493065,177.4004887847059,177.4004887847059,37.53357974851532,23.60078414257572,139.95288848824376,0.0203484453175493,171,"(0, 100]",2015
160.29536380354114,123.47345681927068,2304.441517285024,2.4777471841961613e-13,506.6135456416429,2.4777471841961613e-13,det1,computed_linefit,21.77824077915561,295.7533251531639,0.2624882361338159,176.57255845264854,176.57255845264854,19.323143430394797,14.295113628414027,157.918619187845,0.03440409274647,77,"(0, 100]",2015
142.5785608386959,-166.7032895110563,2111.6640629725625,1.9065862296939058e-13,432.38416890255166,1.9065862296939058e-13,det1,computed_linefit,41.24556825834806,12.841604624638803,0.1391883730031615,176.1650288092561,176.1650288092561,51.37846196451719,18.430008127992945,124.81847516998228,0.0357165102844329,268,"(0, 100]",2015
130.3921510031192,-173.2935624978565,2261.1309785172443,3.907339045345998e-13,403.1748699142957,3.907339045345998e-13,det1,computed_linefit,62.88645223780258,6.5550637723349645,0.1164295852458583,166.72080657533945,166.72080657533945,105.9501511549514,33.6457543760607,60.78304524873617,0.0442734938872658,73,"(0, 100]",2015
164.72224706576168,-119.25204644948846,1535.4685158677753,3.1263880373444413e-13,491.0898131807922,3.1263880373444413e-13,det1,computed_linefit,16.42284822530489,71.52710796711419,0.2450648671866895,176.84657820272514,176.84657820272514,5.817518480314132,6.630801531401419,171.6337034304403,0.1161304353049417,78,"(0, 100]",2015
159.88959911363787,-79.56787566290176,3232.6674434464926,3.293118375681976e-13,498.3195119965551,3.293118375681976e-13,det1,computed_linefit,21.3008188388014,102.33877772316434,0.1969356181504492,178.63210087566637,178.63210087566637,149.7786755164514,21.40404209362036,28.90958768693324,0.03049267298987,293,"(0, 100]",2015
138.32714928853323,-139.65338843177602,8924.869953395171,4.889855783314162e-13,379.5259771463841,4.889855783314162e-13,det1,computed_linefit,44.95958689507411,41.0481111605518,0.222559677089375,176.67826056969068,176.67826056969068,120.94058567691968,29.334587542887903,55.817171614568245,0.0325053316722156,201,"(0, 100]",2015
146.2523367682357,-94.15629560144706,3759.8564605133074,3.730180182062295e-13,462.1861746666437,3.730180182062295e-13,det1,computed_linefit,34.57610130216606,88.38919748634723,0.2312960247402418,178.3480512383461,178.3480512383461,146.8185229714563,19.970877845021448,31.932395296854725,0.03130881286811,169,"(0, 100]",2015
139.19682638285732,8.280914830703358,1551.1427563489417,1.392373714442771e-13,429.98936845419,1.392373714442771e-13,det1,computed_linefit,45.81511023007039,190.14800655426376,0.1924698895244264,174.82747144992646,174.82747144992646,164.63384075011726,56.28268465285996,10.195284977656293,0.1138326908060944,67,"(0, 100]",2015
143.66620800420318,-22.454523266223003,4021.756098132214,1.2710574864626038e-13,492.9744873292945,1.2710574864626038e-13,det1,computed_linefit,39.23299378768045,160.61850042845234,0.2452476557996079,176.54382500406427,176.54382500406427,117.154720863652,23.178129685634705,59.70009157315398,0.0294117161607132,227,"(0, 100]",2015
130.6683149712967,-90.49291754651546,2166.664359408631,5.038344255932498e-13,430.2748645700642,5.038344255932498e-13,det1,computed_linefit,54.38702191117195,92.8926692564349,0.2030185959233916,174.28748839996305,174.28748839996305,161.2860643284209,46.7648937510635,13.105946392441584,0.1032332211199474,98,"(0, 100]",2015
152.43837338246593,-102.28320145674148,4219.854488694982,3.1263880373444413e-13,468.5122966662336,3.1263880373444413e-13,det1,computed_linefit,30.17903074096232,80.27863653347659,0.1925441720602709,177.10557234164176,177.10557234164176,86.44121213861911,16.193831566465377,90.74980176986732,0.0199103514229403,145,"(0, 100]",2015
141.0147901581783,-58.493416257939785,3613.294870596349,2.4777471841961613e-13,502.90870378479286,2.4777471841961613e-13,det1,computed_linefit,40.85028871146076,124.92872799789988,0.2847946478169095,177.11944353570425,177.11944353570425,11.806012816208304,33.204132164688666,165.787329583675,0.0644335536474826,132,"(0, 100]",2015
152.65180343131277,-171.0469619022468,1822.947120064068,3.9202388461870107e-13,470.0497720785539,3.9202388461870107e-13,det1,computed_linefit,28.13109884033309,10.08287923478556,0.2747065931368464,179.05689978540005,179.05689978540005,14.086685412127236,7.411250501252745,165.2063451839208,0.0409048789439357,110,"(0, 100]",2015
151.28540975468994,59.9146822359667,3698.556080397541,2.666192676669783e-13,450.3072593713284,2.666192676669783e-13,det1,computed_linefit,32.75588228234204,236.9215974622834,0.2282545155391816,175.6800038561153,175.6800038561153,142.3122994461214,29.054789144229705,33.463022663386475,0.0476166852141355,231,"(0, 100]",2015
131.00602061495255,-149.04397099062854,3021.806239150344,6.148555841259604e-13,343.6479840732347,6.148555841259604e-13,det1,computed_linefit,76.29081960264074,29.808616588225537,0.0736077053567794,152.6847990266321,152.6847990266321,,,,,217,"(0, 100]",2015
159.76357073308534,-130.36606106246904,2714.053371417443,2.411662016538279e-13,476.4656361434453,2.411662016538279e-13,det1,computed_linefit,21.83767843350508,52.156584426949046,0.2358802211449633,178.1607655604778,178.1607655604778,8.173905247699832,9.012823764523864,170.13533855971875,0.064138367090951,140,"(0, 100]",2015
157.08620034398845,110.26933763501955,5241.805506546623,2.912358572177595e-13,501.3766872240564,2.912358572177595e-13,det1,computed_linefit,23.896016410559454,288.0921472116751,0.2747268183066233,178.69144863589773,178.69144863589773,146.470473262415,31.475128643753624,32.31898289155311,0.0206155600801179,127,"(0, 100]",2015
166.12868721302618,-161.9901495997421,2189.9302275054965,1.9895196601282805e-13,495.5354326141261,1.9895196601282805e-13,det1,computed_linefit,12.230246665739136,13.552793917071565,0.2687377148126268,178.076030887809,178.076030887809,1.4612601874118545,1.2155702136950512,179.38450087768302,0.1808066925136606,80,"(0, 100]",2015
143.79644006665671,-96.5053972088166,6903.817634005385,4.655004020764636e-13,451.9291903985685,4.655004020764636e-13,det1,computed_linefit,36.53501544067086,85.53329965090238,0.2337274912055183,178.74651396520994,178.74651396520994,152.69942712876576,58.180827889057326,26.642542866671405,0.0241112614430689,146,"(0, 100]",2015
166.7061641115119,-153.25836236707585,4862.824711128065,495.0819978557103,3.9382275817135387e-13,3.9382275817135387e-13,det2,computed_linefit,12.746971115789892,36.67845919313432,0.2715712645262683,177.69848688858085,177.69848688858085,3.6506504736816416,5.890604201255758,174.44393403457616,0.0697100349848066,56,"(0, 100]",2015
142.2409530807664,33.39592970982444,5315.316139349082,405.31933759310647,1.7053025658242404e-13,1.7053025658242404e-13,det2,computed_linefit,104.98029607255512,195.85326482646207,0.0891882427780527,111.07951196093008,111.07951196093008,,,,,8,"(0, 100]",2015
147.2196509822481,160.08297857942088,3293.349479284027,492.7388285311517,3.639754730461873e-13,3.639754730461873e-13,det2,computed_linefit,42.61379036267135,332.4403786304847,0.2067703042796359,169.12833862232324,169.12833862232324,7.157024760614085,5.264151603771127,162.01342826719545,0.1688660236253689,13,"(0, 100]",2015
145.23822174431635,-174.63833334745323,5364.300226810439,454.0942052886226,2.411662016538279e-13,2.411662016538279e-13,det2,computed_linefit,34.85769465195753,7.653552856733379,0.3001826921289924,178.68821819709484,178.68821819709484,176.58737217200013,34.0642263276778,2.9724936005852376,0.1139016571443159,74,"(0, 100]",2015
139.20689078408904,127.19958087386236,4575.4784694507525,506.0970419845835,1.1368683772161605e-13,1.1368683772161605e-13,det2,computed_linefit,53.623724872954064,276.4407167675936,0.1177546530227916,154.29431407751986,154.29431407751986,66.88320457883302,57.3834507846262,89.19592404272112,0.0605748933221423,33,"(0, 100]",2015
160.88661982402505,34.34388511241037,3319.864485119673,480.4094877503206,1.797546735911271e-13,1.797546735911271e-13,det2,computed_linefit,43.23554352880912,206.8982833898488,0.0442562876731953,155.61405586648445,155.61405586648445,,,,,13,"(0, 100]",2015
143.23209581919642,56.24734786744204,7911.903757432625,411.8956626625725,2.3437142008433856e-13,2.3437142008433856e-13,det2,computed_linefit,104.40856964020868,264.808104453244,0.0797985319877483,108.05109511445792,108.05109511445792,,,,,16,"(0, 100]",2015
153.44097302445115,139.07445375919826,5213.207432120375,507.1078254173671,2.049518613753201e-13,2.049518613753201e-13,det2,computed_linefit,55.13676806024849,286.27686787634576,0.0513357561601437,145.0533650546738,145.0533650546738,,,,,28,"(0, 100]",2015
150.68904961942246,-98.39036062601774,3056.982441499724,467.91299511883824,2.842170943040401e-13,2.842170943040401e-13,det2,computed_linefit,28.02805553497766,85.33559142605004,0.2497243610508747,177.8002695286635,177.8002695286635,7.067898360924545,15.45312406888649,171.3963633376771,0.0454805332441762,54,"(0, 100]",2015
134.44028129389372,151.7972823440972,3911.9239330138257,495.0604757355941,2.842170943040401e-13,2.842170943040401e-13,det2,computed_linefit,78.12990028981521,288.41775423974167,0.0561440735995411,130.68185627061877,130.68185627061877,,,,,40,"(0, 100]",2015
152.49352028927595,1.55269020737439,2391.579194187417,477.0660460886783,4.889855783314162e-13,4.889855783314162e-13,det2,computed_linefit,112.74116533789872,164.90466816299784,0.0453897140916119,93.73949330399182,93.73949330399182,,,,,11,"(0, 100]",2015
137.46277003869935,-95.35019971923118,1591.4371233324173,435.9545956781982,4.582862941503293e-13,4.582862941503293e-13,det2,computed_linefit,42.66543225466383,86.1928382883565,0.2276945182136852,178.94770762714927,178.94770762714927,2.400507718751401,1.4757738204195998,176.79266636061865,0.1435978462658717,69,"(0, 100]",2015
145.1994221177644,133.8922433548833,2311.8181240181284,507.5371300586936,2.542114972925208e-13,2.542114972925208e-13,det2,computed_linefit,46.81993646247111,309.08869779343723,0.1077931964845349,167.58487550589228,167.58487550589228,140.8070862319525,94.25933227886767,26.99596416355977,0.0496907449220209,13,"(0, 100]",2015
168.6554392894353,164.75939336325874,5088.914708099169,504.9177538293056,2.898457019905882e-13,2.898457019905882e-13,det2,computed_linefit,8.81506970467281,325.7756135086205,0.1569035628043726,175.85639779687006,175.85639779687006,174.35715217496434,6.968445823581971,2.445648423135265,0.0849333804592076,70,"(0, 100]",2015
152.41000958205765,-25.03540167302933,2051.682106282638,500.4513134086926,3.8131724593878125e-13,3.8131724593878125e-13,det2,computed_linefit,64.17935806096159,141.50838344871687,0.1167872792691142,142.3243470083551,142.3243470083551,129.3822208836762,107.79785032294586,13.27052860527165,0.1016475765117884,9,"(0, 100]",2015
143.8907342702753,174.97631840965383,3774.162579843488,467.7779510787092,2.049518613753201e-13,2.049518613753201e-13,det2,computed_linefit,35.76841777298338,354.14336476879106,0.2496888267426891,179.40403706501573,179.40403706501573,2.024416672919514,2.3495058878275934,177.74417764296612,0.1825970388885139,53,"(0, 100]",2015
138.36731660661738,75.67967599124984,3355.0694940016424,419.0763476672148,1.607774677692186e-13,1.607774677692186e-13,det2,computed_linefit,95.7368924453455,308.99119474474406,0.1009742027119488,108.67661535924556,108.67661535924556,95.61406206724958,89.615815600551,15.602933316703917,0.1067274676267266,7,"(0, 100]",2015
150.46233789698744,-158.39786589093035,6460.113705309409,451.5225930069685,4.1382633578908325e-13,4.1382633578908325e-13,det2,computed_linefit,29.836837477641268,24.14329794975005,0.2458397952901274,178.70646906371496,178.70646906371496,7.936617436446597,12.128791429757744,171.09606435552828,0.0549248522428261,70,"(0, 100]",2015
153.50423102608792,-113.87421846017052,1878.047833848932,462.1863060619957,3.639754730461873e-13,3.639754730461873e-13,det2,computed_linefit,26.80203801839665,70.65978454602052,0.2069896048886232,177.94391607227405,177.94391607227405,2.300618239293448,1.239734669304024,176.45583079846938,0.1029047776879066,27,"(0, 100]",2015
137.65481504209464,-114.24377985723804,2842.246816522895,396.09910675762825,4.721768995590352e-13,4.721768995590352e-13,det2,computed_linefit,41.68347817513304,69.1794033146573,0.2251946778845256,177.61540683563987,177.61540683563987,4.108206186360198,3.706452315080015,176.37736046286958,0.1911751162913607,71,"(0, 100]",2015
134.98733326478012,-9.296816288588342,1629.105798089039,459.6670915391289,1.2710574864626038e-13,1.2710574864626038e-13,det2,computed_linefit,73.17959406599232,148.9774834037966,0.0550296839683504,146.45853883617315,146.45853883617315,,,,,10,"(0, 100]",2015
131.39457866400147,45.37882693484356,1726.1902142556612,335.9166896207609,2.049518613753201e-13,2.049518613753201e-13,det2,computed_linefit,149.92038351375385,275.1408147513632,0.0835273816833255,70.77274560589095,70.77274560589095,,,,,10,"(0, 100]",2015
152.96763682088445,139.54771152702654,3773.61509231644,507.0107936161594,2.7847474288855413e-13,2.7847474288855413e-13,det2,computed_linefit,139.12506000567987,249.01688983360293,0.0503161521301385,54.94239718277582,54.94239718277582,,,,,57,"(0, 100]",2015
133.56365438687493,109.06497144319135,4659.368719613823,483.61148028406745,3.410605131648481e-13,3.410605131648481e-13,det2,computed_linefit,104.89667656443362,232.6621548431125,0.0497452880946393,102.14110262013054,102.14110262013054,,,,,31,"(0, 100]",2015
133.981920606793,-32.960301923130395,3563.013518486061,500.66783749906375,5.115907697472721e-13,5.115907697472721e-13,det2,computed_linefit,63.03931839489819,144.5393459757855,0.1796615829546418,162.85965148022493,162.85965148022493,118.9726399028441,110.20245807448622,45.06611984517316,0.088063783092562,12,"(0, 100]",2015
161.07509112816092,53.10208406564667,3834.032359848161,480.8990015452282,2.842170943040401e-13,2.842170943040401e-13,det2,computed_linefit,86.76371976616942,280.130600490788,0.0491590396013409,105.9097615275197,105.9097615275197,,,,,33,"(0, 100]",2015
153.50457467966976,-18.50827018436989,3640.0432331028296,496.58237752633465,3.26540580689313e-13,3.26540580689313e-13,det2,computed_linefit,98.04417851570128,167.00222927611992,0.0476088525458898,108.3279867328656,108.3279867328656,,,,,18,"(0, 100]",2015
146.6567167883835,78.88977721017186,4999.848182316361,453.33405128016426,2.6048926968973323e-13,2.6048926968973323e-13,det2,computed_linefit,112.98479124374968,213.07301648756535,0.0560744528009417,91.51628302849144,91.51628302849144,,,,,35,"(0, 100]",2015
137.85058183022096,22.402990843750963,2995.4671998948324,396.4731657658357,5.392640207733813e-13,5.392640207733813e-13,det2,computed_linefit,66.36809014838116,293.42551421684834,0.0671430723952509,106.63207537892347,106.63207537892347,,,,,4,"(0, 100]",2015
148.46942504559996,42.80420110877788,1878.652898444484,432.7416861076401,3.639754730461873e-13,3.639754730461873e-13,det2,computed_linefit,105.88637899134902,161.40513356935685,0.0283514876793931,90.42756221460282,90.42756221460282,,,,,11,"(0, 100]",2015
137.30236378610476,-27.886717245339263,1960.5915313299188,495.9702246815731,2.3437142008433856e-13,2.3437142008433856e-13,det2,computed_linefit,121.83057388999086,308.9731900542388,0.1592743293085171,23.449805063694445,23.449805063694445,15.51587753121891,15.47052922081384,16.472864520672978,0.2040916746262324,5,"(0, 100]",2015
136.04598161012453,-99.72730261240936,3085.9543057577566,420.917928717018,4.582862941503293e-13,4.582862941503293e-13,det2,computed_linefit,44.98297830194933,82.83458259740489,0.2649476330127647,177.93145538910338,177.93145538910338,3.1353710664089456,3.217759319556704,175.04856991846447,0.1620045726763951,50,"(0, 100]",2015
162.88418827551376,-60.46316713911995,3575.3112208176603,506.1785435236135,3.26540580689313e-13,3.26540580689313e-13,det2,computed_linefit,18.25966605907849,125.90343241658496,0.3236297878182924,177.75436741303946,177.75436741303946,147.8053845432502,17.11785172951678,30.435272558822295,0.0197647545560651,89,"(0, 100]",2015
143.13258687775513,-128.63503605876258,2267.171308039504,407.8700871391504,4.2537719614005497e-13,4.2537719614005497e-13,det2,computed_linefit,36.8629908649491,51.23870574767589,0.2697483180320784,179.92412439119138,179.92412439119138,176.35166592069754,26.296202710337816,3.659739415482172,0.1114760494968497,52,"(0, 100]",2015
134.68344345347649,121.56667095266008,5393.335820797952,501.72550933616736,4.099037227506402e-13,4.099037227506402e-13,det2,computed_linefit,69.03218995418885,270.78320109515715,0.0630242962311117,145.28665440582623,145.28665440582623,,,,,26,"(0, 100]",2015
151.4961811325333,134.54492095720775,2820.6674636337902,507.5275425011445,2.273736754432321e-13,2.273736754432321e-13,det2,computed_linefit,52.56670225401644,276.04214112235263,0.1080210467194897,146.17159864916133,146.17159864916133,54.70514510737388,54.77267199432548,91.75303924018417,0.0658642425358095,13,"(0, 100]",2015
151.5954271300879,116.0389898755823,2180.583201778328,502.1665061345702,3.26540580689313e-13,3.26540580689313e-13,det2,computed_linefit,139.98238937041452,268.2840325968366,0.0969473781229045,66.2368265725363,66.2368265725363,,,,,15,"(0, 100]",2015
166.53555748845127,-59.82237895796897,1695.6353566904934,506.7574038420004,3.26540580689313e-13,3.26540580689313e-13,det2,computed_linefit,13.181056470640964,129.72453992308752,0.2931170828881596,177.78437872455606,177.78437872455606,177.0908480487094,14.083246759960202,1.4538543888343631,0.1284263946220916,30,"(0, 100]",2015
147.5969651907906,26.121253549605573,3790.721926549609,436.5435387279736,8.03887338846093e-14,8.03887338846093e-14,det2,computed_linefit,146.375551931595,148.98346795576668,0.1595474945473874,57.17875346008541,57.17875346008541,55.5429987397095,56.60332765033822,2.304906230323332,0.1750786357608594,7,"(0, 100]",2015
145.53776410802786,37.642781326021726,3048.8822561041147,419.7303458857796,1.2710574864626038e-13,1.2710574864626038e-13,det2,computed_linefit,180.0,0.0,0.0963999259390939,34.46223589197214,34.46223589197214,,,,,9,"(0, 100]",2015
133.18865420419414,72.97939930299347,1549.0699901836851,391.4228473482997,3.215549355384372e-13,3.215549355384372e-13,det2,computed_linefit,122.93443270979836,161.64975886785925,0.0926415206394756,67.27584433760327,67.27584433760327,,,,,6,"(0, 100]",2015
166.60804785283122,93.19178567019038,4471.084832846915,501.7576548051393,2.6048926968973323e-13,2.6048926968973323e-13,det2,computed_linefit,98.30259184293104,206.88757213067984,0.0609609920579695,87.22752219135101,87.22752219135101,,,,,49,"(0, 100]",2015
131.99644638422072,170.2326104319658,2592.450621719661,455.47389895507706,3.5040636720219573e-13,3.5040636720219573e-13,det2,computed_linefit,62.302185372410975,322.6201403624516,0.0876328142522516,153.38977370086482,153.38977370086482,,,,,67,"(0, 100]",2015
139.32880672620627,-99.0605782993557,3624.531963402515,433.47652506038526,3.979039320256561e-13,3.979039320256561e-13,det2,computed_linefit,38.78137208464894,82.8324822069334,0.2356258039456303,177.75623533585667,177.75623533585667,172.00057114878592,25.94536534401585,8.573947713015654,0.0328661564630745,50,"(0, 100]",2015
152.6735389783603,26.67586757875413,7197.976013775561,456.2045394803753,1.7053025658242404e-13,1.7053025658242404e-13,det2,computed_linefit,125.8886801795278,222.57376044821163,0.0688906308691436,80.61263491558283,80.61263491558283,,,,,19,"(0, 100]",2015
130.43851532127962,-147.4362718874633,2800.7072434305924,337.61239815985124,4.43961293735052e-13,4.43961293735052e-13,det2,computed_linefit,48.96151394754463,32.846805075945795,0.2859093086633801,179.36284393951252,179.36284393951252,161.70997052571573,33.115537770869494,18.88652530493186,0.0078790090404641,113,"(0, 100]",2015
153.07403960323362,50.34067490044327,6185.016862330676,453.35727913303066,3.215549355384372e-13,3.215549355384372e-13,det2,computed_linefit,126.30617819343176,259.5819884151348,0.0668822985096677,77.90765660182748,77.90765660182748,,,,,14,"(0, 100]",2015
134.63288565287615,99.80967657551356,2046.5719518927945,465.6078328155753,2.842170943040401e-13,2.842170943040401e-13,det2,computed_linefit,143.1584505030219,255.74863929024053,0.0629261020740507,80.05863113152503,80.05863113152503,,,,,13,"(0, 100]",2015
147.18015095585835,-154.79288559634796,2742.8756496581896,435.3830177150096,1.607774677692186e-13,1.607774677692186e-13,det2,computed_linefit,33.9817515691308,20.700977428618007,0.1826068399784382,177.2614805609485,177.2614805609485,27.75536906926091,11.014783533894713,150.4014884428304,0.0283005141044699,118,"(0, 100]",2015
143.87153210596068,100.9259762385022,2778.0370323970897,2.953670686285155e-13,480.8366470373956,2.953670686285155e-13,det1,computed_linefit,39.14148737632633,279.9008569497268,0.2288318669253086,176.922733541517,176.922733541517,170.64740044356284,84.5646102607041,6.275428331154751,0.1086088517607839,69,"(0, 100]",2016
159.2819408476959,42.1139859936522,4978.915478083765,1.392373714442771e-13,474.821330151755,1.392373714442771e-13,det1,computed_linefit,31.050664066994752,222.7325361314796,0.141594413202711,169.66399890944547,169.66399890944547,160.68738141337246,36.378570534584135,8.985809092854648,0.1014932542864009,295,"(0, 100]",2016
146.40463366833268,51.4888667647414,2316.273299058464,1.392373714442771e-13,424.52352733009735,1.392373714442771e-13,det1,computed_linefit,37.55590820540536,232.6581479875999,0.2298023565147335,175.9816207994313,175.9816207994313,156.65577188109836,43.658309560842426,19.386272099159907,0.0780311536005746,98,"(0, 100]",2016
140.08682504438744,-168.1828396700996,2895.051917077695,7.498161925396357e-13,425.7724444401572,7.498161925396357e-13,det1,computed_linefit,41.6935552632428,10.811594219176174,0.2172969445866414,178.1022759578584,178.1022759578584,164.33042480829482,29.255705085559395,13.778432446122505,0.0621242825709888,108,"(0, 100]",2016
156.43831861647217,-29.851234772806432,2355.6896712796324,2.1268859807002749e-13,504.352847665904,2.1268859807002749e-13,det1,computed_linefit,26.248212254225983,155.03127582069857,0.2412059794713412,176.6189771130244,176.6189771130244,143.63871164650126,23.94115454160085,33.191440428378634,0.0309119253128282,110,"(0, 100]",2016
137.0648241918161,-61.85663544286444,2286.8475583006,3.6838745804788353e-13,498.8112147160256,3.6838745804788353e-13,det1,computed_linefit,44.2558925956812,119.43702491920176,0.2270579126091032,178.40629516540358,178.40629516540358,166.06444687849253,54.61652444567287,12.46055038018016,0.0890396990804286,66,"(0, 100]",2016
167.7806524675684,119.37800895029324,3311.763925994953,2.428351918216984e-13,506.83821376666106,2.428351918216984e-13,det1,computed_linefit,11.964330716193354,295.6595757933801,0.2570846506781556,179.18054721664572,179.18054721664572,145.13225458868914,30.524002178756124,34.674529093759105,0.0191871968436735,183,"(0, 100]",2016
160.12435691871417,173.3418993328974,5386.565408659756,3.06440862414772e-13,495.4848729479281,3.06440862414772e-13,det1,computed_linefit,20.79372232409157,351.7537956951329,0.2468726470433249,178.9288952361708,178.9288952361708,175.14764445720394,24.52111273261642,3.788037465935914,0.1075069584490734,149,"(0, 100]",2016
141.94054551554777,-156.4487985837279,2699.5521354655434,3.06111178766429e-13,413.9744400316875,3.06111178766429e-13,det1,computed_linefit,40.028728931245375,22.91740767145448,0.2111423320718292,177.99068549291536,177.99068549291536,169.05504935525298,27.2769176553027,8.975875902804097,0.0901710932158359,127,"(0, 100]",2016
166.5975781534383,151.58591865672182,3473.5106113288134,1.7053025658242404e-13,506.2551594743448,1.7053025658242404e-13,det1,computed_linefit,16.325364294460364,320.6221593901374,0.1871210494796749,175.95569200502763,175.95569200502763,3.4416816663449,5.062504618526431,172.80891235903275,0.1579219294917078,127,"(0, 100]",2016
161.82514358115532,12.677566787743254,1671.679743489684,2.0544394338345686e-13,489.1814939400645,2.0544394338345686e-13,det1,computed_linefit,20.16197322048623,191.6630497319276,0.2313037160614777,177.9852277219758,177.9852277219758,63.50586721136504,17.259941742902907,114.52275532900693,0.0186101957765203,89,"(0, 100]",2016
144.25268973531382,-50.31399037912216,2731.8894422423264,3.314512409159136e-13,507.0744879715411,3.314512409159136e-13,det1,computed_linefit,38.50448307160117,124.00993143042272,0.2250743009835183,175.60470937250776,175.60470937250776,163.840839833607,28.24374673629586,12.826009047386249,0.0764559655063911,86,"(0, 100]",2016
149.81319703537184,137.0945257521155,3037.928426668392,2.898457019905882e-13,507.3257739898364,2.898457019905882e-13,det1,computed_linefit,31.480677718555214,312.90279573951506,0.2476893376828176,177.4926807442104,177.4926807442104,50.58759936308108,22.060695974943396,127.54435085535864,0.0205863755007708,79,"(0, 100]",2016
149.21203881462702,-69.15654444335834,2424.894525904002,3.314512409159136e-13,497.2455388805474,3.314512409159136e-13,det1,computed_linefit,32.0839247180646,113.0207526291819,0.2223462091610189,178.2770940466327,178.2770940466327,1.2928787668882344,1.1802248761149547,177.318725952049,0.2803049774952085,51,"(0, 100]",2016
160.26393046250132,177.22790779885852,5011.802500624189,2.169192828556809e-13,493.64818368649327,2.169192828556809e-13,det1,computed_linefit,20.31871873434209,355.29936649625324,0.243482215965984,179.1193349583116,179.1193349583116,16.71977709300663,10.250860884455076,162.52961720206602,0.0476751157519289,207,"(0, 100]",2016
138.82894582824292,-60.89088418012313,4531.630750240468,4.366225850770097e-13,500.34520015558377,4.366225850770097e-13,det1,computed_linefit,50.55863135639323,125.21403941237328,0.1408036085012481,169.6486325011232,169.6486325011232,41.76883526293916,32.186282745766725,128.02555188343706,0.0567899832096481,203,"(0, 100]",2016
161.38815674677647,5.99730065526896,3422.902979912796,3.6838745804788353e-13,491.206498996628,3.6838745804788353e-13,det1,computed_linefit,20.4839431727818,182.8400971601286,0.3229673591137125,177.8510486523536,177.8510486523536,4.148343636323453,5.326257710885159,173.93076548322273,0.0931091864276669,75,"(0, 100]",2016
133.37927264242853,-76.09491295980234,2269.7682377044475,5.147390503530812e-13,472.9127957290416,5.147390503530812e-13,det1,computed_linefit,47.83437876021443,104.15023219952218,0.2255425238468512,178.77308210060338,178.77308210060338,33.14629922790878,30.542310027970068,145.62701247294805,0.0301922127883211,105,"(0, 100]",2016
136.80599225420323,92.03055263341854,7805.654167879791,5.948647488466774e-13,451.6873771767998,5.948647488466774e-13,det1,computed_linefit,48.66327116833386,268.2009918076626,0.1685054464554902,173.87954431308737,173.87954431308737,156.94675529498747,54.73892811296582,17.09913633632091,0.0735358710405908,114,"(0, 100]",2016
133.611448414388,-52.24510137815082,5974.163607378528,5.62721137192265e-13,506.0270210728881,5.62721137192265e-13,det1,computed_linefit,48.94271558347771,126.77141730951818,0.2349284726439872,177.34444075317643,177.34444075317643,48.09659843372518,38.95952796938043,129.50729303159292,0.0222228728253236,143,"(0, 100]",2016
169.8291524159507,-42.896289924668615,4789.163611879518,1.6327029034465652e-13,507.5137492829465,1.6327029034465652e-13,det1,computed_linefit,10.174173607213191,131.9527472093438,0.293616155014212,179.09056616878024,179.09056616878024,178.73002391258518,27.09395684548328,0.896718916084398,0.2075845577779047,219,"(0, 100]",2016
137.7476425391958,68.03097903341066,1578.0433392725545,2.898457019905882e-13,400.9714853341688,2.898457019905882e-13,det1,computed_linefit,44.69131588047341,249.2473017230358,0.1882720490546984,177.4215652358465,177.4215652358465,157.78911092263778,70.9309344358218,19.70724554168005,0.052698504891756,78,"(0, 100]",2016
167.79658624567696,-104.3640051785898,2316.097817006742,1.9065862296939058e-13,499.2407188252186,1.9065862296939058e-13,det1,computed_linefit,12.324403583842386,75.7448393046492,0.2174731363301394,179.8768209878913,179.8768209878913,30.498848231594472,15.086000500349677,149.37807550684715,0.0164991895671,182,"(0, 100]",2016
160.75906494790772,-64.39560757922678,4571.245998303964,2.49399488080602e-13,504.80972213526223,2.49399488080602e-13,det1,computed_linefit,20.584321346830336,119.31447316682748,0.233701769418693,178.15632302533683,178.15632302533683,83.3043270490262,18.45529438667529,95.13698359736496,0.0145160077220686,272,"(0, 100]",2016
146.83924412245884,-73.5892442156278,3039.414833047881,3.865770426254882e-13,491.11095271421095,3.865770426254882e-13,det1,computed_linefit,33.768242222585464,108.53133456369828,0.2591324276670798,178.68236467476527,178.68236467476527,25.826283973028676,27.79734491819124,153.27428626314634,0.0237513993982494,107,"(0, 100]",2016
166.52839355197577,-178.8298379233585,2433.476157873124,1.8198773652309369e-13,500.0015479047423,1.8198773652309369e-13,det1,computed_linefit,12.89707835523667,359.17681638403275,0.3139771003366062,179.26741916920795,179.26741916920795,179.02016205024498,15.981052302496051,1.0158459404514129,0.1588193483682395,170,"(0, 100]",2016
164.95326377520027,-4.584376153098401,3355.189083029544,1.803155319699033e-13,499.9855057310244,1.803155319699033e-13,det1,computed_linefit,14.422810087533732,183.8755365979896,0.1690065793432913,177.7618397605558,177.7618397605558,14.658811682935251,12.976493837094212,165.57207908502613,0.0728041419166358,300,"(0, 100]",2016
148.71451410679194,174.6383959912524,5356.064026717559,2.049518613753201e-13,477.3674089784224,2.049518613753201e-13,det1,computed_linefit,32.01487753450751,357.75151215120286,0.2542320730702992,178.211228446772,178.211228446772,175.73596910792176,34.13854994045653,3.261663943373951,0.1674339425198318,234,"(0, 100]",2016
153.602455755792,147.66985229523013,2951.7108422099845,2.666192676669783e-13,504.64446342142185,2.666192676669783e-13,det1,computed_linefit,34.47024961279768,323.19876888812286,0.1227865072945571,171.62064361162874,171.62064361162874,29.605834353323,19.205070771869675,142.05927930397962,0.0913154454879133,324,"(0, 100]",2016
145.4293937635188,143.23968176311902,3545.626663323052,2.049518613753201e-13,505.33898662959456,2.049518613753201e-13,det1,computed_linefit,37.17780899214406,321.47326288339684,0.2550828274737108,177.1950562747877,177.1950562747877,157.68025184115356,51.88757434312842,19.53862046960651,0.0456819502889361,113,"(0, 100]",2016
143.38934955588334,-167.083362877526,4377.884837096782,4.721768995590352e-13,435.9934226353395,4.721768995590352e-13,det1,computed_linefit,39.56102477724456,13.543493868307872,0.2118173380236646,177.02442813616275,177.02442813616275,31.61317582415633,15.538362185854664,145.45922553308446,0.036848411111614,143,"(0, 100]",2016
137.4280033106045,-38.936237885337306,3976.318450466237,2.898457019905882e-13,505.7127694858918,2.898457019905882e-13,det1,computed_linefit,44.687107326773535,140.3550403316619,0.2825514538961437,177.8291226779674,177.8291226779674,169.64914878323478,64.26190128952524,8.314503454754414,0.1146242699907156,118,"(0, 100]",2016
158.44663022776055,111.24229902071316,2972.063704920007,1.797546735911271e-13,502.4810102735227,1.797546735911271e-13,det1,computed_linefit,24.985710476525224,288.5111952309232,0.2264441446645336,176.40293226531247,176.40293226531247,66.90402453201422,16.629012676542885,109.55306504600782,0.0253597397474024,146,"(0, 100]",2016
149.31491467522602,71.62166147491351,5484.944223603311,2.145792005669236e-13,452.94926727892,2.145792005669236e-13,det1,computed_linefit,32.68692487670628,247.84223557017327,0.2377293087614187,177.18153026489395,177.18153026489395,32.06905016914474,26.229023258302103,145.55799170426906,0.0279248777363203,119,"(0, 100]",2016
153.32917201019472,-80.50167754553024,1550.1990382709796,3.5979010423182454e-13,490.943864063772,3.5979010423182454e-13,det1,computed_linefit,27.658181702222493,97.82390968854814,0.2478657446194884,178.7513864734427,178.7513864734427,167.55671036881054,34.80341019491555,11.509078914719389,0.0699632038564063,141,"(0, 100]",2016
154.69066748526043,26.2762739430596,2873.682178896134,1.7053025658242404e-13,463.5553310944838,1.7053025658242404e-13,det1,computed_linefit,27.83323456616461,206.90850256639263,0.2145896877845864,177.46033658832482,177.46033658832482,165.02766590997112,39.58830863666401,12.452272795320756,0.0763237804938292,195,"(0, 100]",2016
132.2652011921545,-100.35811040168277,3349.159911666106,4.617981178760124e-13,405.8340475246144,4.617981178760124e-13,det1,computed_linefit,57.86046832262249,86.63448653207612,0.1151765492613841,168.45377875200964,168.45377875200964,101.81195107962996,40.412944392097295,66.87115690544252,0.0464804781987889,133,"(0, 100]",2016
132.15960723249464,-121.93336824235588,5218.7540688717,6.677589751956664e-13,352.8304539787127,6.677589751956664e-13,det1,computed_linefit,53.03219622689189,59.49455113340665,0.2053721884839339,174.6930191571456,174.6930191571456,132.66602066981054,33.212220908905955,42.06380504280168,0.040772942852824,143,"(0, 100]",2016
165.96181034914432,60.110557891161015,1539.8393735963598,1.885282921623116e-13,493.634173307446,1.885282921623116e-13,det1,computed_linefit,15.82115538132411,241.261065258848,0.2504565653040762,178.19264945091334,178.19264945091334,154.12807767754208,30.39171510546671,24.12839811253279,0.0403868506042284,139,"(0, 100]",2016
132.28008623769185,-77.13720895798454,2011.857181924311,5.092167858483923e-13,469.2292215930165,5.092167858483923e-13,det1,computed_linefit,50.94411480838186,103.70576206718351,0.2021045897049903,176.71306450572763,176.71306450572763,159.84367905079395,62.20013035383581,16.878095718403316,0.0680467742569036,77,"(0, 100]",2016
153.8510641306637,27.533638014895555,4737.792963080856,2.411662016538279e-13,459.98979934965047,2.411662016538279e-13,det1,computed_linefit,30.302570098511065,208.26126851784792,0.2248620706905865,175.83220564565943,175.83220564565943,161.25583772945015,62.16394024775754,14.577982423519838,0.0730355433690668,171,"(0, 100]",2016
160.42602637585077,9.11153369242279,4711.264782702553,2.428351918216984e-13,487.97758964085256,2.428351918216984e-13,det1,computed_linefit,23.10949042383043,186.35573417664335,0.1777135720827465,176.3259066283421,176.3259066283421,19.956064510796036,14.211965972137278,156.6486110095937,0.0860307183272182,222,"(0, 100]",2016
130.36036196699408,16.175110918035408,3193.354016911718,3.4576501834057014e-13,374.6640496350273,3.4576501834057014e-13,det1,computed_linefit,61.43713051885363,198.14598613677128,0.1467872545653945,168.09207002557392,168.09207002557392,148.6527751526593,77.30321590677586,19.47068512658694,0.0845909468393905,104,"(0, 100]",2016
141.11874987837342,-53.61249095686927,2985.452199933483,3.113442275577916e-13,505.83715523804335,3.113442275577916e-13,det1,computed_linefit,39.86378887794965,126.05461865031792,0.2540720102280935,178.99502731039945,178.99502731039945,5.172224996139311,8.614770257146088,173.91219897026866,0.1234379043113732,128,"(0, 100]",2016
134.10879635642976,-81.39642264256938,2467.4903158656,4.412235823639328e-13,461.8627120507521,4.412235823639328e-13,det1,computed_linefit,49.07402644427287,97.15148079486724,0.2328626458464177,176.64219749191372,176.64219749191372,154.8032877834086,56.92346023307424,22.06385046704501,0.0543766998405233,80,"(0, 100]",2016
166.69789006662592,-101.96428737074292,6171.354234329346,2.0147363782652162e-13,498.22111176309016,2.0147363782652162e-13,det1,computed_linefit,14.993620600099383,83.54939957651251,0.1082154702657732,177.83903122219368,177.83903122219368,24.230133815405196,9.314997907932156,153.73297276335677,0.0386848387193919,356,"(0, 100]",2016
144.90450762304712,-175.85400567248806,3630.077365432124,5.24263064838144e-13,455.0908078897707,5.24263064838144e-13,det1,computed_linefit,39.73558243219674,0.6463847677173157,0.1394304865701025,174.89748173351393,174.89748173351393,65.75226713722753,14.239330189881526,109.25173340380354,0.0319176237185675,190,"(0, 100]",2016
136.58089605712777,135.40019335788332,2760.0034214023403,2.898457019905882e-13,507.44600995013934,2.898457019905882e-13,det1,computed_linefit,49.70175661299558,313.4640534819157,0.1938124784857808,173.56255613855345,173.56255613855345,11.44322495638219,30.07167718277177,162.19198963486568,0.0898782284544433,30,"(0, 100]",2016
134.39763578790868,-6.645212843585394,3107.1686895034995,2.449054355169848e-13,452.1408817986642,2.449054355169848e-13,det1,computed_linefit,56.340175065606914,178.89957537360854,0.1770563839353138,168.4377129988208,168.4377129988208,113.78339771445444,45.35177203280353,54.75648991351837,0.0530112211269901,87,"(0, 100]",2016
133.38385008420155,55.67750972322659,3309.7174827585463,4.0194366942304643e-13,356.8763500536812,4.0194366942304643e-13,det1,computed_linefit,55.96709873794041,234.00328675335064,0.1361291899860393,170.5588172358787,170.5588172358787,129.16362694177002,62.51653555333519,41.399117052223374,0.0410156905875103,83,"(0, 100]",2016
137.90790837373254,67.03604126993176,3646.08664167535,399.8706756968635,3.410605131648481e-13,3.410605131648481e-13,det2,computed_linefit,132.83589515396812,213.1609307686396,0.0697986657030823,84.46693879554962,84.46693879554962,,,,,11,"(0, 100]",2016
143.1765035597973,143.66036451619732,3028.5998495800977,504.8633338416383,3.215549355384372e-13,3.215549355384372e-13,det2,computed_linefit,50.15909491784047,291.2369608349576,0.0908710477888373,154.328813447296,154.328813447296,,,,,18,"(0, 100]",2016
149.62380018186957,15.514820052792624,2594.3674814950423,454.5765838219665,2.898457019905882e-13,2.898457019905882e-13,det2,computed_linefit,109.4094756388182,219.02214214206035,0.0576794049622422,98.66502897134956,98.66502897134956,,,,,10,"(0, 100]",2016
160.96906660897756,-168.34679266334555,3585.071056617461,487.7731319375775,2.542114972925208e-13,2.542114972925208e-13,det2,computed_linefit,19.29969208215617,5.139222376822182,0.2627638102161795,177.8457399872289,177.8457399872289,171.682881569593,17.3808918807455,6.742645712276303,0.0537136388199198,64,"(0, 100]",2016
152.81663253650103,-103.76126912083168,1925.043939069352,468.1784758062914,2.842170943040401e-13,2.842170943040401e-13,det2,computed_linefit,27.37140526096622,73.1046769307673,0.2712659105750581,178.55155874918185,178.55155874918185,25.175619443819727,15.346953176918134,154.5231717551022,0.0174898116976593,37,"(0, 100]",2016
142.9966250123791,-84.06075297148303,2588.726022739969,471.50104495764776,4.98798976161204e-13,4.98798976161204e-13,det2,computed_linefit,35.594026663589766,96.08224384269724,0.2783726718171874,178.58811242614746,178.58811242614746,1.9886449967221405,1.8714472715990529,178.30745474562391,0.1809177942168062,56,"(0, 100]",2016
140.80687949033685,117.4999492641165,2877.2889520549925,499.47713436162826,2.273736754432321e-13,2.273736754432321e-13,det2,computed_linefit,74.39125185806506,248.0114149991216,0.0983329122979022,127.1496838910277,127.1496838910277,,,,,14,"(0, 100]",2016
131.30395553865694,28.106589857727258,2740.176603678847,350.7449493120564,4.721768995590352e-13,4.721768995590352e-13,det2,computed_linefit,144.2371053943018,233.7783889713168,0.1080720657439586,81.95816004532286,81.95816004532286,77.18849487068218,82.40040936231439,5.071024620115747,0.1217666850491947,9,"(0, 100]",2016
158.13934885524026,149.70178664559418,5173.466623829074,504.8834892024604,2.411662016538279e-13,2.411662016538279e-13,det2,computed_linefit,22.30910399656445,335.33795718559765,0.2887626575771436,177.8348013592297,177.8348013592297,175.54004266974547,32.316126882944495,4.280607776294813,0.1061858392686126,42,"(0, 100]",2016
150.09298626535465,-159.0897476693212,5172.11091742859,450.7724578116571,4.687428401686771e-13,4.687428401686771e-13,det2,computed_linefit,30.124631739755927,20.560372331604245,0.2710236693104052,179.72073231098787,179.72073231098787,37.20028513137979,34.744903210119816,142.5243312646787,0.011291689860066,63,"(0, 100]",2016
157.28038626298488,34.233227479272905,2963.493002551526,469.3776569129603,4.0194366942304643e-13,4.0194366942304643e-13,det2,computed_linefit,29.693954926644487,129.16124307943016,0.2064695066324328,144.85664439439574,144.85664439439574,53.22027929516485,73.86002659634826,102.80874880209711,0.1010413866798108,7,"(0, 100]",2016
159.29712816192193,-125.18151937880836,3948.219721171896,475.9181692962438,2.542114972925208e-13,2.542114972925208e-13,det2,computed_linefit,19.705287415352394,55.19614608136843,0.292512747990805,178.9939297751481,178.9939297751481,1.5055880749481705,2.130268453465982,178.8664263335461,0.1435772149655854,36,"(0, 100]",2016
131.07907720817715,-15.00071047317662,3251.751969923865,467.4091815332802,4.1382633578908325e-13,4.1382633578908325e-13,det2,computed_linefit,156.2941389371267,238.268317668315,0.0688233525474993,59.04194315958648,59.04194315958648,,,,,14,"(0, 100]",2016
133.41457162148328,-53.29228626656584,2572.5130650955607,505.4534165023477,4.43961293735052e-13,4.43961293735052e-13,det2,computed_linefit,57.74240381678872,136.02892742598164,0.2015016352222528,166.6529412440948,166.6529412440948,29.298249196020976,40.19102313228636,137.7727250981644,0.086653213835639,17,"(0, 100]",2016
138.42313808709895,171.94404769965797,2742.364074066011,462.96546728290974,3.06111178766429e-13,3.06111178766429e-13,det2,computed_linefit,39.449056637750864,357.9710236114556,0.3027147318886195,175.54584229517272,175.54584229517272,8.475921043281282,36.9956182419543,167.74002037755912,0.0261941001189284,24,"(0, 100]",2016
144.43539395567856,-84.40153653350413,5292.684368093671,473.4337903801128,4.823324033076558e-13,4.823324033076558e-13,det2,computed_linefit,36.040146156231565,94.57976816797373,0.3124831408942859,179.23760344385596,179.23760344385596,5.015544565854122,23.967718833836116,174.22883841252278,0.0524800746641644,48,"(0, 100]",2016
145.3091724935916,99.1134921780464,3890.616038947765,480.17428167396537,4.582862941503293e-13,4.582862941503293e-13,det2,computed_linefit,179.46029435929626,297.0997387801013,0.0490363578752583,35.204503061172964,35.204503061172964,,,,,17,"(0, 100]",2016
139.81282141405285,-150.27404281490428,5725.820161761994,395.74368460747706,4.291584011338472e-13,4.291584011338472e-13,det2,computed_linefit,41.05713765286692,26.665828031647575,0.2365184179754685,177.82621006070508,177.82621006070508,51.50147205673419,7.3074743999303555,127.122474319894,0.0150438396582412,125,"(0, 100]",2016
159.99490150333958,-170.15907600914844,4191.86394641876,486.6398091629128,2.049518613753201e-13,2.049518613753201e-13,det2,computed_linefit,20.123559864716587,8.70024942963692,0.260860261647844,179.59113337576946,179.59113337576946,0.6601571078645043,0.5423974488479281,179.2038188174686,0.2270124479701244,42,"(0, 100]",2016
138.20186375089438,-148.40599347667882,3966.377080137253,384.9810767473977,3.639754730461873e-13,3.639754730461873e-13,det2,computed_linefit,39.28990536916098,30.562709429946576,0.2287591686537159,177.40380021607209,177.40380021607209,0.8491741836113337,1.0484985301353866,178.02122305078953,0.2690846899917655,35,"(0, 100]",2016
143.35890934571458,-64.13629096273317,3221.1359568136927,498.8185627872241,4.687428401686771e-13,4.687428401686771e-13,det2,computed_linefit,37.24065181122675,116.49205605919612,0.2324014208232921,179.29143148983897,179.29143148983897,6.1374712465861725,19.0756802699229,173.19062365104372,0.0885721237964901,29,"(0, 100]",2016
150.78516239890482,141.91773565558628,2016.9907084287845,506.3307875121617,3.215549355384372e-13,3.215549355384372e-13,det2,computed_linefit,56.333512967382994,277.42880255341265,0.0499872438453552,140.68143426107048,140.68143426107048,,,,,11,"(0, 100]",2016
162.9260335647379,-44.58968362063612,1958.8843466982853,507.522528242748,2.3437142008433856e-13,2.3437142008433856e-13,det2,computed_linefit,20.81054580209387,133.045246570448,0.2286193295365173,176.18609908943822,176.18609908943822,2.182288902968742,2.0721327800310028,175.75252856658844,0.2685629898550996,32,"(0, 100]",2016
135.0507544487908,22.065289308358896,5367.148739083729,383.174659881449,2.842170943040401e-13,2.842170943040401e-13,det2,computed_linefit,106.549271036944,225.4891521068916,0.0596418149998205,114.82284547190989,114.82284547190989,,,,,12,"(0, 100]",2016
133.8372924823672,-122.04117469097596,1929.798846138016,362.54407240942106,4.547473508864641e-13,4.547473508864641e-13,det2,computed_linefit,46.16585675851048,57.97315725928065,0.2923290285673734,179.98919292325468,179.98919292325468,5.492920054037994,39.27289883175301,174.5003937344609,0.0783264094836068,49,"(0, 100]",2016
130.30119260363278,-48.00723726196175,4772.2477987191,507.3798667218256,3.639754730461873e-13,3.639754730461873e-13,det2,computed_linefit,71.41410796173031,143.4308017054855,0.0966725150920219,156.15992783730664,156.15992783730664,,,,,72,"(0, 100]",2016
135.3022809504758,-50.96846278020887,2995.6450241249504,506.6440371813707,5.934627159212227e-13,5.934627159212227e-13,det2,computed_linefit,48.52037871619698,131.39969639325707,0.2039782044446592,175.80834344115718,175.80834344115718,5.074424918952877,4.40156110844969,170.73521068516405,0.1355099896328184,35,"(0, 100]",2016
151.43530708467782,110.04478308859802,5388.671085292257,498.03620344777727,1.2710574864626038e-13,1.2710574864626038e-13,det2,computed_linefit,115.09989579963552,279.987580342793,0.0607482784541912,93.08295553860656,93.08295553860656,,,,,22,"(0, 100]",2016
133.68385671362932,23.20800480304169,1934.9373776579616,373.78309755099673,2.6048926968973323e-13,2.6048926968973323e-13,det2,computed_linefit,155.79823358988324,240.62885493477413,0.0469875239397825,66.76359864021092,66.76359864021092,,,,,11,"(0, 100]",2016
144.77002526377208,-168.5229302829935,1688.1522297202755,443.121298301181,1.2710574864626038e-13,1.2710574864626038e-13,det2,computed_linefit,34.62428360907812,8.515967017862469,0.287799697936861,178.19989104496045,178.19989104496045,174.71500438569632,31.67772186819568,4.741348722242196,0.0646018048282873,48,"(0, 100]",2016
134.6679085002011,173.43774909743735,2904.487320992784,452.3297324104237,3.06111178766429e-13,3.06111178766429e-13,det2,computed_linefit,49.00663462501386,350.1722381744099,0.1952338692738295,175.61483651115995,175.61483651115995,167.5332568749538,50.296237516162655,8.081671122085686,0.0996861010834032,57,"(0, 100]",2016
151.75296439969233,-8.25472007662872,3149.3156747081207,485.6699692196252,5.684341886080803e-14,5.684341886080803e-14,det2,computed_linefit,122.53566887420546,196.4074310193596,0.0507465969404172,83.6169005913813,83.6169005913813,,,,,36,"(0, 100]",2016
164.69032361315286,-175.36838392183623,3159.793752116826,496.7607573929394,1.797546735911271e-13,1.797546735911271e-13,det2,computed_linefit,12.493527137265117,10.358661850470162,0.316378464452812,176.86895863279724,176.86895863279724,2.855265291488433,1.5891407331133276,179.25744927522993,0.1734491810295551,49,"(0, 100]",2016
137.72411834345456,-26.780559465543103,1884.8422201103288,494.772228212412,5.115907697472721e-13,5.115907697472721e-13,det2,computed_linefit,74.99504870373504,156.30695011469965,0.0883978625799658,147.18099097009372,147.18099097009372,,,,,22,"(0, 100]",2016
130.97409353648408,31.030851170204805,2945.016960386697,343.6298976623115,4.582862941503293e-13,4.582862941503293e-13,det2,computed_linefit,106.03475789850744,232.95533636463887,0.0703103708075179,119.47405632077574,119.47405632077574,,,,,19,"(0, 100]",2016
153.53250841161457,1.266637544290501,4224.72390867121,479.4909699952147,1.7053025658242404e-13,1.7053025658242404e-13,det2,computed_linefit,71.19473075782707,238.11347258035707,0.0529117635873056,121.28489097683192,121.28489097683192,,,,,15,"(0, 100]",2016
147.2163751679599,11.55195374082641,2571.3703397168365,451.3398982670868,1.7053025658242404e-13,1.7053025658242404e-13,det2,computed_linefit,110.13871319305476,209.52192213354945,0.0805611050596459,101.19269847492558,101.19269847492558,,,,,7,"(0, 100]",2016
162.26216381427682,-124.80157286532328,3212.132549842279,484.3041921226171,2.049518613753201e-13,2.049518613753201e-13,det2,computed_linefit,16.89089287850335,60.46117262003048,0.2981141026195482,178.22024896982066,178.22024896982066,178.34030945599565,33.357918540889635,0.6258477814821412,0.1952359786182659,41,"(0, 100]",2016
165.67842490796366,-127.5723366171757,3406.443488534678,492.0698863026509,4.1382633578908325e-13,4.1382633578908325e-13,det2,computed_linefit,11.931140117442174,63.62782286219938,0.3397972824343442,176.5198085487555,176.5198085487555,176.44042787123428,133.52511877334337,0.0883518399383089,0.2718810610973319,35,"(0, 100]",2016
130.19066497205765,-123.77402411946107,3468.490726911254,337.7649767297505,4.687428401686771e-13,4.687428401686771e-13,det2,computed_linefit,49.60906544557824,54.660756408546106,0.3055544349464291,178.78943093180524,178.78943093180524,178.41932162849838,46.62054836499124,1.3389089457322738,0.1769159924784277,101,"(0, 100]",2016
130.71372926327578,-172.4416706102181,3082.738800532768,401.68112027792586,5.71269289430398e-13,5.71269289430398e-13,det2,computed_linefit,49.62409876324301,6.983961656451018,0.2736378514099348,179.4480730812754,179.4480730812754,175.39330487529747,49.28910403352679,4.170280870561448,0.1407136138109329,47,"(0, 100]",2016
159.96691877672308,-137.08532042607368,4201.817980437998,476.76512189274735,3.06111178766429e-13,3.06111178766429e-13,det2,computed_linefit,19.266114741010448,47.329983688669024,0.2603329556300982,178.32941364896183,178.32941364896183,2.936264085526964,12.991035853600325,178.5956346006404,0.0713199812203249,57,"(0, 100]",2016
157.42353267320027,114.1353323439646,4777.50821699126,503.29072559044135,3.215549355384372e-13,3.215549355384372e-13,det2,computed_linefit,27.183576911664247,309.123794656091,0.2358701316749015,172.2228172929802,172.2228172929802,142.1293426529176,54.092258559805245,32.20703476906992,0.0455143990293275,19,"(0, 100]",2016
134.70175187022627,-54.68089923623419,3628.8324190212847,504.69643660622455,5.71269289430398e-13,5.71269289430398e-13,det2,computed_linefit,51.83736259591486,132.66664823940351,0.2484824552103912,171.45728014096807,171.45728014096807,86.54790623660162,70.43510237443944,85.1906437826801,0.0393061661932098,20,"(0, 100]",2016
151.2190600639657,111.56954227928664,2397.52056053319,499.04819015675946,3.215549355384372e-13,3.215549355384372e-13,det2,computed_linefit,50.10387762156105,277.05818359696485,0.1491895416772298,156.89126942508054,156.89126942508054,87.23271864290346,71.27423709104959,69.67133846200505,0.0811246923091674,10,"(0, 100]",2016
143.82403069320011,-77.47599864346023,7242.910389403472,483.00096860346827,4.98798976161204e-13,4.98798976161204e-13,det2,computed_linefit,37.92404928920868,105.69343309419716,0.2458202803177598,177.4115508892497,177.4115508892497,172.22855258526988,82.74514891009349,5.26154556369228,0.1169275692664635,56,"(0, 100]",2016
146.97094334624256,61.86798822858818,1675.0726001922997,4.177121143328313e-13,434.1469152351319,4.177121143328313e-13,det1,computed_linefit,36.41344303486655,242.9891925063818,0.2854302932440004,176.55601409726094,176.55601409726094,159.20056509215993,52.7785272388314,17.502054481221823,0.0597143247073553,38,"(0, 100]",2017
152.0719316267794,95.41713186319416,4650.692817431598,3.021269154923701e-13,485.6144052666487,3.021269154923701e-13,det1,computed_linefit,28.72929442186668,272.3307906559017,0.2513394407885533,178.33083971840094,178.33083971840094,94.51355731292382,22.51619141548923,84.3827557324864,0.0169132652711152,100,"(0, 100]",2017
131.91988088316396,-111.001143320339,4738.552321145366,4.059432074281432e-13,375.0311207934416,4.059432074281432e-13,det1,computed_linefit,49.86511326056176,69.54697899423269,0.2337903596361185,178.16774958863306,178.16774958863306,158.26519125988602,42.30213038962097,19.911973376437857,0.0490092144667464,165,"(0, 100]",2017
141.00175803915434,-65.31869237329686,1960.0717179600229,3.6838745804788353e-13,496.5563590515932,3.6838745804788353e-13,det1,computed_linefit,41.30077007547284,121.0880725448601,0.1791865895502248,175.2730268590523,175.2730268590523,68.68890676594643,30.098342637025727,107.26286659580734,0.0210347698342899,89,"(0, 100]",2017
148.39017999188363,36.11742468299805,4510.06857156219,2.049518613753201e-13,433.8234092624389,2.049518613753201e-13,det1,computed_linefit,37.978164205985045,216.26502032516987,0.191961506980741,173.63110304196337,173.63110304196337,155.17039223085857,38.992967461064815,18.460968965228357,0.0854250115572664,303,"(0, 100]",2017
165.5842042401089,163.9233475849144,3725.960600725882,1.4561792860887976e-13,503.5452001013872,1.4561792860887976e-13,det1,computed_linefit,17.908403918453608,334.39614863858304,0.1437824277396875,175.62548439657095,175.62548439657095,13.639681707891215,8.631288031853382,162.16013871658174,0.0836916527921376,287,"(0, 100]",2017
146.10612531783977,73.2209566893502,2459.947143129865,3.606310639398066e-13,443.678188255834,3.606310639398066e-13,det1,computed_linefit,81.46945392366041,243.0977721356981,0.0482134579887751,131.7615156365959,131.7615156365959,,,,,240,"(0, 100]",2017
132.37777133868107,-14.445479991974436,4854.940729347458,4.43961293735052e-13,467.7742296021844,4.43961293735052e-13,det1,computed_linefit,49.73467976885271,164.66601968411135,0.2235467682642593,177.78470360414022,177.78470360414022,15.843930122450727,38.22883593568643,162.0198021255295,0.0709776061991466,126,"(0, 100]",2017
130.58065245016462,95.17143505803874,3002.775991407767,3.168096442551581e-13,446.8134686102393,3.168096442551581e-13,det1,computed_linefit,61.35974482663614,283.58402782484063,0.1089598309112852,166.21369191382394,166.21369191382394,144.63765835054463,142.28484666175902,22.425498925438763,0.0653135655704007,106,"(0, 100]",2017
131.229620145889,-166.53440178900348,4099.441152904688,4.43961293735052e-13,386.0894976799335,4.43961293735052e-13,det1,computed_linefit,52.644255808163216,11.353877895658773,0.1820027900814257,175.79587298713457,175.79587298713457,153.47011001807803,55.82125376365893,22.3410439333505,0.0440912504599512,82,"(0, 100]",2017
130.36396561351376,135.8706259703114,4193.433487652303,1.797546735911271e-13,507.34934297952856,1.797546735911271e-13,det1,computed_linefit,57.22168867655061,310.8636229963034,0.161827218779764,171.41827751870323,171.41827751870323,156.09679286205355,165.2937845713492,15.442229139378172,0.0916040648113723,149,"(0, 100]",2017
166.47994714158494,15.12410997445818,2543.682867963488,2.348018546436252e-13,496.7982690681116,2.348018546436252e-13,det1,computed_linefit,17.493298194611597,184.29438862382165,0.1539974487597497,175.09974623880166,175.09974623880166,22.07622913836158,11.462515104191397,153.58523637022276,0.0446789794691223,92,"(0, 100]",2017
132.77235960074282,-7.048687614047308,3946.9804170920665,8.03887338846093e-14,449.9278710654396,8.03887338846093e-14,det1,computed_linefit,54.96795674768231,175.01135944299514,0.1653791388308063,172.0961416340331,172.0961416340331,160.48940847239797,146.55078169778628,11.657339473884605,0.0954381550711436,96,"(0, 100]",2017
159.7612365144803,-109.62305316265062,3484.805954445508,4.186779239789824e-13,482.55297773412,4.186779239789824e-13,det1,computed_linefit,21.73684093667853,70.4359255342981,0.2381085498922018,178.5017738007228,178.5017738007228,125.58566594913472,21.055549518903103,52.93931630868156,0.0150877681579838,140,"(0, 100]",2017
140.25596059102224,176.6744052883939,2123.4435254736886,1.9065862296939058e-13,457.0085437342239,1.9065862296939058e-13,det1,computed_linefit,48.3252921156033,354.5129596979791,0.1603063137889871,171.28924809924047,171.28924809924047,114.13586861408407,49.19818271881714,57.2052968337365,0.035216722668199,96,"(0, 100]",2017
154.01176347120227,169.23129908393412,7512.346274758517,2.2781733181718383e-13,490.8754681168896,2.2781733181718383e-13,det1,computed_linefit,25.93232356500816,347.9717100483379,0.2208049796853985,179.4457990216425,179.4457990216425,97.99826647139834,11.320726088825364,81.86041861287595,0.0142596456907908,224,"(0, 100]",2017
140.722393802526,45.48673642653258,2867.9440689149937,8.03887338846093e-14,393.1191616764253,8.03887338846093e-14,det1,computed_linefit,47.63334198474658,226.74193527143268,0.1657576273295505,171.6001266346127,171.6001266346127,158.14824385254846,65.0339603904327,13.455656190897486,0.1016371721434811,115,"(0, 100]",2017
143.24331689730994,23.67857973810636,2783.64602858095,3.639754730461873e-13,420.0083548761093,3.639754730461873e-13,det1,computed_linefit,45.16459613118096,206.0111555443629,0.153378095804233,171.45540952847483,171.45540952847483,105.01910772432508,73.22819490407548,66.43648734383711,0.0256934435628083,128,"(0, 100]",2017
159.17616786746146,25.28678766885316,4044.052426338476,1.8198773652309369e-13,477.9167410018691,1.8198773652309369e-13,det1,computed_linefit,24.58930980370129,203.72271307399927,0.1815246972083632,176.1867417257177,176.1867417257177,162.93170780017203,47.2796276247613,13.299282492558662,0.0689140861488245,178,"(0, 100]",2017
133.89281104326534,113.18362462254017,3309.88405952676,3.5040636720219573e-13,490.89556105722346,3.5040636720219573e-13,det1,computed_linefit,52.44923976749134,299.4167091382658,0.0996606321496294,172.0971755372775,172.0971755372775,,,,,47,"(0, 100]",2017
138.89026717830072,-22.853311957835093,2136.3041555826803,5.684341886080803e-14,490.111288920857,5.684341886080803e-14,det1,computed_linefit,45.763928172517936,162.61244176651385,0.237798556063619,174.02131188053008,174.02131188053008,5.617439488275992,15.176232212461462,168.91858696036846,0.1270731913372313,85,"(0, 100]",2017
131.42761115628684,77.5678901026358,2858.3022582103367,2.681298705072267e-13,396.8669010617861,2.681298705072267e-13,det1,computed_linefit,81.5581611646529,257.74555811893714,0.0891266880319187,147.01385242053118,147.01385242053118,,,,,87,"(0, 100]",2017
159.63310164607387,139.25297086716154,3756.8224259988574,2.049518613753201e-13,507.25760424858487,2.049518613753201e-13,det1,computed_linefit,21.229963008174227,312.3808927591096,0.1710718677334328,177.41339818505745,177.41339818505745,137.77510947086003,17.13520012660471,40.226438726818536,0.0265514133612753,262,"(0, 100]",2017
142.5907844401912,-166.5956537024888,7419.498808902434,4.755861633237119e-13,432.24893132545947,4.755861633237119e-13,det1,computed_linefit,39.15033477327033,14.667006236018144,0.2677766795275943,178.0913157450421,178.0913157450421,2.861362392455428,9.90292595590489,175.35836221832508,0.1445687052801352,145,"(0, 100]",2017
152.01312869276043,176.72572045202222,3072.6649772086257,2.49399488080602e-13,480.9017084985182,2.49399488080602e-13,det1,computed_linefit,29.27710572272498,353.1002278248455,0.2493735123445691,177.83652422744754,177.83652422744754,126.95053615915184,23.38032457352121,51.26461362266321,0.0271471384261138,49,"(0, 100]",2017
130.62368392901286,-120.0124284882954,2152.421476649915,4.475855276957538e-13,347.2308592554733,4.475855276957538e-13,det1,computed_linefit,50.32231216652038,58.851899249969584,0.2334408449723515,178.71611529726007,178.71611529726007,152.1555437552933,42.62222255041614,26.72341394448511,0.0298028591400491,100,"(0, 100]",2017
132.38598890545586,21.74208994646079,3183.2372700956707,4.0194366942304643e-13,370.20874309818026,4.0194366942304643e-13,det1,computed_linefit,55.59566354630459,203.03713807874968,0.1729554855876919,171.95437071693593,171.95437071693593,146.38550530582415,66.88573037265725,25.59321342133124,0.0585021150675324,63,"(0, 100]",2017
151.47631602483503,-136.81922986574935,3054.364921972284,2.411662016538279e-13,445.84083704321824,2.411662016538279e-13,det1,computed_linefit,29.26293527893775,43.56615586411351,0.2257673291754977,179.23766043727576,179.23766043727576,167.11989225546986,20.01380399909957,12.140640861776422,0.0551079589180227,149,"(0, 100]",2017
130.3413588198738,-148.9047802670358,2113.2241687729884,5.271441804947985e-13,339.30777111726456,5.271441804947985e-13,det1,computed_linefit,54.17920266528312,27.57188308442077,0.1609938035834549,174.69766964047972,174.69766964047972,137.00569082963025,37.78120297547496,37.95554610478775,0.0456961193867907,117,"(0, 100]",2017
137.58192228355517,63.72280947007352,1985.7779041759875,3.314512409159136e-13,392.4799062979041,3.314512409159136e-13,det1,computed_linefit,47.25982993578142,241.66629349256385,0.1927475020749504,174.9462743926497,174.9462743926497,121.07339071248518,69.81645432431144,53.97214928078057,0.0376457951034958,64,"(0, 100]",2017
132.15219248030576,-174.22629615388368,2637.366129565597,5.886794035975521e-13,412.02438810576285,5.886794035975521e-13,det1,computed_linefit,50.29562872770473,15.370641293605406,0.2640375137387225,172.3523383272615,172.3523383272615,26.880090517325424,18.45614352726643,147.9967372906301,0.0721423995281208,54,"(0, 100]",2017
146.63552701730575,-82.75036674352873,6520.661871143149,2.81719218287421e-13,479.4231933716592,2.81719218287421e-13,det1,computed_linefit,34.29972277527508,99.00910951186484,0.2333259873534678,178.64570752761324,178.64570752761324,173.67509906999126,59.97905206995128,5.101489950505567,0.1176432000320699,216,"(0, 100]",2017
143.88337110584462,14.39512793580437,3731.218395542663,2.8563464471519893e-13,435.682820846415,2.8563464471519893e-13,det1,computed_linefit,38.64562954122752,197.1760179733943,0.2265832341607273,176.9597588384294,176.9597588384294,67.05488112723805,69.51455191335361,110.13534892868654,0.0188684409224422,106,"(0, 100]",2017
137.41993660421667,-72.70280850787695,2147.542784318191,5.178681919428697e-13,483.7256596304528,5.178681919428697e-13,det1,computed_linefit,41.8404068317227,109.19785327576936,0.2489805654969061,178.52434943586127,178.52434943586127,52.87838340061928,35.74495680400507,127.19174414441416,0.0170381630333373,70,"(0, 100]",2017
130.0310982219271,143.88705470044297,5511.450593530924,4.617981178760124e-13,502.9741414592823,4.617981178760124e-13,det1,computed_linefit,68.31598494671513,321.65846237224923,0.1035724881809608,161.55521020637832,161.55521020637832,119.54464005017282,99.07837627059666,42.02583658495654,0.0564499802701978,137,"(0, 100]",2017
151.5671403820934,-166.17148040441512,3098.450085601616,4.73031519081054e-13,462.3130702277136,4.73031519081054e-13,det1,computed_linefit,32.782714487997275,12.23186372658995,0.1711552145413585,175.57517742164865,175.57517742164865,56.65542240526309,17.130731798406654,118.93621927771817,0.0288049174295183,349,"(0, 100]",2017
162.842078865796,74.98375429647794,4997.281569923234,2.0544394338345686e-13,491.1440187696654,2.0544394338345686e-13,det1,computed_linefit,18.015614574368826,244.8126416929266,0.2005442205644573,176.8137425271504,176.8137425271504,9.310649090481782,10.119579032172688,169.34072900330617,0.1466515794394526,236,"(0, 100]",2017
167.39350417859805,-127.92651009350656,4271.911549755,2.2914314707516465e-13,495.5099434016861,2.2914314707516465e-13,det1,computed_linefit,14.521026906029748,54.65326771319936,0.2271452104425459,177.99260351450548,177.99260351450548,2.982128727351922,3.046675545182714,175.19525782158536,0.1940196552279367,260,"(0, 100]",2017
148.61283083111252,-64.88437045044728,3303.364402192633,5.178681919428697e-13,500.3600310210522,5.178681919428697e-13,det1,computed_linefit,27.42775424118204,132.47730706513093,0.038383776842058,170.63903094035197,170.63903094035197,,,,,16,"(0, 100]",2017
161.21878041323583,-130.22453433846616,4183.250052929144,3.362902011246897e-13,480.7427521465275,3.362902011246897e-13,det1,computed_linefit,19.15074434364921,50.07586368881354,0.2599738173639377,179.6177964680187,179.6177964680187,160.92791282643606,19.600151290992105,18.708574161407288,0.0185683065528991,121,"(0, 100]",2017
164.06924212673255,96.36224124466152,3269.494431428549,1.8198773652309369e-13,500.4422677379149,1.8198773652309369e-13,det1,computed_linefit,19.423288026891345,275.3082995637443,0.2307626113917368,176.49297632443103,176.49297632443103,168.57609633464747,27.210022829058143,7.96021330371603,0.0946265411170578,186,"(0, 100]",2017
144.74007501808063,-133.14344097330297,3372.6339025388897,4.475855276957538e-13,414.59024705033903,4.475855276957538e-13,det1,computed_linefit,45.79249850024655,67.07890313684615,0.1416913277374261,163.26428344867705,163.26428344867705,0.3936286122589355,0.3552552205687828,162.96627787908025,0.2987962582994805,6,"(0, 100]",2017
130.8573203352796,-149.9784776550194,8520.495135409008,6.355287432313019e-13,344.3047816867416,6.355287432313019e-13,det1,computed_linefit,56.90026448487712,23.584653691713235,0.1588782140970994,170.69931888631,170.69931888631,39.62335123000852,37.31241972412156,131.70861414969204,0.0570892720603375,123,"(0, 100]",2017
135.05813635285273,104.07170336574453,3405.1460233717607,3.5040636720219573e-13,475.34656924126654,3.5040636720219573e-13,det1,computed_linefit,50.324401691953945,285.1430367328396,0.1406107678786905,174.55972000588903,174.55972000588903,149.20433935459752,43.23219890091706,25.488291011343787,0.0418530048148131,41,"(0, 100]",2017
140.7700054814895,-30.761387063619747,2084.4789402074493,2.411662016538279e-13,500.3609407524343,2.411662016538279e-13,det1,computed_linefit,44.19405243471726,152.39653591470372,0.1700113792281613,174.61081964312118,174.61081964312118,2.503998256164156,1.5473159352766994,172.1076942017463,0.2371164274358982,70,"(0, 100]",2017
140.3663434064555,-164.9219170123787,2522.80229868916,1.9065862296939058e-13,420.6703858099678,1.9065862296939058e-13,det1,computed_linefit,41.86189854801693,13.776195318043914,0.233096578483002,177.6153167314135,177.6153167314135,16.507700214293106,10.44617320219683,161.1688349459699,0.0526892157661147,132,"(0, 100]",2017
161.5885604792756,-75.67799485305382,7176.122293307,2.49399488080602e-13,501.3215733401656,2.49399488080602e-13,det1,computed_linefit,18.353917088714557,104.38737851293368,0.287791675763454,179.93889467800508,179.93889467800508,168.36181876394627,24.18493391731944,11.686713574330309,0.0365126961604999,134,"(0, 100]",2017
140.2390840129197,-32.30637666685256,3956.548282992852,4.582862941503293e-13,501.578788240941,4.582862941503293e-13,det1,computed_linefit,43.91221527697856,150.3100956259561,0.2099176759527093,175.49750938135355,175.49750938135355,159.80134303114107,55.09487397237219,15.749233992624973,0.0847785787530324,158,"(0, 100]",2017
138.00789925004122,69.92357398544486,7319.067245552405,2.898457019905882e-13,405.80000696116826,2.898457019905882e-13,det1,computed_linefit,46.93321952921431,247.91996417849265,0.2091047727682573,174.86394053447486,174.86394053447486,32.295738936390904,37.31293663076189,142.6633944766037,0.0376375383343752,72,"(0, 100]",2017
130.99336101752112,30.05782311798752,3169.567692646661,2.898457019905882e-13,345.36719067022466,2.898457019905882e-13,det1,computed_linefit,54.11785800302015,211.2573082402755,0.1389920855258272,174.80331011671294,174.80331011671294,147.06903568886622,80.20768637161542,27.73720984289256,0.0472764051055743,60,"(0, 100]",2017
132.25868152018768,102.67758313615316,2059.53643024493,468.8890370387912,2.3437142008433856e-13,2.3437142008433856e-13,det2,computed_linefit,76.46647566509957,253.0414047849332,0.0484486036016632,141.5180031380769,141.5180031380769,,,,,13,"(0, 100]",2017
138.64547296959563,36.220077659691874,3176.669360397674,383.7010940069108,4.98798976161204e-13,4.98798976161204e-13,det2,computed_linefit,162.40411531102512,301.4382063159084,0.0579080929250786,45.66400466867346,45.66400466867346,,,,,13,"(0, 100]",2017
154.3069196658459,-44.18465334477708,2521.878756015199,507.4836426665022,2.3437142008433856e-13,2.3437142008433856e-13,det2,computed_linefit,28.62036649119377,156.47453901536267,0.158543350463042,170.17747208686026,170.17747208686026,124.78354303883476,30.774279056508213,46.59431095722014,0.0404823013096724,42,"(0, 100]",2017
149.07066184008815,-105.20110648549786,4212.070553075972,455.4857253804592,3.06111178766429e-13,3.06111178766429e-13,det2,computed_linefit,30.818901632737692,74.63833041479813,0.2978018559543878,179.86221430331648,179.86221430331648,176.1129109129909,33.01857467821149,4.024130111607691,0.0932324432820791,45,"(0, 100]",2017
145.8249124214122,105.2589503522933,3829.53540392596,488.9114049622175,3.26540580689313e-13,3.26540580689313e-13,det2,computed_linefit,63.46470021908839,261.352722035491,0.0479760170235041,146.0006642533435,146.0006642533435,,,,,27,"(0, 100]",2017
138.18438349613612,-50.17847085514724,4929.227786394203,506.97452839673446,4.98798976161204e-13,4.98798976161204e-13,det2,computed_linefit,42.52162452306154,134.12657676994087,0.1774181072259872,177.02541779248662,177.02541779248662,13.64623147976075,33.33882984078211,164.3233477909217,0.0771708084097354,26,"(0, 100]",2017
144.37038313752927,-142.5987622071528,4058.0392059183578,413.7369248928511,4.2537719614005497e-13,4.2537719614005497e-13,det2,computed_linefit,35.105998261972445,36.45375335660589,0.271516226563987,179.24175976282012,179.24175976282012,1.0762469484160069,1.5257456869937818,179.03060234235062,0.1457386278212451,61,"(0, 100]",2017
139.57571008754326,-173.52886670259886,1511.5213341191318,434.86269187429696,8.03887338846093e-14,8.03887338846093e-14,det2,computed_linefit,44.062910217025696,3.769900907201619,0.2289193492685864,175.93405340719607,175.93405340719607,11.779943984132112,4.429316798602819,164.16638473361394,0.0803941717046839,38,"(0, 100]",2017
141.7212487935398,129.72306341503142,1877.730978774695,507.041434768425,2.273736754432321e-13,2.273736754432321e-13,det2,computed_linefit,43.44946620062191,282.40245351272944,0.1480922835338642,161.51519717334077,161.51519717334077,28.8999796568576,36.50686331019333,135.72206401275213,0.112062705439695,14,"(0, 100]",2017
145.04286694937963,-149.5680018920066,9151.28002678501,421.2857283620705,4.43961293735052e-13,4.43961293735052e-13,det2,computed_linefit,35.09881599711726,31.1332706028661,0.2515078061069553,179.57328056450348,179.57328056450348,162.45834136983382,33.61802524144984,17.204670199022374,0.0205582603059057,51,"(0, 100]",2017
148.92137982719396,-107.63638604344536,1933.994408217435,452.2352804737722,3.595093471822542e-13,3.595093471822542e-13,det2,computed_linefit,29.72869606145952,70.22481903098668,0.2239799734977742,178.2698841003481,178.2698841003481,1.7449603288388615,2.180281415924328,179.3918935859709,0.075421574001444,48,"(0, 100]",2017
133.5242268375867,2.9142736705152346,2901.6292066533656,424.7018376703648,2.6048926968973323e-13,2.6048926968973323e-13,det2,computed_linefit,60.61682713505155,203.65784522294564,0.1174498186727377,158.23929289399257,158.23929289399257,153.92125381659596,169.42996359094204,5.415244610344937,0.1190292068905152,4,"(0, 100]",2017
137.81092286860982,109.73370679347668,2591.8525744691283,488.1092937814008,2.3437142008433856e-13,2.3437142008433856e-13,det2,computed_linefit,44.72049622166122,298.08611296568887,0.1852376936661549,173.72666084474392,173.72666084474392,62.58121127018836,44.76556318550747,116.72311205809976,0.0595578256405979,12,"(0, 100]",2017
164.8584960335864,49.64133083042637,5996.428245353081,490.154950301626,2.842170943040401e-13,2.842170943040401e-13,det2,computed_linefit,39.04421557579191,254.4952955203054,0.0870214978711208,154.02636221906656,154.02636221906656,,,,,18,"(0, 100]",2017
131.71066206452585,-50.24004589027002,2222.797122753667,506.8119927423066,5.71269289430398e-13,5.71269289430398e-13,det2,computed_linefit,51.52789851491537,141.1947486188919,0.1045966311436492,170.68101346338156,170.68101346338156,5.045009618870141,4.470335340852546,167.10588036052653,0.2493347967692535,49,"(0, 100]",2017
146.72159665244325,145.1525942635446,5492.722853896939,504.5717879956481,3.215549355384372e-13,3.215549355384372e-13,det2,computed_linefit,49.23749831995119,312.8720525851933,0.090458329396317,162.166096653766,162.166096653766,,,,,33,"(0, 100]",2017
141.73001967656091,169.20386814611945,3865.743379821025,473.7507100880279,1.2710574864626038e-13,1.2710574864626038e-13,det2,computed_linefit,38.50549220198831,349.8115907708876,0.2571371826274883,179.5551604176594,179.5551604176594,119.19717453909271,49.045935990848136,60.80380442458915,0.0079387470926523,55,"(0, 100]",2017
148.46610684057217,102.41100636646324,1725.1076828528408,488.3451432572099,3.26540580689313e-13,3.26540580689313e-13,det2,computed_linefit,59.29744056520804,278.3831671414587,0.1032988829309704,152.1001426064559,152.1001426064559,121.27531579003085,119.00350244264251,30.825430876654924,0.0833142642901295,12,"(0, 100]",2017
135.67269456632835,-85.87538855371915,3557.0880012589087,454.05463904924426,4.687428401686771e-13,4.687428401686771e-13,det2,computed_linefit,46.00331314523971,86.93608200599155,0.1782243375641921,174.636114417377,174.636114417377,1.6502007816085738,1.6940687836232808,174.59471595751646,0.2678817664862725,59,"(0, 100]",2017
151.70368758180365,141.9565121067354,5614.330324200333,506.3880421501909,3.8131724593878125e-13,3.8131724593878125e-13,det2,computed_linefit,51.14529707825928,272.6647761624044,0.0742108840940844,142.4803991580214,142.4803991580214,,,,,46,"(0, 100]",2017
150.21847499627663,142.29799274947382,1891.8572339088596,506.1689983849063,2.842170943040401e-13,2.842170943040401e-13,det2,computed_linefit,71.39991007788348,280.18865546661834,0.0679140364503246,128.76065606510792,128.76065606510792,,,,,52,"(0, 100]",2017
150.44884798079414,-153.57953913563955,1688.780464176324,447.73425020839335,4.721768995590352e-13,4.721768995590352e-13,det2,computed_linefit,29.38294960573675,24.63809907363077,0.2867911541685924,179.10725663621076,179.10725663621076,169.0363559953379,27.270714670375025,11.289631347601546,0.0391452449673556,34,"(0, 100]",2017
140.1654778720402,44.762930818723376,5084.091233625071,389.9060570415908,3.26540580689313e-13,3.26540580689313e-13,det2,computed_linefit,129.51698834564553,308.9731900542388,0.0607666183246642,63.97465721412541,63.97465721412541,,,,,9,"(0, 100]",2017
135.64855710255225,99.19489756791845,5644.803549662288,465.7935606800419,2.842170943040401e-13,2.842170943040401e-13,det2,computed_linefit,162.67973707348077,178.11900457356572,0.1259782937935708,43.72857143641715,43.72857143641715,39.95112951600336,41.81541909156654,5.464029582979444,0.1510797825194514,6,"(0, 100]",2017
140.2198614750937,31.688583393601743,2127.751504059692,396.1230520137014,8.03887338846093e-14,8.03887338846093e-14,det2,computed_linefit,120.32602202499316,249.172503072542,0.1202797998470472,92.87877269403468,92.87877269403468,86.39477575890132,84.86880857953551,7.03728727718156,0.1408295986499194,8,"(0, 100]",2017
148.1947734865795,20.519388054559176,2323.287225645752,444.23896467976266,3.8131724593878125e-13,3.8131724593878125e-13,det2,computed_linefit,131.8084812806294,282.9401086504542,0.0707969311035536,59.020710484218526,59.020710484218526,,,,,9,"(0, 100]",2017
136.5135252793804,136.52139947777684,1915.362833382752,507.2700726270192,4.2537719614005497e-13,4.2537719614005497e-13,det2,computed_linefit,90.51976179998992,241.3309759126936,0.065710837043457,99.74804182181435,99.74804182181435,,,,,45,"(0, 100]",2017
150.46676972670323,139.26073211624706,1855.1146296992256,506.97900385554783,2.842170943040401e-13,2.842170943040401e-13,det2,computed_linefit,47.26951795728483,272.9288405068541,0.0956104246199363,147.18206421342555,147.18206421342555,,,,,14,"(0, 100]",2017
140.9625924107569,-157.2664253337632,1764.007710561902,410.57143919840416,1.2710574864626038e-13,1.2710574864626038e-13,det2,computed_linefit,38.38618433917391,26.73485814584818,0.2407261510884246,177.41460923254198,177.41460923254198,2.645807832890527,6.734889613570738,175.15387273447652,0.1243950081207717,44,"(0, 100]",2017
141.8204127892648,-172.13547181757758,2937.933001201976,439.3843789181469,4.856703836433968e-13,4.856703836433968e-13,det2,computed_linefit,37.93116699315575,9.00803607810509,0.2670193232230893,179.25263145800494,179.25263145800494,2.0035876242727824,3.14457581033207,178.43335798669918,0.0910693758560268,51,"(0, 100]",2017
148.43778221339937,131.86346405746357,2501.3298559417976,507.4574542251663,2.273736754432321e-13,2.273736754432321e-13,det2,computed_linefit,85.86001167150744,172.97329995026124,0.026206879557218,70.6200528141318,70.6200528141318,,,,,39,"(0, 100]",2017
135.92376386274128,5.2401524522736,5419.078325512087,426.0937448520338,2.6048926968973323e-13,2.6048926968973323e-13,det2,computed_linefit,151.7131595321902,308.9731900542388,0.1783164911008745,35.34490579675237,35.34490579675237,35.44820834537792,35.404671872725096,2.9196246883794306,0.3422683218758264,5,"(0, 100]",2017
133.05826918949148,156.56817644911834,3582.8496936480838,486.8591148495648,3.314512409159136e-13,3.314512409159136e-13,det2,computed_linefit,52.25449693878228,327.1779280129942,0.0874057311978967,171.10081802918037,171.10081802918037,,,,,39,"(0, 100]",2017
133.11081247697467,173.17444117804922,5792.215471735786,449.8674638735973,4.889855783314162e-13,4.889855783314162e-13,det2,computed_linefit,49.867695372208,352.86150505302953,0.1316006353960974,177.0123265005738,177.0123265005738,4.884054709339723,3.693944935736832,172.1312861288373,0.1450849051439877,64,"(0, 100]",2017
152.13403637154212,104.11648250523584,2020.2128703687536,493.7609571376326,1.2710574864626038e-13,1.2710574864626038e-13,det2,computed_linefit,36.723767093721726,271.8281276408838,0.0676795092251343,169.0129065151914,169.0129065151914,,,,,11,"(0, 100]",2017
135.96571349196486,-97.70939583692328,7598.854354210659,425.6421284400938,5.115907697472721e-13,5.115907697472721e-13,det2,computed_linefit,46.13421159333375,84.85519619764128,0.244717132141446,177.22399969199233,177.22399969199233,7.25429350709881,9.236363424138942,170.07451211401255,0.0851523687585504,82,"(0, 100]",2017
134.6250913246109,81.22208544129192,2816.750337441426,418.668949718204,2.542114972925208e-13,2.542114972925208e-13,det2,computed_linefit,99.84634728423823,288.5265737573218,0.0443900986132576,120.19722215047602,120.19722215047602,,,,,8,"(0, 100]",2017
155.87349904656577,-107.51363142280776,5457.577104647098,473.6819850309457,3.639754730461873e-13,3.639754730461873e-13,det2,computed_linefit,24.27968844171432,69.73090081135327,0.2827575291360499,178.86009044779573,178.86009044779573,1.9704767122737497,2.508100040774257,178.24132499501656,0.1553929185647046,68,"(0, 100]",2017
142.55302072739258,-143.5138281174752,2367.722344072793,404.749573343693,1.1368683772161605e-13,1.1368683772161605e-13,det2,computed_linefit,36.88269942989388,38.30201820874223,0.3608360674193104,178.7664550017904,178.7664550017904,179.00268024155017,40.51356242291186,0.9427583828906536,0.1790147506103599,54,"(0, 100]",2017
167.12113545017317,63.44788033668414,4001.73990502284,496.26703976718136,2.411662016538279e-13,2.411662016538279e-13,det2,computed_linefit,128.6637056545797,198.72375857149223,0.0592314716667946,60.96285455413958,60.96285455413958,,,,,25,"(0, 100]",2017
151.32533321244316,-81.55527290234765,7828.876832440458,487.48396657832177,2.542114972925208e-13,2.542114972925208e-13,det2,computed_linefit,29.546952066002923,101.73603812665384,0.2315475262412099,178.17688956580852,178.17688956580852,15.64710039588029,16.731042505072377,162.71763249717765,0.0350782284248296,65,"(0, 100]",2017
152.01307499333797,64.26884002278413,3730.374132471809,455.9159130906255,3.215549355384372e-13,3.215549355384372e-13,det2,computed_linefit,98.8143625500068,187.5730387125197,0.0169022845490527,96.85239979195931,96.85239979195931,,,,,26,"(0, 100]",2017
133.13370409731343,157.8272140268837,2562.5077219733453,484.65059523604657,1.797546735911271e-13,1.797546735911271e-13,det2,computed_linefit,54.6108755035624,329.1252105371452,0.0877210134127206,169.74661837850192,169.74661837850192,,,,,28,"(0, 100]",2017
162.2202644455374,-73.09659083385762,7756.717086826502,502.6286891847084,3.06111178766429e-13,3.06111178766429e-13,det2,computed_linefit,17.077818361672698,107.48614678293366,0.2918653304288975,179.27671562154202,179.27671562154202,173.8406212652436,16.79694184540918,6.76675332681475,0.0493387971648785,45,"(0, 100]",2017
131.5477817733567,-6.202321407416054,6655.598082024105,445.1560676767257,1.797546735911271e-13,1.797546735911271e-13,det2,computed_linefit,100.03520694500648,184.653718633995,0.0875241389355092,127.45885553084156,127.45885553084156,,,,,20,"(0, 100]",2017
147.35764890671192,-65.4818470223303,1669.5682368734792,499.3534156738101,3.595093471822542e-13,3.595093471822542e-13,det2,computed_linefit,29.78524837693581,113.42331237004598,0.26521421025301,177.08721098113065,177.08721098113065,4.315881363850956,8.63718905094591,177.82095585840048,0.1469853135344355,32,"(0, 100]",2017
139.04803209058218,-47.10592346461082,2580.583142820269,507.50558549254345,4.43961293735052e-13,4.43961293735052e-13,det2,computed_linefit,40.57971424352346,129.55590204978483,0.1853958363882173,177.7889100176738,177.7889100176738,33.08462175082205,37.09978545297429,148.19527621082946,0.0150691963400015,22,"(0, 100]",2017
159.5186852214125,134.61836487530238,1629.5210435601714,2.049518613753201e-13,507.5306582002908,2.049518613753201e-13,det1,computed_linefit,22.460202554817027,310.8390996612026,0.2104084575420786,177.58648267217487,177.58648267217487,154.13457734177845,34.622700094562994,23.52340597534505,0.0396461575464929,143,"(0, 100]",2018
140.64990234857808,68.86433790447714,2575.3451041692038,2.1268859807002749e-13,415.515578466741,2.1268859807002749e-13,det1,computed_linefit,45.35100616684319,247.6619617351235,0.1765247176081212,173.9449013028352,173.9449013028352,1.592860996676518,0.4717420150128587,172.35389490598808,0.2095997093215404,47,"(0, 100]",2018
140.4561227864859,169.7242500806165,2218.0599054209524,2.666192676669783e-13,470.8138997620014,2.666192676669783e-13,det1,computed_linefit,45.5079977492022,344.02725411152085,0.1273569541270427,172.9055595472957,172.9055595472957,38.53530193961196,24.084718235884388,134.61876892196452,0.0664281672998404,113,"(0, 100]",2018
134.52933358081,-134.66602815670123,3789.53792749049,2.411662016538279e-13,355.8975565078046,2.411662016538279e-13,det1,computed_linefit,49.24802727398065,48.98119553377117,0.2222307461292293,175.36789862904516,175.36789862904516,146.49464412510702,38.87542406592264,29.370168999043592,0.0450429035732024,78,"(0, 100]",2018
137.94526316579496,-26.508087797828644,6516.449073597299,2.842170943040401e-13,494.53293871175015,2.842170943040401e-13,det1,computed_linefit,44.56302437348999,152.58538031108,0.2996699257767803,177.41583862146413,177.41583862146413,151.392667600627,46.77732540266948,26.10676875036713,0.0349173598935539,103,"(0, 100]",2018
138.16895365998818,18.89138981993711,2522.1241170521494,2.898457019905882e-13,404.3553874752042,2.898457019905882e-13,det1,computed_linefit,49.05453647471842,199.79487411814844,0.1651388757671064,172.7480273303212,172.7480273303212,159.57970372841396,56.49144404385137,13.168573137614285,0.0959696697415755,159,"(0, 100]",2018
141.21690921753125,158.60739998851923,3035.8926134205967,2.666192676669783e-13,489.71239007892353,2.666192676669783e-13,det1,computed_linefit,57.2571373752247,325.2736676398946,0.0812944174338136,159.10975743646037,159.10975743646037,,,,,214,"(0, 100]",2018
139.00591966766834,126.31492326833477,2179.4833841392947,1.797546735911271e-13,505.6726370987095,1.797546735911271e-13,det1,computed_linefit,47.05730450985206,303.8642643901427,0.1630655937747953,173.70303183788397,173.70303183788397,104.28984297140396,30.116572300596804,69.41464679718382,0.0370444202800263,53,"(0, 100]",2018
148.37289871900222,-176.2905459773968,4251.251201874853,2.9673135796061134e-13,464.885021551872,2.9673135796061134e-13,det1,computed_linefit,31.69464688864644,0.3818670455443885,0.2880168466087699,178.2522541448005,178.2522541448005,169.4133737294022,48.34446421989653,9.747412794231977,0.0741323780771312,109,"(0, 100]",2018
130.4355732582187,-126.77869509732815,2297.8527680724696,5.271441804947985e-13,334.99347860116427,5.271441804947985e-13,det1,computed_linefit,51.134826225752576,51.745697052408914,0.1859659340111414,178.061776473859,178.061776473859,162.78185779844048,124.02666885694404,15.448738570031985,0.056290295926825,88,"(0, 100]",2018
133.25646378392537,170.47239995617036,2652.8352293829503,1.797546735911271e-13,457.051184846992,1.797546735911271e-13,det1,computed_linefit,56.29794685985536,348.8983605634413,0.1309726713251002,170.36699087799855,170.36699087799855,23.898073921725057,25.12355038812141,146.51449210474323,0.1343830438885527,79,"(0, 100]",2018
164.0345237011208,83.84452353592337,2595.0138558486724,1.932885213127441e-13,496.1863798100697,1.932885213127441e-13,det1,computed_linefit,22.62270562335365,250.89996079873063,0.13866847615395,172.12472920044422,172.12472920044422,95.2602806623611,25.238210975452,77.16678409623569,0.0318040246604473,187,"(0, 100]",2018
148.17967617648492,79.3521455098613,6325.367340732374,3.228085657724633e-13,458.49604240867086,3.228085657724633e-13,det1,computed_linefit,34.933788628429376,254.1889443204371,0.222522535691401,175.78779377939506,175.78779377939506,156.51540216709816,52.44255758432865,19.68222610409993,0.0811460835146157,179,"(0, 100]",2018
159.93516217427032,-130.90882258220464,2183.5821058104034,1.885282921623116e-13,476.9264505591967,1.885282921623116e-13,det1,computed_linefit,20.75872721556865,51.97937029721007,0.2566119374799031,178.77702576127666,178.77702576127666,2.080716284302021,4.110408867795925,177.0773918145396,0.1355784117042304,122,"(0, 100]",2018
148.0832808207947,-22.105336012134853,3830.861109004831,3.314512409159136e-13,495.65561856970726,3.314512409159136e-13,det1,computed_linefit,33.778877676135075,159.38615857377377,0.2307796655250031,177.96982323774702,177.96982323774702,175.0206190724769,53.11915433553695,2.978247005399872,0.1764505668718338,118,"(0, 100]",2018
162.08488418328105,-48.82612417169695,2678.638374754717,2.411662016538279e-13,507.4822810127913,2.411662016538279e-13,det1,computed_linefit,18.633396580723502,130.41665495559067,0.1255404614463961,179.2435064107392,179.2435064107392,170.80350437559335,24.52622200376436,8.626346334748607,0.0700353570198178,99,"(0, 100]",2018
166.6340309597143,151.90701935922743,4303.867269150725,1.530555893832145e-13,506.2171364741527,1.530555893832145e-13,det1,computed_linefit,13.268101147021945,319.02408326943504,0.199395972458748,177.03687692033762,177.03687692033762,169.309294559705,35.011897296570915,8.900442274270258,0.059514738085878,224,"(0, 100]",2018
158.17102389934922,112.17061243376322,3463.569372317748,2.898457019905882e-13,502.7558689580896,2.898457019905882e-13,det1,computed_linefit,23.694700154239197,293.0416787830913,0.2547690764867201,178.10412983615433,178.10412983615433,1.802796259291914,1.053323053405521,176.77770387022792,0.2055430391236098,124,"(0, 100]",2018
133.70805325504358,-96.65186400309427,2367.090253354126,4.652834361350216e-13,421.1624778511686,4.652834361350216e-13,det1,computed_linefit,52.4829167207691,86.09418945299839,0.1790409683916022,173.46855444870764,173.46855444870764,53.758402920835486,21.13167814537533,119.78259609960747,0.0317018409691879,72,"(0, 100]",2018
145.752082391904,152.86619674051886,3850.099774285858,2.049518613753201e-13,498.893644300649,2.049518613753201e-13,det1,computed_linefit,32.38482826138694,332.89503305478104,0.2737660634249748,178.13684337694693,178.13684337694693,10.300644083571552,34.79453182171658,171.45762000704394,0.0548609955980849,167,"(0, 100]",2018
141.3431360368224,-107.6858879289562,3835.9532571641216,4.366225850770097e-13,424.0655278625702,4.366225850770097e-13,det1,computed_linefit,42.82863403937986,69.31304450200287,0.194007783799637,175.3922812020429,175.3922812020429,11.845716160832389,16.43949031439597,163.92553185059165,0.0755380793614239,134,"(0, 100]",2018
142.84200447105457,-98.75524875341708,3108.0444337319464,4.963638160851638e-13,445.2010387991491,4.963638160851638e-13,det1,computed_linefit,39.525035420933065,79.19597177061232,0.1495205200090523,177.31359579826372,177.31359579826372,139.15882230931965,23.825693220784476,38.36938881523847,0.0319171109797723,191,"(0, 100]",2018
149.21387435510536,-128.9263695819716,4981.280355412636,3.8553082408300657e-13,437.134584045822,3.8553082408300657e-13,det1,computed_linefit,36.94576165543278,48.41054299843088,0.1259062083752828,173.66542302390195,173.66542302390195,7.0113754408000055,5.128063745328288,166.6563218051343,0.1892598806449362,263,"(0, 100]",2018
151.70189256175428,43.37651505283029,6047.193006703624,1.392373714442771e-13,446.98686957815136,1.392373714442771e-13,det1,computed_linefit,30.451437244470235,221.4433950288917,0.2270157864371389,177.6473834387269,177.6473834387269,68.63175073945527,24.586411266995,109.32738313991824,0.0145989076216121,200,"(0, 100]",2018
146.03250707199453,-179.79789329360804,2550.133986267532,2.898457019905882e-13,464.1235243548221,2.898457019905882e-13,det1,computed_linefit,39.40209278313603,356.3600581287345,0.1598910932335231,174.10282830005698,174.10282830005698,140.51562614631456,44.25647372726136,33.67672361792603,0.0442555631712778,97,"(0, 100]",2018
141.12273914398,57.88086270443981,5621.1240776695,9.845568954283849e-14,402.7230456131707,9.845568954283849e-14,det1,computed_linefit,43.16293508272575,237.63030672607644,0.2112306752045178,175.7111792568147,175.7111792568147,153.74498853669266,52.71139753978688,21.967151289957062,0.0652625934181409,153,"(0, 100]",2018
132.61471208845367,177.57537167950233,2235.914898360661,2.7408903977723625e-13,436.86893043750456,2.7408903977723625e-13,det1,computed_linefit,49.27628077550072,356.2723345944008,0.2192723528493887,177.8732699328146,177.8732699328146,102.73151405839712,55.51799942206141,75.17220318371339,0.0374355807635515,93,"(0, 100]",2018
151.71776953972875,107.8823111922174,4223.983564174632,2.953670686285155e-13,496.5382826267362,2.953670686285155e-13,det1,computed_linefit,32.902463119086164,284.69867453138585,0.1346787920930613,175.1053518810841,175.1053518810841,166.0197117930086,140.14353160149105,9.157690366404402,0.0777549752654994,107,"(0, 100]",2018
135.3115931990766,68.19911738317911,2414.78132861654,3.362902011246897e-13,389.82137527769873,3.362902011246897e-13,det1,computed_linefit,57.476959326324135,249.3866292073759,0.0894879622408834,167.1785244433171,167.1785244433171,,,,,104,"(0, 100]",2018
168.85516952578962,62.31830554868557,5141.366013736024,1.530555893832145e-13,498.9737686748314,1.530555893832145e-13,det1,computed_linefit,12.566246891685882,245.99490386550343,0.2068282701515461,178.39104012250488,178.39104012250488,52.934830633145566,14.02506320166417,125.6521512195613,0.0186851570738952,323,"(0, 100]",2018
166.21785082268403,136.7066899421799,1562.16430214587,1.7053025658242404e-13,507.498909662361,1.7053025658242404e-13,det1,computed_linefit,13.82657652615922,320.33562649727446,0.2404113548975061,179.1331072778831,179.1331072778831,134.98364781580108,11.4063451394879,45.19547508561669,0.0175670228484757,115,"(0, 100]",2018
164.13357601985678,42.10273517898568,2175.771484767546,2.411662016538279e-13,488.2765365948713,2.411662016538279e-13,det1,computed_linefit,16.723696978549064,218.41513126060508,0.2526558034514083,178.65671166236132,178.65671166236132,173.69598952442374,36.92642815780368,5.330494497033932,0.1072963087412748,150,"(0, 100]",2018
146.48670350756444,61.06984010912998,4749.685082970579,3.314512409159136e-13,431.3321155947767,3.314512409159136e-13,det1,computed_linefit,34.882623918938215,237.3445489458592,0.2681524269190988,177.4987010940296,177.4987010940296,112.409492931315,27.48124375831401,65.89739081525732,0.017567773813222,144,"(0, 100]",2018
138.93484490956985,-75.06153938397334,5912.592615819771,4.755861633237119e-13,481.2178811057109,4.755861633237119e-13,det1,computed_linefit,43.969471750000224,105.51163989977375,0.2279299869457554,177.06999025876053,177.06999025876053,110.98958319921329,46.06558767369951,66.08048482103202,0.0211724264604429,186,"(0, 100]",2018
132.4246434935423,-157.44347680798748,8593.528265685973,4.43961293735052e-13,368.2869856694015,4.43961293735052e-13,det1,computed_linefit,55.8106765590568,17.177757477303896,0.1400609457307149,170.7511210476689,170.7511210476689,113.49915632983505,34.27886945384738,57.68605143613782,0.0400301402637165,288,"(0, 100]",2018
144.26582975088178,79.14288322532097,5306.4071769680895,2.799213746640164e-13,446.2644157349961,2.799213746640164e-13,det1,computed_linefit,54.72407363691649,256.95921017908125,0.0985047665322879,160.9492263823946,160.9492263823946,,,,,241,"(0, 100]",2018
163.13509428508644,-13.63625938744023,1830.3755924918128,2.577615581915475e-13,501.3581809216613,2.577615581915475e-13,det1,computed_linefit,20.764839971710824,169.79907680206878,0.1859390358271856,175.94735212545925,175.94735212545925,11.24904137083513,9.877896734326278,164.75301152420383,0.127675904417445,152,"(0, 100]",2018
134.3544820402149,117.56772791916472,2483.75842028953,4.0194366942304643e-13,497.27138171086335,4.0194366942304643e-13,det1,computed_linefit,56.31540079573615,291.08801143168404,0.0996606502941219,168.2117938961329,168.2117938961329,,,,,130,"(0, 100]",2018
163.90238202356474,158.01580821773769,2804.0087243657817,2.7408903977723625e-13,504.2323730213255,2.7408903977723625e-13,det1,computed_linefit,22.510652321586846,326.37162315822155,0.114207442390022,172.54975364339373,172.54975364339373,6.918796406413692,6.9027490585105,165.83023810434892,0.2150819978301646,243,"(0, 100]",2018
160.9284955844139,-58.28687856380199,1815.0425528710412,2.411662016538279e-13,506.32570201105153,2.411662016538279e-13,det1,computed_linefit,20.64962677789116,123.88081753297428,0.243307110154121,178.25875649726245,178.25875649726245,170.89764678737345,34.62431529945228,7.362226364584536,0.0765765494253651,186,"(0, 100]",2018
133.99183624886237,-96.26984125636396,3892.36907511224,4.338385657113618e-13,423.0968772541373,4.338385657113618e-13,det1,computed_linefit,48.495743512720175,82.16803849127047,0.2445131542634545,177.2608029645704,177.2608029645704,5.727446489400254,10.76376298770106,171.92327480105186,0.1649090073083155,76,"(0, 100]",2018
160.73842500667098,-154.08273657347198,2062.4423332130223,1.1718571004216928e-13,481.8245210531415,1.1718571004216928e-13,det1,computed_linefit,19.78214776396303,20.93762797956714,0.245888522742659,178.25702509130952,178.25702509130952,15.792233502025232,11.01703880249372,163.73777526540476,0.0691626912836197,114,"(0, 100]",2018
166.58792530448068,-5.227090258842943,2834.465115449685,1.797546735911271e-13,501.6746629055667,1.797546735911271e-13,det1,computed_linefit,14.647616881984112,179.92207179882695,0.2238621833733741,178.2447609523985,178.2447609523985,174.9996023399531,26.09580532659285,3.468449672178981,0.1292267429897911,158,"(0, 100]",2018
141.7644082639328,104.64466900183866,2228.4226176946822,2.912358572177595e-13,483.9029906324304,2.912358572177595e-13,det1,computed_linefit,42.32586007563047,281.17671883253183,0.2655352544738386,175.33678659755716,175.33678659755716,116.21590199903586,38.85552502001245,59.25273617761616,0.028204402825257,97,"(0, 100]",2018
130.59801307612918,-15.85230999074145,2593.535960393238,6.456171315449266e-13,468.86681404468754,6.456171315449266e-13,det1,computed_linefit,109.25278899654674,175.79871298052916,0.0576756779471636,119.17532897778038,119.17532897778038,,,,,214,"(0, 100]",2018
130.46306658797414,65.86887426241444,3977.7153724862656,1.885282921623116e-13,359.9329968984097,1.885282921623116e-13,det1,computed_linefit,57.51401511849183,252.716215244896,0.135332484184207,170.31451092739874,170.31451092739874,17.927993651449007,17.881659163753714,153.3229189704735,0.1098833794811294,90,"(0, 100]",2018
143.39262619122846,24.415352590996275,2864.668800549933,2.898457019905882e-13,419.7896252938714,2.898457019905882e-13,det1,computed_linefit,39.12679948636866,208.98071722216707,0.1656701226109608,176.23295509716496,176.23295509716496,3.457956962449098,3.137622129815702,173.94954506177916,0.2797945646243304,39,"(0, 100]",2018
153.68273454824987,16.800791497655247,3305.835025116523,2.7408903977723625e-13,466.3746172153984,2.7408903977723625e-13,det1,computed_linefit,26.82233114899291,199.3540106572233,0.2474631156775924,178.75139008877915,178.75139008877915,173.52292744243135,35.799552895419815,5.713505119987145,0.1000408863008113,91,"(0, 100]",2018
146.29200262875756,89.5271627585913,4586.38234794955,3.076124888606944e-13,467.91189189553785,3.076124888606944e-13,det1,computed_linefit,36.3485708477498,268.12654408285084,0.2555330651176017,177.23991047760916,177.23991047760916,5.419999322566474,14.6477565889273,171.95555479470056,0.1506869166812263,124,"(0, 100]",2018
151.96486439202096,-178.05351801898297,5073.451448617466,475.39471727557424,2.6048926968973323e-13,2.6048926968973323e-13,det2,computed_linefit,27.300111201432287,359.9477054319512,0.2794268332332483,178.81617169241804,178.81617169241804,1.568577322179309,2.3361816661165165,178.37075642280146,0.172413149201198,66,"(0, 100]",2018
163.69630424043973,29.04128173885661,2864.44359559429,488.5428690953544,2.898457019905882e-13,2.898457019905882e-13,det2,computed_linefit,129.84822465098492,225.4061788875618,0.0297278888259537,65.90860295879199,65.90860295879199,,,,,16,"(0, 100]",2018
147.77899320797323,-156.6882813716943,6712.2433975871445,439.6381709339029,2.049518613753201e-13,2.049518613753201e-13,det2,computed_linefit,32.708248950695086,22.73244509068287,0.2975720078425596,179.42199981064377,179.42199981064377,0.9207755993390988,5.286064485584128,178.57257280733998,0.1310091471340155,70,"(0, 100]",2018
151.570126953637,159.91134075374245,2752.92432280851,496.2670552954037,1.607774677692186e-13,1.607774677692186e-13,det2,computed_linefit,27.558587060833343,338.52363253425665,0.3139297644208539,178.91220131211637,178.91220131211637,177.5746201750226,26.594532681413558,2.4183231055109085,0.0769439272752049,27,"(0, 100]",2018
143.5759351807856,178.25097628015172,3992.211359304116,461.57961509894096,3.06111178766429e-13,3.06111178766429e-13,det2,computed_linefit,36.56783229649358,356.61620566533566,0.2589805092122408,179.01714540026433,179.01714540026433,2.035909458815316,1.81598801236792,177.30381259742748,0.1840977562040028,36,"(0, 100]",2018
148.40269878905448,-8.78732541276568,2166.392464535541,481.25068133816137,8.03887338846093e-14,8.03887338846093e-14,det2,computed_linefit,130.31185850499378,208.8188413676797,0.1405628346287811,76.4364318185906,76.4364318185906,73.58047629672595,83.80860637290682,2.8713036819843154,0.1450198872356439,9,"(0, 100]",2018
168.56738913607623,65.06421530772347,6571.931454175358,498.8365434615867,2.049518613753201e-13,2.049518613753201e-13,det2,computed_linefit,17.65779070052615,252.9223817209048,0.1174774599351971,173.4832938790382,173.4832938790382,23.685457817125904,21.744230816317945,150.0581138838509,0.1336198652197698,25,"(0, 100]",2018
143.94356806704255,-54.43692099495584,5513.765160630877,505.6958832347077,4.98798976161204e-13,4.98798976161204e-13,det2,computed_linefit,38.34903943460005,132.21289666432529,0.1913070292195622,175.37426816641508,175.37426816641508,15.621467152839402,29.27390824802769,160.8131923120337,0.0660770885395333,47,"(0, 100]",2018
155.52073882334037,-115.28935456752072,3778.195260770081,467.86977217204463,3.06111178766429e-13,3.06111178766429e-13,det2,computed_linefit,24.18967381363143,67.12304246059041,0.2847668702573424,178.96469377663993,178.96469377663993,3.477665826809356,6.240078027534255,176.94228810539178,0.1094368991403173,60,"(0, 100]",2018
154.00165741795155,-88.52444403777208,5405.618543983863,484.829506059724,3.9382275817135387e-13,3.9382275817135387e-13,det2,computed_linefit,22.988827494355228,95.55010265105868,0.2406666303069854,176.55040780349842,176.55040780349842,1.8131027529219736,6.091752957451786,176.3286884880746,0.0828841676627082,59,"(0, 100]",2018
134.85217690458518,-137.1260525669272,3981.734739339908,357.8589250158919,5.332385353339566e-13,5.332385353339566e-13,det2,computed_linefit,45.51997857975911,43.63245610494569,0.2792806992996196,179.3446267679855,179.3446267679855,22.46359448057417,26.84004740994465,157.0294586679459,0.0129588816433903,97,"(0, 100]",2018
146.22317300020603,170.6093658886531,2280.6478961255743,478.5513236687868,3.8131724593878125e-13,3.8131724593878125e-13,det2,computed_linefit,35.67346535462024,353.2922866163672,0.1802462554399612,177.5646142896781,177.5646142896781,6.577836267026529,2.465537646585725,172.11984720104644,0.0910407425444765,51,"(0, 100]",2018
159.06261416252974,-138.8390065219588,2732.142313990789,474.02640930790176,2.7847474288855413e-13,2.7847474288855413e-13,det2,computed_linefit,18.071088190525355,45.76165142250673,0.2662287700407645,176.75011763397362,176.75011763397362,174.63555695265694,13.60119945506559,3.734806606615229,0.0581326047243127,45,"(0, 100]",2018
148.38323153205596,85.93513367809135,2137.492349802612,467.6327507491652,2.7847474288855413e-13,2.7847474288855413e-13,det2,computed_linefit,114.3557408593388,249.20027111424676,0.1322906252317019,96.09418725441128,96.09418725441128,94.0909585228612,95.63043321576146,2.0266702146470124,0.1350234586065619,7,"(0, 100]",2018
157.79553433010952,53.35901972507802,6087.089675304674,471.0454374982726,1.607774677692186e-13,1.607774677692186e-13,det2,computed_linefit,14.80421378128689,270.0860099636589,0.0352875897236696,166.53251399383453,166.53251399383453,,,,,12,"(0, 100]",2018
147.65388907858545,-1.3915928517023302,2168.2858748575864,470.2082523960954,4.0194366942304643e-13,4.0194366942304643e-13,det2,computed_linefit,97.26439108127532,155.5326601495294,0.1023590992795346,112.42320643533112,112.42320643533112,103.43233519120228,114.25250305742588,9.410869036294676,0.1070712615751603,12,"(0, 100]",2018
159.19493879217177,89.35764996904189,3623.836805106355,491.6156838197992,3.26540580689313e-13,3.26540580689313e-13,det2,computed_linefit,137.4557930975687,204.42065789838983,0.0702290373849086,54.05715322029326,54.05715322029326,,,,,14,"(0, 100]",2018
137.91976132569303,82.03118964120245,1568.1498526381824,431.5131478291021,1.1368683772161605e-13,1.1368683772161605e-13,det2,computed_linefit,143.47913034031146,211.82202060246908,0.0416451721440512,70.04865148770278,70.04865148770278,,,,,11,"(0, 100]",2018
146.64568369290404,-127.4373545011695,2702.0369881505994,425.9304599926225,3.06111178766429e-13,3.06111178766429e-13,det2,computed_linefit,34.17456638123145,51.67823781516565,0.3136978845412366,179.04376645165323,179.04376645165323,175.7972980047171,33.723300999746485,3.498504785268224,0.0707276244532911,40,"(0, 100]",2018
160.90746212293416,-31.41158443999722,1858.818444621473,505.79211321628816,2.3437142008433856e-13,2.3437142008433856e-13,det2,computed_linefit,19.3994530277281,147.17944412766323,0.2174479226768451,179.44333956219478,179.44333956219478,29.280339730802183,34.0573317478856,150.7788644982759,0.0541726255345758,18,"(0, 100]",2018
144.5044147565699,-170.65843501180504,3100.686338595838,445.5671776068552,3.26540580689313e-13,3.26540580689313e-13,det2,computed_linefit,34.788639220256734,7.968990032090997,0.2222052076447313,178.9398602167598,178.9398602167598,4.905534064080555,3.941881705740996,175.3108273981527,0.0508212850232438,78,"(0, 100]",2018
143.15092162907155,121.63914904955904,4404.424646974652,503.463127762236,1.1368683772161605e-13,1.1368683772161605e-13,det2,computed_linefit,142.3243230042312,245.24548020434764,0.0728943868634502,64.50154392234641,64.50154392234641,,,,,39,"(0, 100]",2018
141.08882549080292,25.658928544048635,2357.382380109916,407.3860826537731,3.06111178766429e-13,3.06111178766429e-13,det2,computed_linefit,134.6728584654728,308.9731900542388,0.1670933497813034,49.46374548307839,49.46374548307839,43.360509956936674,40.54035188409305,11.522345965556884,0.2086363557658405,10,"(0, 100]",2018
133.01034792515867,-51.27719427249036,3818.358324999892,506.4455812494771,4.43961293735052e-13,4.43961293735052e-13,det2,computed_linefit,54.8184862000544,137.1572165896388,0.1641386182988314,169.80640765582152,169.80640765582152,17.443126571117027,14.111999840982053,152.5241630440565,0.0983114667912775,42,"(0, 100]",2018
153.38434023472757,-137.93176682876714,6534.266626886334,453.71514180834265,3.410605131648481e-13,3.410605131648481e-13,det2,computed_linefit,26.542939901451984,38.70814323321465,0.2341011579762279,178.4949904944069,178.4949904944069,146.8336736366611,26.37100329246909,32.347359287463966,0.0189157681082079,39,"(0, 100]",2018
151.3036471742436,61.59906416630573,3516.5504270975234,451.4547657808316,3.410605131648481e-13,3.410605131648481e-13,det2,computed_linefit,123.8471982578607,187.0860376177613,0.0846034006955444,75.10406874395508,75.10406874395508,,,,,14,"(0, 100]",2018
134.86253236026232,-2.860907682713938,4749.72619583671,443.63092786911005,2.898457019905882e-13,2.898457019905882e-13,det2,computed_linefit,158.53502883521264,242.9340771306809,0.1029545943455172,56.62349647167255,56.62349647167255,55.41883581280062,57.66220209320564,1.7815353956295863,0.1140722577057688,8,"(0, 100]",2018
155.69715116372947,123.48107181535885,2475.475262435591,506.1586904670762,4.1382633578908325e-13,4.1382633578908325e-13,det2,computed_linefit,14.42751542267597,324.6838237510556,0.4768714450506204,168.02598921660606,168.02598921660606,12.406823321320768,21.109183295428757,176.89814445642045,0.1161668292729835,11,"(0, 100]",2018
139.9762208166263,69.53041774137476,2121.4210814465423,413.7236824135466,3.06111178766429e-13,3.06111178766429e-13,det2,computed_linefit,0.0,180.0,0.3936128291899737,139.9762208166263,139.9762208166263,40.0237791833737,40.0237791833737,180.0,0.2581293799986404,4,"(0, 100]",2018
130.9604806340371,-164.0460617115602,7470.020416950345,377.81790600093024,3.8131724593878125e-13,3.8131724593878125e-13,det2,computed_linefit,46.53588895535115,12.73302380363362,0.230780563145107,176.54233415341554,176.54233415341554,1.8242397941199724,1.610742089987226,176.32060434251792,0.184747486495733,62,"(0, 100]",2018
139.3687759055805,143.75571014694015,4201.601280251113,504.3209051935305,3.215549355384372e-13,3.215549355384372e-13,det2,computed_linefit,137.02818528341734,260.08588667949306,0.0482331802119546,68.99721643103862,68.99721643103862,,,,,46,"(0, 100]",2018
161.95717700186336,-73.12566612629678,4330.975635093831,502.47684161323735,2.898457019905882e-13,2.898457019905882e-13,det2,computed_linefit,18.064369688897827,105.37747763184298,0.2640302071231106,179.53562636670665,179.53562636670665,179.10438931825593,25.409762108594144,1.0445778929904497,0.1765165953032613,37,"(0, 100]",2018
160.04098038385916,93.72273813397594,2653.211562867842,495.15077240239776,1.2710574864626038e-13,1.2710574864626038e-13,det2,computed_linefit,90.21619144032152,266.11832080619234,0.062774096996291,109.5601873469792,109.5601873469792,,,,,32,"(0, 100]",2018
136.2439151668113,-102.38021492807134,2330.715865522442,415.1855505988154,4.582862941503293e-13,4.582862941503293e-13,det2,computed_linefit,44.09235629185817,76.65324141852712,0.2810216562225777,179.24991042248848,179.24991042248848,2.1315285793175973,2.844507530313427,177.42804330340888,0.1549054311631742,50,"(0, 100]",2018
144.3892873488195,-99.9109586669397,2628.3050013888246,448.0026178728283,5.115907697472721e-13,5.115907697472721e-13,det2,computed_linefit,38.35314638432154,79.77370469163029,0.2852835861438094,177.25102134339846,177.25102134339846,1.3371212362111116,0.9733698955695708,176.16313857771,0.2470188326525278,33,"(0, 100]",2018
131.55009045318357,-65.92801471885494,7779.360921572029,490.9675015903642,4.2537719614005497e-13,4.2537719614005497e-13,det2,computed_linefit,52.17875578990818,121.8466427804418,0.1970502416470789,172.95442407125873,172.95442407125873,57.12326580607641,36.80640695954284,116.4605772763398,0.0364409242264921,57,"(0, 100]",2018
138.209267306331,107.59181737475478,3808.42212533472,485.03483310510194,2.3437142008433856e-13,2.3437142008433856e-13,det2,computed_linefit,118.59032916218038,277.32808292013146,0.0549878702226079,102.64996034880828,102.64996034880828,,,,,18,"(0, 100]",2018
161.03372627582368,156.89481634428867,1863.5987430211264,503.3853812730206,1.2710574864626038e-13,1.2710574864626038e-13,det2,computed_linefit,15.614040297730536,334.98386039096727,0.2228596802619951,176.6004301747863,176.6004301747863,2.394581825561984,2.180940531127,177.7548636827537,0.1830534829678957,31,"(0, 100]",2018
141.21196803651435,157.8814164109095,5607.5566642194735,490.6927124463516,3.26540580689313e-13,3.26540580689313e-13,det2,computed_linefit,38.7852810101008,332.830035232751,0.1567590373333414,176.83632383097026,176.83632383097026,29.33875550867921,34.329274146520724,148.63480931949846,0.049250233913705,36,"(0, 100]",2018
142.24852206059364,-1.7300112480781518,2452.7611663946946,458.645872082553,8.03887338846093e-14,8.03887338846093e-14,det2,computed_linefit,134.54261208912988,185.5643133243265,0.0479652028045586,83.00505557135435,83.00505557135435,,,,,18,"(0, 100]",2018
148.27476116725077,-125.43616796304984,4526.6726584783,434.4379129998405,3.410605131648481e-13,3.410605131648481e-13,det2,computed_linefit,31.150328192286384,55.04505682417838,0.2650496854458233,179.3726922833388,179.3726922833388,2.736582725698259,9.637523670902093,177.87076640294944,0.1142854886330374,55,"(0, 100]",2018
135.676758173603,-24.12431327419676,3613.735842994317,489.83531048923663,3.4576501834057014e-13,3.4576501834057014e-13,det2,computed_linefit,30.2944374715005,309.0866301097992,0.024633841464092,107.64312391900654,107.64312391900654,,,,,20,"(0, 100]",2018
130.77810499224145,88.70696032290611,4981.986657483846,428.323075754173,1.7053025658242404e-13,1.7053025658242404e-13,det2,computed_linefit,148.61562719464172,257.97110548293506,0.0516344631203254,80.20516485401255,80.20516485401255,,,,,11,"(0, 100]",2018
144.8560789901989,-14.619218310054446,2842.34885085462,484.0409380711132,4.1382633578908325e-13,4.1382633578908325e-13,det2,computed_linefit,15.624019500134446,308.9731900542388,0.037272757587574,131.50784460760644,131.50784460760644,,,,,4,"(0, 100]",2018
135.75319878734464,-10.44654322903156,2609.9521981116927,463.6072936447109,1.2710574864626038e-13,1.2710574864626038e-13,det2,computed_linefit,80.07892708010196,187.86781929135103,0.0790347654941534,140.88859846379742,140.88859846379742,,,,,12,"(0, 100]",2018
150.3921126876593,-162.99756102540738,2312.0495055491983,455.4709050098255,3.410605131648481e-13,3.410605131648481e-13,det2,computed_linefit,29.32846214102969,19.102416333174247,0.2437408744497834,178.9298668634786,178.9298668634786,2.1280856470501783,1.26002352758739,178.00062217115735,0.1391915012929519,39,"(0, 100]",2018
152.26640518345104,92.08840502054832,5843.73322428677,482.6097664755008,2.542114972925208e-13,2.542114972925208e-13,det2,computed_linefit,42.562882675995205,263.7583511143312,0.0933467143865496,164.44465066092016,164.44465066092016,,,,,28,"(0, 100]",2018
155.26535167929327,-179.73048392006737,2270.122851602731,483.5959830097037,2.3437142008433856e-13,2.3437142008433856e-13,det2,computed_linefit,25.067296637501297,348.88184619995417,0.2691870218245387,175.20026190220102,175.20026190220102,6.97842321307498,4.593470919386748,168.563418096581,0.1538025952579982,23,"(0, 100]",2018
147.4867636409357,136.14274183733622,2437.0936826641355,507.415495617041,1.607774677692186e-13,1.607774677692186e-13,det2,computed_linefit,66.99278290812835,275.27923691669383,0.0750758633235544,134.72829056319884,134.72829056319884,,,,,65,"(0, 100]",2018
166.7282320322553,77.02825198753123,4069.356145169686,498.1215127907633,2.3437142008433856e-13,2.3437142008433856e-13,det2,computed_linefit,18.170828330478194,129.02903020301014,0.0685251358162629,151.72443381985826,151.72443381985826,,,,,19,"(0, 100]",2018
158.40896553879492,-115.14997030259586,2409.09814125123,3.228085657724633e-13,476.57904029490345,3.228085657724633e-13,det1,computed_linefit,22.40429725729047,70.47447316820728,0.2547374500979972,177.7427345031464,177.7427345031464,3.642110816728166,8.612661355997119,175.1235292115569,0.1097293115703563,83,"(0, 100]",2019
147.6057274915189,34.23601658661171,2015.6922029681784,2.898457019905882e-13,431.0617122474694,2.898457019905882e-13,det1,computed_linefit,35.416852725102,214.07707744294427,0.1990593112847481,176.97612204523932,176.97612204523932,154.06687515747194,33.35357668454481,22.909272773355223,0.0471940281045455,90,"(0, 100]",2019
139.7983199841337,-151.70806990658562,2493.7001118693584,3.314512409159136e-13,397.34470528787614,3.314512409159136e-13,det1,computed_linefit,43.64298828906934,21.81945268454495,0.1766052481294089,174.47681611882365,174.47681611882365,115.56504555093704,26.0739744677917,60.06793819941178,0.0277602949034579,75,"(0, 100]",2019
162.3945989721618,-154.76789735514967,1993.0055152121488,3.228085657724633e-13,486.1800243152451,3.228085657724633e-13,det1,computed_linefit,19.54844657050638,17.313601026939864,0.2076134963442781,176.8198525130276,176.8198525130276,154.06708423422774,4.813424028781022,23.19964882376483,0.0249344178037753,75,"(0, 100]",2019
146.1992890704376,103.07131568084316,5122.159222405319,1.8198773652309369e-13,486.5967864924909,1.8198773652309369e-13,det1,computed_linefit,35.54801315265367,281.5163401958515,0.215953418383885,178.04163693051683,178.04163693051683,170.91138519723148,45.6254031552964,7.189828075806204,0.1092086623924955,116,"(0, 100]",2019
133.52714226982667,8.873741891296092,4476.975042046055,4.617981178760124e-13,408.3503006494772,4.617981178760124e-13,det1,computed_linefit,56.17932688715717,184.4202405657693,0.158769592586181,169.69381358671984,169.69381358671984,103.49484685507612,29.503490511450213,66.65499414798458,0.0432533081366768,154,"(0, 100]",2019
134.96716399519974,-5.83565778382761,1622.0788500739056,2.382173337059642e-13,451.30442146317847,2.382173337059642e-13,det1,computed_linefit,51.13671312352403,172.8237650751582,0.1607744252073973,173.81540456448286,173.81540456448286,166.2030002104569,123.06604143268795,7.615081782449039,0.1162539063394712,100,"(0, 100]",2019
133.5190406928998,86.74457605061326,1885.3128680231728,3.606310639398066e-13,430.1011786709588,3.606310639398066e-13,det1,computed_linefit,135.00922891870027,252.18969563861376,0.0535696720987929,90.52888766705108,90.52888766705108,,,,,205,"(0, 100]",2019
158.26560294558462,118.43205611081844,2152.332317914848,2.4777471841961613e-13,505.09287595471386,2.4777471841961613e-13,det1,computed_linefit,24.43628190136389,290.3839209318006,0.2094175391561631,175.85121617822873,175.85121617822873,155.39848741060345,35.76771663174621,20.673487646703787,0.0537067297010378,175,"(0, 100]",2019
139.36844835395982,-166.7922760825579,3884.69612021752,1.530555893832145e-13,420.280717966739,1.530555893832145e-13,det1,computed_linefit,38.40709566463264,13.382611306171816,0.2311877409507477,177.77276383950962,177.77276383950962,1.0906158762996263,0.9267017842349896,178.82183780530633,0.2497571836951902,13,"(0, 100]",2019
149.0094079801694,130.9705704347952,8256.060123854455,2.953670686285155e-13,507.3728108236901,2.953670686285155e-13,det1,computed_linefit,32.48951982551121,312.7144512597308,0.2623161630087192,178.2427491752944,178.2427491752944,92.576593349056,11.701300517942098,85.99898479733938,0.0135076474722085,205,"(0, 100]",2019
152.47671023375958,27.807981322825917,2703.943260526373,2.898457019905882e-13,454.82721536571,2.898457019905882e-13,det1,computed_linefit,31.183007972688124,203.6086570193204,0.2510639027837003,175.80306111041898,175.80306111041898,60.24123875550345,29.341313352589754,115.97693937332912,0.0257378757111236,132,"(0, 100]",2019
160.56082766803857,87.17667850744367,5479.601840812406,1.9462257121179987e-13,492.4909977143867,1.9462257121179987e-13,det1,computed_linefit,24.251993565182303,267.9407004517866,0.2056396476081506,175.17888632413127,175.17888632413127,35.80380629889443,17.325156451348644,139.42690545735363,0.0611490366538224,212,"(0, 100]",2019
157.965460347362,-139.26026730043466,3242.596697160885,3.5040636720219573e-13,470.4999889782204,3.5040636720219573e-13,det1,computed_linefit,22.42488569462177,41.53418962536729,0.286262827407489,179.50735584298388,179.50735584298388,175.71767275346363,20.64980061219025,3.848224231977081,0.115841487901523,143,"(0, 100]",2019
133.15609964029,-10.248062659817576,3153.657993722444,2.9673135796061134e-13,458.808850182821,2.9673135796061134e-13,det1,computed_linefit,51.18781689487799,171.5217535640109,0.2288790209084256,175.45558547298216,175.45558547298216,151.25982301237977,88.38606366809502,24.21368331416974,0.0671721769907512,90,"(0, 100]",2019
136.5340798859735,-5.895485375529402,4247.460251429424,1.8474111129762605e-13,454.6968061445097,1.8474111129762605e-13,det1,computed_linefit,46.03058853287678,175.41491659036996,0.238763127417823,177.27457135279647,177.27457135279647,52.92639412075341,24.827527543182992,124.38523546414804,0.0223837274201969,99,"(0, 100]",2019
155.66670801771224,-33.03574554173812,3061.6357777410344,8.03887338846093e-14,505.3303465197909,8.03887338846093e-14,det1,computed_linefit,27.017999616028604,148.81892894632247,0.1999583478023566,177.19791010961166,177.19791010961166,11.26242193132589,12.896575747778298,165.93590943472833,0.1132644024208578,194,"(0, 100]",2019
157.3040373434266,44.15807002354904,4749.815766793544,1.885282921623116e-13,468.3185069710949,1.885282921623116e-13,det1,computed_linefit,26.413212298694035,224.85545490684305,0.2273084800293401,176.27153139643164,176.27153139643164,6.168898815367875,5.596477577185864,170.1197977589738,0.1468832930201042,95,"(0, 100]",2019
155.86694757737362,165.84599905808207,4653.239650283365,1.7053025658242404e-13,495.43779726108926,1.7053025658242404e-13,det1,computed_linefit,25.054263944574046,343.1586096682132,0.2449340247865594,178.5512308359203,178.5512308359203,19.71484800864424,9.682993322376005,159.060833018175,0.041386806744028,102,"(0, 100]",2019
166.12917006647515,21.785660537734906,1516.6698940815731,2.360884497795176e-13,494.8975049706879,2.360884497795176e-13,det1,computed_linefit,20.72524237105809,201.89081252698165,0.121913533026356,173.14551897216742,173.14551897216742,9.426407766492066,7.494332751715459,163.78960471193977,0.1567763150960257,144,"(0, 100]",2019
133.31031690649087,67.35260936355165,3770.985098241428,9.845568954283849e-14,378.1578181901103,9.845568954283849e-14,det1,computed_linefit,51.48327962764957,252.90457100645816,0.1108798164295249,173.6327088867518,173.6327088867518,2.35421722053907,2.129277032464071,172.38348554088793,0.2665793330251116,87,"(0, 100]",2019
146.83147981462304,145.75117652827888,1458.5863627334036,2.666192676669783e-13,504.2733498465553,2.666192676669783e-13,det1,computed_linefit,37.5475331926935,325.374260937563,0.2329688504588062,175.61557669329525,175.61557669329525,149.99834792477975,28.920912109701487,25.651510654326945,0.056630196257201,124,"(0, 100]",2019
153.5096553039716,25.092147238311615,3516.6734010343025,1.2710574864626038e-13,460.1311507848744,1.2710574864626038e-13,det1,computed_linefit,30.11701096752033,201.32817412827208,0.2246077645825581,175.95960459170777,175.95960459170777,45.27113477920599,46.40341149630233,130.82927952996616,0.0268763284975646,104,"(0, 100]",2019
144.723545320025,127.33303003027744,3318.7107742028875,8.03887338846093e-14,506.45902930303225,8.03887338846093e-14,det1,computed_linefit,37.741953960147626,307.12905349398136,0.2148278946910043,177.53151882568724,177.53151882568724,144.45689459036342,33.71274353771444,33.10612110162125,0.0429810824249095,29,"(0, 100]",2019
152.5795842141632,-25.947573218093964,3478.2446732587414,3.8131724593878125e-13,501.1042867740679,3.8131724593878125e-13,det1,computed_linefit,29.739172032801388,155.7531036025187,0.2229422687544877,177.54286930619566,177.54286930619566,40.04759642535266,34.49473558792362,137.4989975825272,0.0204013912841347,153,"(0, 100]",2019
162.82488579722084,36.99000824276863,1698.299387370315,2.411662016538279e-13,485.2957773533808,2.411662016538279e-13,det1,computed_linefit,19.456454173483326,218.9546350935517,0.2713114084854566,177.63690416277345,177.63690416277345,100.0963008784169,22.7830051300332,77.55214191518894,0.0178998576669698,73,"(0, 100]",2019
153.52102915871757,-11.13528813954175,3080.4746373855905,1.7288250917028504e-13,490.6914671578393,1.7288250917028504e-13,det1,computed_linefit,28.295882565819745,169.97969392714765,0.2419210876681045,178.11215551121578,178.11215551121578,169.84220384525747,27.594208030897363,8.300211375002583,0.0940624263003127,177,"(0, 100]",2019
155.34283399379336,2.421181553913856,2838.497088236816,3.074277920629802e-13,482.1268866816693,3.074277920629802e-13,det1,computed_linefit,26.838603157073557,184.368239223715,0.2203147472054711,177.66059165031186,177.66059165031186,169.4227993059495,44.17562697783071,8.277144288848877,0.0750877233583984,88,"(0, 100]",2019
149.3645184457183,76.76351722310264,5212.649159789735,3.228085657724633e-13,458.8458318872235,3.228085657724633e-13,det1,computed_linefit,38.66395451454009,251.39869557160776,0.1183068594321316,171.4183565042269,171.4183565042269,75.74542737716654,45.833263334357895,95.94476839078015,0.0398760204994224,298,"(0, 100]",2019
163.2365978694315,143.1205083548776,3992.764856826641,2.3437142008433856e-13,506.979062872929,2.3437142008433856e-13,det1,computed_linefit,17.977290761975738,322.25706624627145,0.2288083723360601,178.75907484315624,178.75907484315624,156.4463635436334,14.122142569573418,22.31459153000347,0.025496871891767,190,"(0, 100]",2019
130.31631391388788,32.18104499285423,5076.281569667781,1.392373714442771e-13,337.7228574598297,1.392373714442771e-13,det1,computed_linefit,69.62018814100549,219.7802576068618,0.1239328717231271,159.0341147170854,159.0341147170854,124.8289976352552,79.53195884321332,34.49308783842397,0.0758653055277524,77,"(0, 100]",2019
138.9004668032467,154.57969169328186,2328.987859691814,2.666192676669783e-13,493.5612036851504,2.666192676669783e-13,det1,computed_linefit,65.0032559509487,322.29298574100164,0.0872372090803823,154.23453483127378,154.23453483127378,,,,,99,"(0, 100]",2019
140.49025432876698,-70.11412312128516,1611.884180024273,3.362902011246897e-13,490.2643862371368,3.362902011246897e-13,det1,computed_linefit,44.36855192467032,116.799118819177,0.1682714483192037,173.30063957803438,173.30063957803438,146.04896893177064,42.95174214919271,27.69671310310497,0.0553896951319633,89,"(0, 100]",2019
156.58113999023806,-48.99324710354782,3989.127797698484,3.06111178766429e-13,507.4352395912753,3.06111178766429e-13,det1,computed_linefit,88.49314456898922,160.1252842590502,0.0280050427947117,111.79140072715298,111.79140072715298,,,,,320,"(0, 100]",2019
154.88244864052848,28.290472108628315,2841.0656259804123,2.3437142008433856e-13,463.2457538358868,2.3437142008433856e-13,det1,computed_linefit,47.20447177591298,163.24431808826097,0.0282387311183656,146.63754814757883,146.63754814757883,,,,,24,"(0, 100]",2019
159.34281073364934,10.939183009880333,2160.90789814864,2.9673135796061134e-13,484.8258819299968,2.9673135796061134e-13,det1,computed_linefit,111.78386269581456,199.8768547751544,0.0463937158413534,88.6453761456706,88.6453761456706,,,,,369,"(0, 100]",2019
132.93586667607266,-111.4319666407374,2736.347844611486,5.178681919428697e-13,378.9208223262676,5.178681919428697e-13,det1,computed_linefit,75.55952938989391,71.66776683490886,0.0834635093399112,151.38027762132234,151.38027762132234,,,,,306,"(0, 100]",2019
162.7603459148079,-80.68159587905372,2839.3686918234253,2.6699771962137133e-13,500.2916480347694,2.6699771962137133e-13,det1,computed_linefit,17.58421366056402,94.11063056354784,0.2340175084019492,178.40454035941656,178.40454035941656,1.7495977576767243,1.6120692119919906,178.52612394015057,0.2171817753268141,68,"(0, 100]",2019
161.58621959374074,-134.15049613849175,8515.427953706436,2.842170943040401e-13,481.5177745061381,2.842170943040401e-13,det1,computed_linefit,18.46355702062117,49.136419035125,0.2528324162024786,178.9593218089154,178.9593218089154,174.62947104953835,19.696772431672937,5.225296740121855,0.0947403767015456,138,"(0, 100]",2019
161.28824207673406,11.570314381270835,2453.106859684692,2.912358572177595e-13,488.5659440432688,2.912358572177595e-13,det1,computed_linefit,19.80237186259856,189.77126528153963,0.265460122393754,178.75855231592084,178.75855231592084,3.6921849834533056,5.492802217891787,175.18593246461256,0.1180858756349045,69,"(0, 100]",2019
148.53480595508185,152.46157655565068,3197.175930296602,2.1268859807002749e-13,500.4103531601621,2.1268859807002749e-13,det1,computed_linefit,33.54435365819916,332.999406565304,0.2532452024350959,177.9008677395572,177.9008677395572,12.006266029415915,18.711855125595328,165.98177841496212,0.0888729897141558,175,"(0, 100]",2019
155.25846847367438,179.09327483323858,6045.959201566168,1.530555893832145e-13,484.5407291953073,1.530555893832145e-13,det1,computed_linefit,26.68129900781064,353.7554070408829,0.2100331534425187,176.98085824149962,176.98085824149962,169.47680008790974,40.04857083985561,7.797780844711023,0.0805950158103767,230,"(0, 100]",2019
133.03262908554794,-78.86085349898565,3122.769879551572,4.1088788676691373e-13,466.2143177874033,4.1088788676691373e-13,det1,computed_linefit,48.265398776251146,102.12386212762358,0.2287885613842975,178.51210167014924,178.51210167014924,166.11668487774384,45.303551163848944,12.495063593219117,0.0687878742619482,88,"(0, 100]",2019
167.08295825587382,22.81714422780077,4110.35525627327,1.8198773652309369e-13,496.4096873566464,1.8198773652309369e-13,det1,computed_linefit,15.468114464562229,207.5352287627644,0.2436302638573795,177.20092260142212,177.20092260142212,122.24949356721396,12.719963579331631,55.10107383766054,0.0204474179008017,103,"(0, 100]",2019
154.89557330015424,24.41779180811328,3652.020715738213,1.7053025658242404e-13,465.2229344953948,1.7053025658242404e-13,det1,computed_linefit,26.968739198168084,200.5113183083288,0.2606477549617982,177.46790413060054,177.46790413060054,100.33536871433895,18.063701075751403,77.66817483240224,0.01619785604469,134,"(0, 100]",2019
135.99956329792562,104.91079658867925,2754.4479111928986,2.666192676669783e-13,478.070978751598,2.666192676669783e-13,det1,computed_linefit,62.20819532075373,283.0868322464406,0.0917751212114158,161.73523377739684,161.73523377739684,,,,,179,"(0, 100]",2019
141.80281591150782,50.44875710317567,3323.4587570683075,2.898457019905882e-13,400.6256868929775,2.898457019905882e-13,det1,computed_linefit,51.077453954751135,228.1653006092241,0.0867046069964807,167.02190629951335,167.02190629951335,,,,,205,"(0, 100]",2019
147.92366852534076,-31.41478123094053,8091.696829116324,3.8131724593878125e-13,502.9065626143992,3.8131724593878125e-13,det1,computed_linefit,32.3419109547762,147.35653788852102,0.3000387980799783,179.29331148758004,179.29331148758004,177.69287119724092,37.74925192576002,1.9964339929020825,0.1763486224423762,164,"(0, 100]",2019
153.10089600659592,-8.125113453608222,2543.0699415353306,2.360884497795176e-13,487.4776877651842,2.360884497795176e-13,det1,computed_linefit,28.79003094433332,171.45170914583255,0.214846646632665,178.09878181717878,178.09878181717878,15.474834508753164,13.796771750572857,162.72956911677798,0.0531757548136751,176,"(0, 100]",2019
136.59247317787705,-147.7681396285214,4645.946876354221,4.43961293735052e-13,375.2027594942428,4.43961293735052e-13,det1,computed_linefit,44.92315859345917,31.9852863500362,0.2243911815968909,178.47466519705978,178.47466519705978,140.82332398659895,35.86717071409508,37.6741356017081,0.0358635572094266,106,"(0, 100]",2019
138.04679215567307,-16.96638465664076,3687.598821880909,479.8573783930439,4.1382633578908325e-13,4.1382633578908325e-13,det2,computed_linefit,151.37822729758253,309.0266121820116,0.0700611034298871,23.323849873034245,23.323849873034245,,,,,12,"(0, 100]",2019
134.28656309662574,163.64994475000043,3776.383138016135,474.2642799282036,1.2710574864626038e-13,1.2710574864626038e-13,det2,computed_linefit,42.283785384699776,353.27237286435894,0.1081253158887011,172.4947023966065,172.4947023966065,4.767185173460221,3.389877699283868,171.0610305859143,0.1434337714895766,25,"(0, 100]",2019
135.41805197393455,126.13292636980236,4427.255563017854,505.2953356280453,2.273736754432321e-13,2.273736754432321e-13,det2,computed_linefit,99.65205490520424,276.9798136423021,0.0645115535335802,119.00676086270587,119.00676086270587,,,,,15,"(0, 100]",2019
158.74099101812754,-119.03287482763278,2264.8658634660896,476.0206066104618,2.273736754432321e-13,2.273736754432321e-13,det2,computed_linefit,21.73806307525999,67.74742172748037,0.3276052882243622,177.47079362819875,177.47079362819875,176.99480272683655,26.14990113275786,0.8838627235305937,0.2406770483201523,58,"(0, 100]",2019
131.35739294467336,-164.90277262382966,5636.87792690045,382.0219544789341,4.0194366942304643e-13,4.0194366942304643e-13,det2,computed_linefit,49.07145209226218,18.08060346204461,0.2406562981931569,177.71287088425805,177.71287088425805,1.0289837100759456,1.1233388368304482,177.91826347415136,0.2317915170624675,67,"(0, 100]",2019
146.3495884425978,57.67918923892542,1499.4418903620422,427.9220034252761,2.542114972925208e-13,2.542114972925208e-13,det2,computed_linefit,134.36209907289734,202.43539657527035,0.0543998415631947,75.01998526158975,75.01998526158975,,,,,9,"(0, 100]",2019
136.0273905109267,32.27398859407452,3230.97815266521,372.1756882795654,1.7053025658242404e-13,1.7053025658242404e-13,det2,computed_linefit,139.17260075231192,175.6012968988835,0.0567963459068118,79.60208931929398,79.60208931929398,,,,,27,"(0, 100]",2019
145.36194251179035,-95.72267834531247,2452.7022962781284,457.4965326211578,3.8131724593878125e-13,3.8131724593878125e-13,det2,computed_linefit,33.05779821124451,87.41255487533051,0.2397055566665808,177.64526882352467,177.64526882352467,4.066582466053999,8.424397659962628,174.10992353985358,0.0862390016648957,44,"(0, 100]",2019
140.81933758825377,-11.959242726628595,2080.9678331706773,474.5266587623702,8.03887338846093e-14,8.03887338846093e-14,det2,computed_linefit,94.49649741242794,161.69718170650617,0.081869564676883,124.41590360758376,124.41590360758376,,,,,11,"(0, 100]",2019
166.8825950031478,136.96735488781297,5850.118238310286,507.4959280560416,1.607774677692186e-13,1.607774677692186e-13,det2,computed_linefit,11.095025515009675,310.28657402561083,0.2376869003246675,177.54285516953135,177.54285516953135,26.171672886093305,6.249762385957724,154.77992366687124,0.0245302064252061,40,"(0, 100]",2019
137.68832170859656,37.16355970811263,6685.0287980555695,377.55895534632896,2.3437142008433856e-13,2.3437142008433856e-13,det2,computed_linefit,139.6792274680289,290.2359995185076,0.0722541699674797,64.0879948284802,64.0879948284802,,,,,12,"(0, 100]",2019
132.2491483378384,88.25525770773471,2626.1382365073,430.8674516913546,2.049518613753201e-13,2.049518613753201e-13,det2,computed_linefit,94.58525967142376,251.1402761541673,0.0883206785774229,130.64980196982737,130.64980196982737,,,,,9,"(0, 100]",2019
150.24665800601875,-22.424567083589416,2633.1254175419504,497.3488404194371,1.797546735911271e-13,1.797546735911271e-13,det2,computed_linefit,0.0,0.0,0.0016012406118732,150.24665800601875,150.24665800601875,,,,,6,"(0, 100]",2019
153.76830093363583,167.3860812469082,8741.382924432315,492.12053936922695,1.607774677692186e-13,1.607774677692186e-13,det2,computed_linefit,25.196718845582776,339.21486544509617,0.1895364564740239,176.30965769609213,176.30965769609213,5.321091144434502,3.5351931874041176,173.03028215828044,0.1309759888818988,78,"(0, 100]",2019
159.24872529967612,128.12801633737874,1601.738598624066,507.2280796315157,2.7847474288855413e-13,2.7847474288855413e-13,det2,computed_linefit,20.68998505869264,303.2507853555514,0.2073830155064512,178.2737481448329,178.2737481448329,85.214957705777,20.485339677972927,93.72732037610984,0.0096790368720508,22,"(0, 100]",2019
131.5359763053282,156.7020863237931,2525.335796790918,485.5658668791326,4.291584011338472e-13,4.291584011338472e-13,det2,computed_linefit,73.77166587420287,194.38248163566848,0.051253065331322,67.44916602840543,67.44916602840543,,,,,15,"(0, 100]",2019
133.52996488515507,114.91157769823435,1637.919390634667,493.3302239293446,2.542114972925208e-13,2.542114972925208e-13,det2,computed_linefit,109.53475086740744,274.43952386249003,0.1007740591553031,114.19413883385964,114.19413883385964,114.0680639246656,118.04729196872152,0.1296958150754036,0.1011775196876751,8,"(0, 100]",2019
168.71703707234298,-90.19999839953068,2254.6784918402,502.791891710311,2.542114972925208e-13,2.542114972925208e-13,det2,computed_linefit,10.205209275335726,90.1574899370667,0.3135769443238047,178.92019293869166,178.92019293869166,178.84755886194614,14.167006203740025,2.18536999616766,0.1783700039031271,36,"(0, 100]",2019
167.45887006305594,171.3854469288749,2822.2960792939266,503.0477479313099,1.2710574864626038e-13,1.2710574864626038e-13,det2,computed_linefit,12.507635284479676,342.8762762968041,0.2091169347759371,178.15605644382097,178.15605644382097,6.219016281862673,24.60041267435393,172.16719028923598,0.0771449831135379,32,"(0, 100]",2019
153.92165284414838,-52.45716564917774,4456.624106024339,506.9370581303269,2.542114972925208e-13,2.542114972925208e-13,det2,computed_linefit,27.88621645846294,131.54556957607042,0.2539642809041064,177.43833878242873,177.43833878242873,7.534746226881741,15.256513529954123,169.9500584330592,0.0664839390849541,50,"(0, 100]",2019
137.32177093517785,63.14366005534721,2299.686884107544,390.1979945181792,3.215549355384372e-13,3.215549355384372e-13,det2,computed_linefit,110.7771183905926,281.09865294979664,0.0570710768155987,103.82482338481852,103.82482338481852,,,,,7,"(0, 100]",2019
160.99575173201498,94.9939919518566,2977.6524468172174,496.8772879282087,1.797546735911271e-13,1.797546735911271e-13,det2,computed_linefit,104.25099399021508,194.6922484929377,0.0039683763996428,79.65448323895598,79.65448323895598,,,,,13,"(0, 100]",2019
148.39793680399276,41.31249696813931,3616.719207943636,432.54306034231263,2.842170943040401e-13,2.842170943040401e-13,det2,computed_linefit,160.24140577511824,153.90642168473738,0.0899821789734698,42.819022869647696,42.819022869647696,,,,,19,"(0, 100]",2019
132.68938708227577,35.30235870467833,4419.266950744612,348.7054258037997,1.2710574864626038e-13,1.2710574864626038e-13,det2,computed_linefit,141.34050902166317,175.77891471022224,0.0591702982775258,79.90619404597682,79.90619404597682,,,,,13,"(0, 100]",2019
141.32560848639108,-142.32994995846985,1779.082806431046,397.57474711889336,4.099037227506402e-13,4.099037227506402e-13,det2,computed_linefit,38.22764572946049,33.53207945499549,0.2504103814845543,177.38870384399254,177.38870384399254,1.9240557655213824,1.4463245831062554,175.63507360804374,0.1645103655946759,58,"(0, 100]",2019
135.26259107165282,75.3705162798448,2116.067423499255,406.1537809772171,2.7847474288855413e-13,2.7847474288855413e-13,det2,computed_linefit,119.99339062974246,221.7112116481256,0.0716290510272078,98.7602569975101,98.7602569975101,,,,,11,"(0, 100]",2019
145.70241388505295,-131.53328742452763,3721.42035106865,419.8029890490773,2.542114972925208e-13,2.542114972925208e-13,det2,computed_linefit,35.648269565942854,51.254159532971904,0.2371187549316907,177.908129711917,177.908129711917,9.040868236384732,11.821565543629882,168.97067341780962,0.0584681293903875,76,"(0, 100]",2019
161.1413235552493,-105.2093755641492,3352.8983077196986,487.587510795976,2.842170943040401e-13,2.842170943040401e-13,det2,computed_linefit,18.21773788308056,67.28531942617127,0.2578965868662779,177.5310202511423,177.5310202511423,0.4708203966410251,1.4057695269811972,178.00159144146832,0.1554207602621605,47,"(0, 100]",2019
141.11298270955436,-32.032920348771846,3732.684520568053,501.5725799686011,3.06111178766429e-13,3.06111178766429e-13,det2,computed_linefit,35.3232737515324,188.63716360211583,0.0474817679976578,155.56034842947128,155.56034842947128,,,,,23,"(0, 100]",2019
157.0686626310619,-142.10607637300802,2731.7134087995946,467.7958149140868,1.7053025658242404e-13,1.7053025658242404e-13,det2,computed_linefit,19.79888180510301,45.6342905673564,0.1733763872424858,175.7913415903073,175.7913415903073,13.481487273961593,7.961843258798713,164.53392051413527,0.0314534764997121,88,"(0, 100]",2019
169.3862068082862,41.65580510821096,4196.299488762869,498.90524106832527,2.049518613753201e-13,2.049518613753201e-13,det2,computed_linefit,3.7532188244274622,215.13654962683788,0.2960289416002569,173.10213206204867,173.10213206204867,14.173737815939797,12.087370507891457,172.58100731134655,0.1466152793795611,18,"(0, 100]",2019
151.5359697124604,-171.29551513834835,2600.344884286481,467.3241933151125,2.7847474288855413e-13,2.7847474288855413e-13,det2,computed_linefit,28.864377049479916,10.892145081472124,0.2369313111434892,178.87692577381995,178.87692577381995,2.4599386118176456,1.3161698921518894,176.77060469452132,0.1241746272264938,33,"(0, 100]",2019
151.90285314466436,0.7246660379161263,2449.404798918757,476.6718870881947,4.0194366942304643e-13,4.0194366942304643e-13,det2,computed_linefit,160.0783492983935,197.9631349933125,0.0545135751651053,47.46073025106005,47.46073025106005,,,,,9,"(0, 100]",2019
132.71140236781756,-49.71068990422618,4400.438247313989,507.003807442512,4.98798976161204e-13,4.98798976161204e-13,det2,computed_linefit,51.26603998681159,134.2020636751046,0.1820634815150189,175.04009059089387,175.04009059089387,9.404554772082031,6.82762102791205,165.65621517815742,0.1344653388122677,39,"(0, 100]",2019
135.33840333045728,88.02130893663191,3275.182026879791,438.4122722688758,1.1368683772161605e-13,1.1368683772161605e-13,det2,computed_linefit,76.80631043088253,287.77575359322395,0.0753867501467183,143.74877909798906,143.74877909798906,,,,,48,"(0, 100]",2019
145.89253555115653,39.184233277668206,3807.704974583263,420.98714536117575,2.049518613753201e-13,2.049518613753201e-13,det2,computed_linefit,127.50391103744327,204.9259925651725,0.0730026624677333,85.81668556152648,85.81668556152648,,,,,14,"(0, 100]",2019
139.46801928786556,-105.87531051441862,7367.861008630465,419.9676867416373,4.099037227506402e-13,4.099037227506402e-13,det2,computed_linefit,40.83205554353383,76.18315543131386,0.2773942988267148,178.6250719336216,178.6250719336216,15.396885884299945,22.28479121739414,163.48686463323656,0.0588635974424614,63,"(0, 100]",2019
131.4028017661256,-101.98714209171746,2415.71769577648,397.8619089475645,4.687428401686771e-13,4.687428401686771e-13,det2,computed_linefit,49.45213302215635,78.44966881338479,0.262157388984533,179.08366639462818,179.08366639462818,3.077465466710012,5.933512411459093,176.04463095238404,0.1718112290936954,62,"(0, 100]",2019
138.60060739482444,21.11602548547745,4059.731781957808,402.3128042361903,3.26540580689313e-13,3.26540580689313e-13,det2,computed_linefit,131.8836952788067,301.5625271636637,0.0299788214595488,53.83841550929274,53.83841550929274,,,,,13,"(0, 100]",2019
138.7206143592387,110.9291858057887,2175.3582097148874,490.5486300949785,4.823324033076558e-13,4.823324033076558e-13,det2,computed_linefit,80.22439317913116,242.931170036756,0.0499680111740562,124.23932335579237,124.23932335579237,,,,,39,"(0, 100]",2019
133.54914503438874,107.49484257949784,1590.126754452379,480.6085371327802,3.26540580689313e-13,3.26540580689313e-13,det2,computed_linefit,63.617365883046745,309.04327878658864,0.1287515231605283,155.51504525445165,155.51504525445165,105.93216944781037,121.8151138974051,54.23723230264103,0.0652547673697703,9,"(0, 100]",2019
135.3611300769448,170.9862071118429,2451.682176369165,459.5284148418481,3.06111178766429e-13,3.06111178766429e-13,det2,computed_linefit,48.54906167802644,356.29377156018904,0.2424560304382498,174.51076294301856,174.51076294301856,10.259161061809332,19.20283730951149,165.25917318015354,0.0951699721344357,22,"(0, 100]",2019
133.3143401853143,127.72298568255096,2612.155175837351,506.0186863349154,3.215549355384372e-13,3.215549355384372e-13,det2,computed_linefit,69.53207557009749,249.21014610443927,0.0715815682890683,126.57839119631215,126.57839119631215,,,,,19,"(0, 100]",2019
138.48328497856346,-47.7732393511026,2462.7957856526155,507.4455146899908,4.98798976161204e-13,4.98798976161204e-13,det2,computed_linefit,38.594363018042976,157.79206104904551,0.1081476838773275,163.37890861211017,163.37890861211017,30.598849638767184,26.112771126793152,134.69603969598808,0.0561226185614078,20,"(0, 100]",2019
137.06460063583202,109.62358849827484,4457.559061330584,487.361783526254,1.2710574864626038e-13,1.2710574864626038e-13,det2,computed_linefit,66.85864494261862,134.34949386758188,0.0265963432001795,73.66729912680988,73.66729912680988,,,,,6,"(0, 100]",2019
140.12613015133013,-167.2500899877178,6221.257698833678,424.1096646039411,3.06111178766429e-13,3.06111178766429e-13,det2,computed_linefit,38.417542632689646,9.565538103655436,0.2523146338404343,177.5180099930025,177.5180099930025,3.234838838603596,2.299367612412655,178.49544768648943,0.1642911145528133,102,"(0, 100]",2019
143.30802981730952,122.794594665352,4185.107490866721,504.217737987047,1.1368683772161605e-13,1.1368683772161605e-13,det2,computed_linefit,100.21530657183024,269.56080351644385,0.0287196649323117,110.46615277171968,110.46615277171968,,,,,35,"(0, 100]",2019
153.49831265381215,165.57758905158292,2328.7590775540266,493.31524339715264,2.542114972925208e-13,2.542114972925208e-13,det2,computed_linefit,26.529120194684086,345.1477911526927,0.2851136667404523,179.80617097736635,179.80617097736635,3.0754101565844065,18.459865880868808,176.8219979874962,0.1202596404756083,36,"(0, 100]",2019
153.2580825472548,114.6006018691344,2856.453784767999,501.9530145355391,3.215549355384372e-13,3.215549355384372e-13,det2,computed_linefit,53.11943052697556,290.6486351375472,0.1307645616983547,153.51232895499993,153.51232895499993,35.14590005741879,40.84219041961003,119.0108612489538,0.1075834205151464,30,"(0, 100]",2019
130.8035378539513,-33.496269035789986,3507.6421240009504,500.5277317881303,3.4576501834057014e-13,3.4576501834057014e-13,det2,computed_linefit,40.19615261438688,128.9731900542388,0.1736454953204246,164.7959246267187,164.7959246267187,139.02465637866658,14.41839471203658,31.508881005264165,0.0150462609484654,7,"(0, 100]",2019
